2025-12-11T15:16:40.534422500255-15:16:40 **** Build of project system_wrapper ****
000-buildplatform.bat 8288 system_wrapper  
000-XSDB Server Channel: tcfchan#9
000-Building the zynq_fsbl application.
000-make: Entering directory 'C:/Users/saber/Desktop/share/DanDike_NewBoard/vitis1/system_wrapper/zynq_fsbl/zynq_fsbl_bsp'
000-
000-make --no-print-directory seq_libs
000-
000-"Running Make include in ps7_cortexa9_1/libsrc/axicdma_v4_8/src"
000-
000-make -C ps7_cortexa9_1/libsrc/axicdma_v4_8/src -s include  "SHELL=CMD" "COMPILER=arm-none-eabi-gcc" "ASSEMBLER=arm-none-eabi-as
000-" "ARCHIVER=arm-none-eabi-ar" "COMPILER_FLAGS=  -O2 -c" "EXTRA_COMPILER_FLAGS=-mcpu=cortex-a9 -mfpu=vfpv3 -mfloat-abi=hard -nos
000-tartfiles -g -Wall -Wextra"
000-
000-"Running Make include in ps7_cortexa9_1/libsrc/axidma_v9_12/src"
000-
000-make -C ps7_cortexa9_1/libsrc/axidma_v9_12/src -s include  "SHELL=CMD" "COMPILER=arm-none-eabi-gcc" "ASSEMBLER=arm-none-eabi-as
000-" "ARCHIVER=arm-none-eabi-ar" "COMPILER_FLAGS=  -O2 -c" "EXTRA_COMPILER_FLAGS=-mcpu=cortex-a9 -mfpu=vfpv3 -mfloat-abi=hard -nos
000-tartfiles -g -Wall -Wextra"
000-
000-"Running Make include in ps7_cortexa9_1/libsrc/axivdma_v6_8/src"
000-
000-make -C ps7_cortexa9_1/libsrc/axivdma_v6_8/src -s include  "SHELL=CMD" "COMPILER=arm-none-eabi-gcc" "ASSEMBLER=arm-none-eabi-as
000-" "ARCHIVER=arm-none-eabi-ar" "COMPILER_FLAGS=  -O2 -c" "EXTRA_COMPILER_FLAGS=-mcpu=cortex-a9 -mfpu=vfpv3 -mfloat-abi=hard -nos
000-tartfiles -g -Wall -Wextra"
000-
000-"Running Make include in ps7_cortexa9_1/libsrc/clk_wiz_v1_4/src"
000-
000-make -C ps7_cortexa9_1/libsrc/clk_wiz_v1_4/src -s include  "SHELL=CMD" "COMPILER=arm-none-eabi-gcc" "ASSEMBLER=arm-none-eabi-as
000-" "ARCHIVER=arm-none-eabi-ar" "COMPILER_FLAGS=  -O2 -c" "EXTRA_COMPILER_FLAGS=-mcpu=cortex-a9 -mfpu=vfpv3 -mfloat-abi=hard -nos
000-tartfiles -g -Wall -Wextra"
000-
000-"Running Make include in ps7_cortexa9_1/libsrc/coder_v1_0/src"
000-
000-make -C ps7_cortexa9_1/libsrc/coder_v1_0/src -s include  "SHELL=CMD" "COMPILER=arm-none-eabi-gcc" "ASSEMBLER=arm-none-eabi-as" 
000-"ARCHIVER=arm-none-eabi-ar" "COMPILER_FLAGS=  -O2 -c" "EXTRA_COMPILER_FLAGS=-mcpu=cortex-a9 -mfpu=vfpv3 -mfloat-abi=hard -nosta
000-rtfiles -g -Wall -Wextra"
000-
000-"Running Make include in ps7_cortexa9_1/libsrc/coresightps_dcc_v1_8/src"
000-
000-make -C ps7_cortexa9_1/libsrc/coresightps_dcc_v1_8/src -s include  "SHELL=CMD" "COMPILER=arm-none-eabi-gcc" "ASSEMBLER=arm-none
000--eabi-as" "ARCHIVER=arm-none-eabi-ar" "COMPILER_FLAGS=  -O2 -c" "EXTRA_COMPILER_FLAGS=-mcpu=cortex-a9 -mfpu=vfpv3 -mfloat-abi=h
000-ard -nostartfiles -g -Wall -Wextra"
000-
000-"Running Make include in ps7_cortexa9_1/libsrc/cpu_cortexa9_v2_10/src"
000-
000-make -C ps7_cortexa9_1/libsrc/cpu_cortexa9_v2_10/src -s include  "SHELL=CMD" "COMPILER=arm-none-eabi-gcc" "ASSEMBLER=arm-none-e
000-abi-as" "ARCHIVER=arm-none-eabi-ar" "COMPILER_FLAGS=  -O2 -c" "EXTRA_COMPILER_FLAGS=-mcpu=cortex-a9 -mfpu=vfpv3 -mfloat-abi=har
000-d -nostartfiles -g -Wall -Wextra"
000-
000-"Running Make include in ps7_cortexa9_1/libsrc/ddrps_v1_2/src"
000-
000-make -C ps7_cortexa9_1/libsrc/ddrps_v1_2/src -s include  "SHELL=CMD" "COMPILER=arm-none-eabi-gcc" "ASSEMBLER=arm-none-eabi-as" 
000-"ARCHIVER=arm-none-eabi-ar" "COMPILER_FLAGS=  -O2 -c" "EXTRA_COMPILER_FLAGS=-mcpu=cortex-a9 -mfpu=vfpv3 -mfloat-abi=hard -nosta
000-rtfiles -g -Wall -Wextra"
000-
000-"Running Make include in ps7_cortexa9_1/libsrc/devcfg_v3_7/src"
000-
000-make -C ps7_cortexa9_1/libsrc/devcfg_v3_7/src -s include  "SHELL=CMD" "COMPILER=arm-none-eabi-gcc" "ASSEMBLER=arm-none-eabi-as"
000- "ARCHIVER=arm-none-eabi-ar" "COMPILER_FLAGS=  -O2 -c" "EXTRA_COMPILER_FLAGS=-mcpu=cortex-a9 -mfpu=vfpv3 -mfloat-abi=hard -nost
000-artfiles -g -Wall -Wextra"
000-
000-"Running Make include in ps7_cortexa9_1/libsrc/dmaps_v2_7/src"
000-
000-make -C ps7_cortexa9_1/libsrc/dmaps_v2_7/src -s include  "SHELL=CMD" "COMPILER=arm-none-eabi-gcc" "ASSEMBLER=arm-none-eabi-as" 
000-"ARCHIVER=arm-none-eabi-ar" "COMPILER_FLAGS=  -O2 -c" "EXTRA_COMPILER_FLAGS=-mcpu=cortex-a9 -mfpu=vfpv3 -mfloat-abi=hard -nosta
000-rtfiles -g -Wall -Wextra"
000-
000-"Running Make include in ps7_cortexa9_1/libsrc/emacps_v3_12/src"
000-
000-make -C ps7_cortexa9_1/libsrc/emacps_v3_12/src -s include  "SHELL=CMD" "COMPILER=arm-none-eabi-gcc" "ASSEMBLER=arm-none-eabi-as
000-" "ARCHIVER=arm-none-eabi-ar" "COMPILER_FLAGS=  -O2 -c" "EXTRA_COMPILER_FLAGS=-mcpu=cortex-a9 -mfpu=vfpv3 -mfloat-abi=hard -nos
000-tartfiles -g -Wall -Wextra"
000-
000-"Running Make include in ps7_cortexa9_1/libsrc/gpiops_v3_8/src"
000-
000-make -C ps7_cortexa9_1/libsrc/gpiops_v3_8/src -s include  "SHELL=CMD" "COMPILER=arm-none-eabi-gcc" "ASSEMBLER=arm-none-eabi-as"
000- "ARCHIVER=arm-none-eabi-ar" "COMPILER_FLAGS=  -O2 -c" "EXTRA_COMPILER_FLAGS=-mcpu=cortex-a9 -mfpu=vfpv3 -mfloat-abi=hard -nost
000-artfiles -g -Wall -Wextra"
000-
000-"Running Make include in ps7_cortexa9_1/libsrc/gpio_v4_7/src"
000-
000-make -C ps7_cortexa9_1/libsrc/gpio_v4_7/src -s include  "SHELL=CMD" "COMPILER=arm-none-eabi-gcc" "ASSEMBLER=arm-none-eabi-as" "
000-ARCHIVER=arm-none-eabi-ar" "COMPILER_FLAGS=  -O2 -c" "EXTRA_COMPILER_FLAGS=-mcpu=cortex-a9 -mfpu=vfpv3 -mfloat-abi=hard -nostar
000-tfiles -g -Wall -Wextra"
000-
000-"Running Make include in ps7_cortexa9_1/libsrc/iicps_v3_12/src"
000-
000-make -C ps7_cortexa9_1/libsrc/iicps_v3_12/src -s include  "SHELL=CMD" "COMPILER=arm-none-eabi-gcc" "ASSEMBLER=arm-none-eabi-as"
000- "ARCHIVER=arm-none-eabi-ar" "COMPILER_FLAGS=  -O2 -c" "EXTRA_COMPILER_FLAGS=-mcpu=cortex-a9 -mfpu=vfpv3 -mfloat-abi=hard -nost
000-artfiles -g -Wall -Wextra"
000-
000-"Running Make include in ps7_cortexa9_1/libsrc/iic_v3_7/src"
000-
000-make -C ps7_cortexa9_1/libsrc/iic_v3_7/src -s include  "SHELL=CMD" "COMPILER=arm-none-eabi-gcc" "ASSEMBLER=arm-none-eabi-as" "A
000-RCHIVER=arm-none-eabi-ar" "COMPILER_FLAGS=  -O2 -c" "EXTRA_COMPILER_FLAGS=-mcpu=cortex-a9 -mfpu=vfpv3 -mfloat-abi=hard -nostart
000-files -g -Wall -Wextra"
000-
000-"Running Make include in ps7_cortexa9_1/libsrc/intc_v3_12/src"
000-
000-make -C ps7_cortexa9_1/libsrc/intc_v3_12/src -s include  "SHELL=CMD" "COMPILER=arm-none-eabi-gcc" "ASSEMBLER=arm-none-eabi-as" 
000-"ARCHIVER=arm-none-eabi-ar" "COMPILER_FLAGS=  -O2 -c" "EXTRA_COMPILER_FLAGS=-mcpu=cortex-a9 -mfpu=vfpv3 -mfloat-abi=hard -nosta
000-rtfiles -g -Wall -Wextra"
000-
000-"Running Make include in ps7_cortexa9_1/libsrc/PWM_v1_0/src"
000-
000-make -C ps7_cortexa9_1/libsrc/PWM_v1_0/src -s include  "SHELL=CMD" "COMPILER=arm-none-eabi-gcc" "ASSEMBLER=arm-none-eabi-as" "A
000-RCHIVER=arm-none-eabi-ar" "COMPILER_FLAGS=  -O2 -c" "EXTRA_COMPILER_FLAGS=-mcpu=cortex-a9 -mfpu=vfpv3 -mfloat-abi=hard -nostart
000-files -g -Wall -Wextra"
000-
000-"Running Make include in ps7_cortexa9_1/libsrc/qspips_v3_8/src"
000-
000-make -C ps7_cortexa9_1/libsrc/qspips_v3_8/src -s include  "SHELL=CMD" "COMPILER=arm-none-eabi-gcc" "ASSEMBLER=arm-none-eabi-as"
000- "ARCHIVER=arm-none-eabi-ar" "COMPILER_FLAGS=  -O2 -c" "EXTRA_COMPILER_FLAGS=-mcpu=cortex-a9 -mfpu=vfpv3 -mfloat-abi=hard -nost
000-artfiles -g -Wall -Wextra"
000-
000-"Running Make include in ps7_cortexa9_1/libsrc/scugic_v4_3/src"
000-
000-make -C ps7_cortexa9_1/libsrc/scugic_v4_3/src -s include  "SHELL=CMD" "COMPILER=arm-none-eabi-gcc" "ASSEMBLER=arm-none-eabi-as"
000- "ARCHIVER=arm-none-eabi-ar" "COMPILER_FLAGS=  -O2 -c" "EXTRA_COMPILER_FLAGS=-mcpu=cortex-a9 -mfpu=vfpv3 -mfloat-abi=hard -nost
000-artfiles -g -Wall -Wextra"
000-
000-"Running Make include in ps7_cortexa9_1/libsrc/scutimer_v2_3/src"
000-
000-make -C ps7_cortexa9_1/libsrc/scutimer_v2_3/src -s include  "SHELL=CMD" "COMPILER=arm-none-eabi-gcc" "ASSEMBLER=arm-none-eabi-a
000-s" "ARCHIVER=arm-none-eabi-ar" "COMPILER_FLAGS=  -O2 -c" "EXTRA_COMPILER_FLAGS=-mcpu=cortex-a9 -mfpu=vfpv3 -mfloat-abi=hard -no
000-startfiles -g -Wall -Wextra"
000-
000-"Running Make include in ps7_cortexa9_1/libsrc/scuwdt_v2_3/src"
000-
000-make -C ps7_cortexa9_1/libsrc/scuwdt_v2_3/src -s include  "SHELL=CMD" "COMPILER=arm-none-eabi-gcc" "ASSEMBLER=arm-none-eabi-as"
000- "ARCHIVER=arm-none-eabi-ar" "COMPILER_FLAGS=  -O2 -c" "EXTRA_COMPILER_FLAGS=-mcpu=cortex-a9 -mfpu=vfpv3 -mfloat-abi=hard -nost
000-artfiles -g -Wall -Wextra"
000-
000-"Running Make include in ps7_cortexa9_1/libsrc/sdps_v3_10/src"
000-
000-make -C ps7_cortexa9_1/libsrc/sdps_v3_10/src -s include  "SHELL=CMD" "COMPILER=arm-none-eabi-gcc" "ASSEMBLER=arm-none-eabi-as" 
000-"ARCHIVER=arm-none-eabi-ar" "COMPILER_FLAGS=  -O2 -c" "EXTRA_COMPILER_FLAGS=-mcpu=cortex-a9 -mfpu=vfpv3 -mfloat-abi=hard -nosta
000-rtfiles -g -Wall -Wextra"
000-
000-"Running Make include in ps7_cortexa9_1/libsrc/standalone_v7_3/src"
000-
000-make -C ps7_cortexa9_1/libsrc/standalone_v7_3/src -s include  "SHELL=CMD" "COMPILER=arm-none-eabi-gcc" "ASSEMBLER=arm-none-eabi
000--as" "ARCHIVER=arm-none-eabi-ar" "COMPILER_FLAGS=  -O2 -c" "EXTRA_COMPILER_FLAGS=-mcpu=cortex-a9 -mfpu=vfpv3 -mfloat-abi=hard -
000-nostartfiles -g -Wall -Wextra"
000-
000-"Running Make include in ps7_cortexa9_1/libsrc/ttcps_v3_12/src"
000-
000-make -C ps7_cortexa9_1/libsrc/ttcps_v3_12/src -s include  "SHELL=CMD" "COMPILER=arm-none-eabi-gcc" "ASSEMBLER=arm-none-eabi-as"
000- "ARCHIVER=arm-none-eabi-ar" "COMPILER_FLAGS=  -O2 -c" "EXTRA_COMPILER_FLAGS=-mcpu=cortex-a9 -mfpu=vfpv3 -mfloat-abi=hard -nost
000-artfiles -g -Wall -Wextra"
000-
000-"Running Make include in ps7_cortexa9_1/libsrc/uartlite_v3_5/src"
000-
000-make -C ps7_cortexa9_1/libsrc/uartlite_v3_5/src -s include  "SHELL=CMD" "COMPILER=arm-none-eabi-gcc" "ASSEMBLER=arm-none-eabi-a
000-s" "ARCHIVER=arm-none-eabi-ar" "COMPILER_FLAGS=  -O2 -c" "EXTRA_COMPILER_FLAGS=-mcpu=cortex-a9 -mfpu=vfpv3 -mfloat-abi=hard -no
000-startfiles -g -Wall -Wextra"
000-
000-"Running Make include in ps7_cortexa9_1/libsrc/uartps_v3_10/src"
000-
000-make -C ps7_cortexa9_1/libsrc/uartps_v3_10/src -s include  "SHELL=CMD" "COMPILER=arm-none-eabi-gcc" "ASSEMBLER=arm-none-eabi-as
000-" "ARCHIVER=arm-none-eabi-ar" "COMPILER_FLAGS=  -O2 -c" "EXTRA_COMPILER_FLAGS=-mcpu=cortex-a9 -mfpu=vfpv3 -mfloat-abi=hard -nos
000-tartfiles -g -Wall -Wextra"
000-
000-"Running Make include in ps7_cortexa9_1/libsrc/usbps_v2_6/src"
000-
000-make -C ps7_cortexa9_1/libsrc/usbps_v2_6/src -s include  "SHELL=CMD" "COMPILER=arm-none-eabi-gcc" "ASSEMBLER=arm-none-eabi-as" 
000-"ARCHIVER=arm-none-eabi-ar" "COMPILER_FLAGS=  -O2 -c" "EXTRA_COMPILER_FLAGS=-mcpu=cortex-a9 -mfpu=vfpv3 -mfloat-abi=hard -nosta
000-rtfiles -g -Wall -Wextra"
000-
000-"Running Make include in ps7_cortexa9_1/libsrc/vtc_v8_3/src"
000-
000-make -C ps7_cortexa9_1/libsrc/vtc_v8_3/src -s include  "SHELL=CMD" "COMPILER=arm-none-eabi-gcc" "ASSEMBLER=arm-none-eabi-as" "A
000-RCHIVER=arm-none-eabi-ar" "COMPILER_FLAGS=  -O2 -c" "EXTRA_COMPILER_FLAGS=-mcpu=cortex-a9 -mfpu=vfpv3 -mfloat-abi=hard -nostart
000-files -g -Wall -Wextra"
000-
000-"Running Make include in ps7_cortexa9_1/libsrc/xadcps_v2_5/src"
000-
000-make -C ps7_cortexa9_1/libsrc/xadcps_v2_5/src -s include  "SHELL=CMD" "COMPILER=arm-none-eabi-gcc" "ASSEMBLER=arm-none-eabi-as"
000- "ARCHIVER=arm-none-eabi-ar" "COMPILER_FLAGS=  -O2 -c" "EXTRA_COMPILER_FLAGS=-mcpu=cortex-a9 -mfpu=vfpv3 -mfloat-abi=hard -nost
000-artfiles -g -Wall -Wextra"
000-
000-"Running Make include in ps7_cortexa9_1/libsrc/xilffs_v4_4/src"
000-
000-make -C ps7_cortexa9_1/libsrc/xilffs_v4_4/src -s include  "SHELL=CMD" "COMPILER=arm-none-eabi-gcc" "ASSEMBLER=arm-none-eabi-as"
000- "ARCHIVER=arm-none-eabi-ar" "COMPILER_FLAGS=  -O2 -c" "EXTRA_COMPILER_FLAGS=-mcpu=cortex-a9 -mfpu=vfpv3 -mfloat-abi=hard -nost
000-artfiles -g -Wall -Wextra"
000-
000-"Running Make include in ps7_cortexa9_1/libsrc/xilrsa_v1_6/src"
000-
000-make -C ps7_cortexa9_1/libsrc/xilrsa_v1_6/src -s include  "SHELL=CMD" "COMPILER=arm-none-eabi-gcc" "ASSEMBLER=arm-none-eabi-as"
000- "ARCHIVER=arm-none-eabi-ar" "COMPILER_FLAGS=  -O2 -c" "EXTRA_COMPILER_FLAGS=-mcpu=cortex-a9 -mfpu=vfpv3 -mfloat-abi=hard -nost
000-artfiles -g -Wall -Wextra"
000-
000-"Running Make libs in ps7_cortexa9_1/libsrc/coder_v1_0/src"
000-
000-make -C ps7_cortexa9_1/libsrc/coder_v1_0/src -s libs  "SHELL=CMD" "COMPILER=arm-none-eabi-gcc" "ASSEMBLER=arm-none-eabi-as" "AR
000-CHIVER=arm-none-eabi-ar" "COMPILER_FLAGS=  -O2 -c" "EXTRA_COMPILER_FLAGS=-mcpu=cortex-a9 -mfpu=vfpv3 -mfloat-abi=hard -nostartf
000-iles -g -Wall -Wextra"
000-
000-"Compiling coder..."
000-
000-coder_selftest.c: In function 'CODER_Reg_SelfTest':
000/system_wrapper52-1-1comparison of integer expressions of different signedness: 'u32' {aka 'long unsigned int'} and 'int' [-Wsign-compare]1-coder_selftest.c:52:54: warning: comparison of integer expressions of different signedness: 'u32' {aka 'long unsigned int'} and 'int' [-Wsign-compare]
000-   52 |    if ( CODER_mReadReg (baseaddr, read_loop_index*4) != (read_loop_index+1)*READ_WRITE_MUL_FACTOR){
000-      |                                                      ^~
000/system_wrapper36-1-1unused variable 'Index' [-Wunused-variable]1-coder_selftest.c:36:6: warning: unused variable 'Index' [-Wunused-variable]
000-   36 |  int Index;
000-      |      ^~~~~
000-arm-none-eabi-ar: creating ../../../lib/libxil.a
000-"Running Make libs in ps7_cortexa9_1/libsrc/PWM_v1_0/src"
000-
000-make -C ps7_cortexa9_1/libsrc/PWM_v1_0/src -s libs  "SHELL=CMD" "COMPILER=arm-none-eabi-gcc" "ASSEMBLER=arm-none-eabi-as" "ARCH
000-IVER=arm-none-eabi-ar" "COMPILER_FLAGS=  -O2 -c" "EXTRA_COMPILER_FLAGS=-mcpu=cortex-a9 -mfpu=vfpv3 -mfloat-abi=hard -nostartfil
000-es -g -Wall -Wextra"
000-
000-"Compiling PWM..."
000-
000-PWM_selftest.c: In function 'PWM_Reg_SelfTest':
000/system_wrapper52-1-1comparison of integer expressions of different signedness: 'u32' {aka 'long unsigned int'} and 'int' [-Wsign-compare]1-PWM_selftest.c:52:52: warning: comparison of integer expressions of different signedness: 'u32' {aka 'long unsigned int'} and 'int' [-Wsign-compare]
000-   52 |    if ( PWM_mReadReg (baseaddr, read_loop_index*4) != (read_loop_index+1)*READ_WRITE_MUL_FACTOR){
000-      |                                                    ^~
000/system_wrapper36-1-1unused variable 'Index' [-Wunused-variable]1-PWM_selftest.c:36:6: warning: unused variable 'Index' [-Wunused-variable]
000-   36 |  int Index;
000-      |      ^~~~~
000-"Running Make libs in ps7_cortexa9_1/libsrc/xilrsa_v1_6/src"
000-
000-make -C ps7_cortexa9_1/libsrc/xilrsa_v1_6/src -s libs  "SHELL=CMD" "COMPILER=arm-none-eabi-gcc" "ASSEMBLER=arm-none-eabi-as" "A
000-RCHIVER=arm-none-eabi-ar" "COMPILER_FLAGS=  -O2 -c" "EXTRA_COMPILER_FLAGS=-mcpu=cortex-a9 -mfpu=vfpv3 -mfloat-abi=hard -nostart
000-files -g -Wall -Wextra"
000-
000-'Finished building libraries sequentially.'
000-
000-make -j --no-print-directory par_libs
000-
000-"Running Make include in ps7_cortexa9_1/libsrc/axicdma_v4_8/src"
000-
000-make -C ps7_cortexa9_1/libsrc/axicdma_v4_8/src -s include  "SHELL=CMD" "COMPILER=arm-none-eabi-gcc" "ASSEMBLER=arm-none-eabi-as
000-" "ARCHIVER=arm-none-eabi-ar" "COMPILER_FLAGS=  -O2 -c" "EXTRA_COMPILER_FLAGS=-mcpu=cortex-a9 -mfpu=vfpv3 -mfloat-abi=hard -nos
000-tartfiles -g -Wall -Wextra"
000-
000-"Running Make include in ps7_cortexa9_1/libsrc/axidma_v9_12/src"
000-
000-make -C ps7_cortexa9_1/libsrc/axidma_v9_12/src -s include  "SHELL=CMD" "COMPILER=arm-none-eabi-gcc" "ASSEMBLER=arm-none-eabi-as
000-" "ARCHIVER=arm-none-eabi-ar" "COMPILER_FLAGS=  -O2 -c" "EXTRA_COMPILER_FLAGS=-mcpu=cortex-a9 -mfpu=vfpv3 -mfloat-abi=hard -nos
000-tartfiles -g -Wall -Wextra"
000-
000-"Running Make include in ps7_cortexa9_1/libsrc/axivdma_v6_8/src"
000-
000-make -C ps7_cortexa9_1/libsrc/axivdma_v6_8/src -s include  "SHELL=CMD" "COMPILER=arm-none-eabi-gcc" "ASSEMBLER=arm-none-eabi-as
000-" "ARCHIVER=arm-none-eabi-ar" "COMPILER_FLAGS=  -O2 -c" "EXTRA_COMPILER_FLAGS=-mcpu=cortex-a9 -mfpu=vfpv3 -mfloat-abi=hard -nos
000-tartfiles -g -Wall -Wextra"
000-
000-"Running Make include in ps7_cortexa9_1/libsrc/clk_wiz_v1_4/src"
000-
000-make -C ps7_cortexa9_1/libsrc/clk_wiz_v1_4/src -s include  "SHELL=CMD" "COMPILER=arm-none-eabi-gcc" "ASSEMBLER=arm-none-eabi-as
000-" "ARCHIVER=arm-none-eabi-ar" "COMPILER_FLAGS=  -O2 -c" "EXTRA_COMPILER_FLAGS=-mcpu=cortex-a9 -mfpu=vfpv3 -mfloat-abi=hard -nos
000-tartfiles -g -Wall -Wextra"
000-
000-"Running Make include in ps7_cortexa9_1/libsrc/coder_v1_0/src"
000-
000-make -C ps7_cortexa9_1/libsrc/coder_v1_0/src -s include  "SHELL=CMD" "COMPILER=arm-none-eabi-gcc" "ASSEMBLER=arm-none-eabi-as" 
000-"ARCHIVER=arm-none-eabi-ar" "COMPILER_FLAGS=  -O2 -c" "EXTRA_COMPILER_FLAGS=-mcpu=cortex-a9 -mfpu=vfpv3 -mfloat-abi=hard -nosta
000-rtfiles -g -Wall -Wextra"
000-
000-"Running Make include in ps7_cortexa9_1/libsrc/coresightps_dcc_v1_8/src"
000-
000-make -C ps7_cortexa9_1/libsrc/coresightps_dcc_v1_8/src -s include  "SHELL=CMD" "COMPILER=arm-none-eabi-gcc" "ASSEMBLER=arm-none
000--eabi-as" "ARCHIVER=arm-none-eabi-ar" "COMPILER_FLAGS=  -O2 -c" "EXTRA_COMPILER_FLAGS=-mcpu=cortex-a9 -mfpu=vfpv3 -mfloat-abi=h
000-ard -nostartfiles -g -Wall -Wextra"
000-
000-"Running Make include in ps7_cortexa9_1/libsrc/cpu_cortexa9_v2_10/src"
000-
000-make -C ps7_cortexa9_1/libsrc/cpu_cortexa9_v2_10/src -s include  "SHELL=CMD" "COMPILER=arm-none-eabi-gcc" "ASSEMBLER=arm-none-e
000-abi-as" "ARCHIVER=arm-none-eabi-ar" "COMPILER_FLAGS=  -O2 -c" "EXTRA_COMPILER_FLAGS=-mcpu=cortex-a9 -mfpu=vfpv3 -mfloat-abi=har
000-d -nostartfiles -g -Wall -Wextra"
000-
000-"Running Make include in ps7_cortexa9_1/libsrc/ddrps_v1_2/src"
000-
000-make -C ps7_cortexa9_1/libsrc/ddrps_v1_2/src -s include  "SHELL=CMD" "COMPILER=arm-none-eabi-gcc" "ASSEMBLER=arm-none-eabi-as" 
000-"ARCHIVER=arm-none-eabi-ar" "COMPILER_FLAGS=  -O2 -c" "EXTRA_COMPILER_FLAGS=-mcpu=cortex-a9 -mfpu=vfpv3 -mfloat-abi=hard -nosta
000-rtfiles -g -Wall -Wextra"
000-
000-"Running Make include in ps7_cortexa9_1/libsrc/devcfg_v3_7/src"
000-
000-make -C ps7_cortexa9_1/libsrc/devcfg_v3_7/src -s include  "SHELL=CMD" "COMPILER=arm-none-eabi-gcc" "ASSEMBLER=arm-none-eabi-as"
000- "ARCHIVER=arm-none-eabi-ar" "COMPILER_FLAGS=  -O2 -c" "EXTRA_COMPILER_FLAGS=-mcpu=cortex-a9 -mfpu=vfpv3 -mfloat-abi=hard -nost
000-artfiles -g -Wall -Wextra"
000-
000-"Running Make include in ps7_cortexa9_1/libsrc/dmaps_v2_7/src"
000-
000-make -C ps7_cortexa9_1/libsrc/dmaps_v2_7/src -s include  "SHELL=CMD" "COMPILER=arm-none-eabi-gcc" "ASSEMBLER=arm-none-eabi-as" 
000-"ARCHIVER=arm-none-eabi-ar" "COMPILER_FLAGS=  -O2 -c" "EXTRA_COMPILER_FLAGS=-mcpu=cortex-a9 -mfpu=vfpv3 -mfloat-abi=hard -nosta
000-rtfiles -g -Wall -Wextra"
000-
000-"Running Make include in ps7_cortexa9_1/libsrc/emacps_v3_12/src"
000-
000-make -C ps7_cortexa9_1/libsrc/emacps_v3_12/src -s include  "SHELL=CMD" "COMPILER=arm-none-eabi-gcc" "ASSEMBLER=arm-none-eabi-as
000-" "ARCHIVER=arm-none-eabi-ar" "COMPILER_FLAGS=  -O2 -c" "EXTRA_COMPILER_FLAGS=-mcpu=cortex-a9 -mfpu=vfpv3 -mfloat-abi=hard -nos
000-tartfiles -g -Wall -Wextra"
000-
000-"Running Make include in ps7_cortexa9_1/libsrc/gpiops_v3_8/src"
000-
000-make -C ps7_cortexa9_1/libsrc/gpiops_v3_8/src -s include  "SHELL=CMD" "COMPILER=arm-none-eabi-gcc" "ASSEMBLER=arm-none-eabi-as"
000- "ARCHIVER=arm-none-eabi-ar" "COMPILER_FLAGS=  -O2 -c" "EXTRA_COMPILER_FLAGS=-mcpu=cortex-a9 -mfpu=vfpv3 -mfloat-abi=hard -nost
000-artfiles -g -Wall -Wextra"
000-
000-"Running Make include in ps7_cortexa9_1/libsrc/gpio_v4_7/src"
000-
000-make -C ps7_cortexa9_1/libsrc/gpio_v4_7/src -s include  "SHELL=CMD" "COMPILER=arm-none-eabi-gcc" "ASSEMBLER=arm-none-eabi-as" "
000-ARCHIVER=arm-none-eabi-ar" "COMPILER_FLAGS=  -O2 -c" "EXTRA_COMPILER_FLAGS=-mcpu=cortex-a9 -mfpu=vfpv3 -mfloat-abi=hard -nostar
000-tfiles -g -Wall -Wextra"
000-
000-"Running Make include in ps7_cortexa9_1/libsrc/iicps_v3_12/src"
000-
000-make -C ps7_cortexa9_1/libsrc/iicps_v3_12/src -s include  "SHELL=CMD" "COMPILER=arm-none-eabi-gcc" "ASSEMBLER=arm-none-eabi-as"
000- "ARCHIVER=arm-none-eabi-ar" "COMPILER_FLAGS=  -O2 -c" "EXTRA_COMPILER_FLAGS=-mcpu=cortex-a9 -mfpu=vfpv3 -mfloat-abi=hard -nost
000-artfiles -g -Wall -Wextra"
000-
000-"Running Make include in ps7_cortexa9_1/libsrc/iic_v3_7/src"
000-
000-make -C ps7_cortexa9_1/libsrc/iic_v3_7/src -s include  "SHELL=CMD" "COMPILER=arm-none-eabi-gcc" "ASSEMBLER=arm-none-eabi-as" "A
000-RCHIVER=arm-none-eabi-ar" "COMPILER_FLAGS=  -O2 -c" "EXTRA_COMPILER_FLAGS=-mcpu=cortex-a9 -mfpu=vfpv3 -mfloat-abi=hard -nostart
000-files -g -Wall -Wextra"
000-
000-"Running Make include in ps7_cortexa9_1/libsrc/intc_v3_12/src"
000-
000-make -C ps7_cortexa9_1/libsrc/intc_v3_12/src -s include  "SHELL=CMD" "COMPILER=arm-none-eabi-gcc" "ASSEMBLER=arm-none-eabi-as" 
000-"ARCHIVER=arm-none-eabi-ar" "COMPILER_FLAGS=  -O2 -c" "EXTRA_COMPILER_FLAGS=-mcpu=cortex-a9 -mfpu=vfpv3 -mfloat-abi=hard -nosta
000-rtfiles -g -Wall -Wextra"
000-
000-"Running Make include in ps7_cortexa9_1/libsrc/PWM_v1_0/src"
000-
000-make -C ps7_cortexa9_1/libsrc/PWM_v1_0/src -s include  "SHELL=CMD" "COMPILER=arm-none-eabi-gcc" "ASSEMBLER=arm-none-eabi-as" "A
000-RCHIVER=arm-none-eabi-ar" "COMPILER_FLAGS=  -O2 -c" "EXTRA_COMPILER_FLAGS=-mcpu=cortex-a9 -mfpu=vfpv3 -mfloat-abi=hard -nostart
000-files -g -Wall -Wextra"
000-
000-"Running Make include in ps7_cortexa9_1/libsrc/qspips_v3_8/src"
000-
000-make -C ps7_cortexa9_1/libsrc/qspips_v3_8/src -s include  "SHELL=CMD" "COMPILER=arm-none-eabi-gcc" "ASSEMBLER=arm-none-eabi-as"
000- "ARCHIVER=arm-none-eabi-ar" "COMPILER_FLAGS=  -O2 -c" "EXTRA_COMPILER_FLAGS=-mcpu=cortex-a9 -mfpu=vfpv3 -mfloat-abi=hard -nost
000-artfiles -g -Wall -Wextra"
000-
000-"Running Make include in ps7_cortexa9_1/libsrc/scugic_v4_3/src"
000-
000-make -C ps7_cortexa9_1/libsrc/scugic_v4_3/src -s include  "SHELL=CMD" "COMPILER=arm-none-eabi-gcc" "ASSEMBLER=arm-none-eabi-as"
000- "ARCHIVER=arm-none-eabi-ar" "COMPILER_FLAGS=  -O2 -c" "EXTRA_COMPILER_FLAGS=-mcpu=cortex-a9 -mfpu=vfpv3 -mfloat-abi=hard -nost
000-artfiles -g -Wall -Wextra"
000-
000-"Running Make include in ps7_cortexa9_1/libsrc/scutimer_v2_3/src"
000-
000-make -C ps7_cortexa9_1/libsrc/scutimer_v2_3/src -s include  "SHELL=CMD" "COMPILER=arm-none-eabi-gcc" "ASSEMBLER=arm-none-eabi-a
000-s" "ARCHIVER=arm-none-eabi-ar" "COMPILER_FLAGS=  -O2 -c" "EXTRA_COMPILER_FLAGS=-mcpu=cortex-a9 -mfpu=vfpv3 -mfloat-abi=hard -no
000-startfiles -g -Wall -Wextra"
000-
000-"Running Make include in ps7_cortexa9_1/libsrc/scuwdt_v2_3/src"
000-
000-make -C ps7_cortexa9_1/libsrc/scuwdt_v2_3/src -s include  "SHELL=CMD" "COMPILER=arm-none-eabi-gcc" "ASSEMBLER=arm-none-eabi-as"
000- "ARCHIVER=arm-none-eabi-ar" "COMPILER_FLAGS=  -O2 -c" "EXTRA_COMPILER_FLAGS=-mcpu=cortex-a9 -mfpu=vfpv3 -mfloat-abi=hard -nost
000-artfiles -g -Wall -Wextra"
000-
000-"Running Make include in ps7_cortexa9_1/libsrc/sdps_v3_10/src"
000-
000-make -C ps7_cortexa9_1/libsrc/sdps_v3_10/src -s include  "SHELL=CMD" "COMPILER=arm-none-eabi-gcc" "ASSEMBLER=arm-none-eabi-as" 
000-"ARCHIVER=arm-none-eabi-ar" "COMPILER_FLAGS=  -O2 -c" "EXTRA_COMPILER_FLAGS=-mcpu=cortex-a9 -mfpu=vfpv3 -mfloat-abi=hard -nosta
000-rtfiles -g -Wall -Wextra"
000-
000-"Running Make include in ps7_cortexa9_1/libsrc/standalone_v7_3/src"
000-
000-make -C ps7_cortexa9_1/libsrc/standalone_v7_3/src -s include  "SHELL=CMD" "COMPILER=arm-none-eabi-gcc" "ASSEMBLER=arm-none-eabi
000--as" "ARCHIVER=arm-none-eabi-ar" "COMPILER_FLAGS=  -O2 -c" "EXTRA_COMPILER_FLAGS=-mcpu=cortex-a9 -mfpu=vfpv3 -mfloat-abi=hard -
000-nostartfiles -g -Wall -Wextra"
000-
000-"Running Make include in ps7_cortexa9_1/libsrc/ttcps_v3_12/src"
000-
000-make -C ps7_cortexa9_1/libsrc/ttcps_v3_12/src -s include  "SHELL=CMD" "COMPILER=arm-none-eabi-gcc" "ASSEMBLER=arm-none-eabi-as"
000- "ARCHIVER=arm-none-eabi-ar" "COMPILER_FLAGS=  -O2 -c" "EXTRA_COMPILER_FLAGS=-mcpu=cortex-a9 -mfpu=vfpv3 -mfloat-abi=hard -nost
000-artfiles -g -Wall -Wextra"
000-
000-"Running Make include in ps7_cortexa9_1/libsrc/uartlite_v3_5/src"
000-
000-make -C ps7_cortexa9_1/libsrc/uartlite_v3_5/src -s include  "SHELL=CMD" "COMPILER=arm-none-eabi-gcc" "ASSEMBLER=arm-none-eabi-a
000-s" "ARCHIVER=arm-none-eabi-ar" "COMPILER_FLAGS=  -O2 -c" "EXTRA_COMPILER_FLAGS=-mcpu=cortex-a9 -mfpu=vfpv3 -mfloat-abi=hard -no
000-startfiles -g -Wall -Wextra"
000-
000-"Running Make include in ps7_cortexa9_1/libsrc/uartps_v3_10/src"
000-
000-make -C ps7_cortexa9_1/libsrc/uartps_v3_10/src -s include  "SHELL=CMD" "COMPILER=arm-none-eabi-gcc" "ASSEMBLER=arm-none-eabi-as
000-" "ARCHIVER=arm-none-eabi-ar" "COMPILER_FLAGS=  -O2 -c" "EXTRA_COMPILER_FLAGS=-mcpu=cortex-a9 -mfpu=vfpv3 -mfloat-abi=hard -nos
000-tartfiles -g -Wall -Wextra"
000-
000-"Running Make include in ps7_cortexa9_1/libsrc/usbps_v2_6/src"
000-
000-make -C ps7_cortexa9_1/libsrc/usbps_v2_6/src -s include  "SHELL=CMD" "COMPILER=arm-none-eabi-gcc" "ASSEMBLER=arm-none-eabi-as" 
000-"ARCHIVER=arm-none-eabi-ar" "COMPILER_FLAGS=  -O2 -c" "EXTRA_COMPILER_FLAGS=-mcpu=cortex-a9 -mfpu=vfpv3 -mfloat-abi=hard -nosta
000-rtfiles -g -Wall -Wextra"
000-
000-"Running Make include in ps7_cortexa9_1/libsrc/vtc_v8_3/src"
000-
000-make -C ps7_cortexa9_1/libsrc/vtc_v8_3/src -s include  "SHELL=CMD" "COMPILER=arm-none-eabi-gcc" "ASSEMBLER=arm-none-eabi-as" "A
000-RCHIVER=arm-none-eabi-ar" "COMPILER_FLAGS=  -O2 -c" "EXTRA_COMPILER_FLAGS=-mcpu=cortex-a9 -mfpu=vfpv3 -mfloat-abi=hard -nostart
000-files -g -Wall -Wextra"
000-
000-"Running Make include in ps7_cortexa9_1/libsrc/xadcps_v2_5/src"
000-
000-make -C ps7_cortexa9_1/libsrc/xadcps_v2_5/src -s include  "SHELL=CMD" "COMPILER=arm-none-eabi-gcc" "ASSEMBLER=arm-none-eabi-as"
000- "ARCHIVER=arm-none-eabi-ar" "COMPILER_FLAGS=  -O2 -c" "EXTRA_COMPILER_FLAGS=-mcpu=cortex-a9 -mfpu=vfpv3 -mfloat-abi=hard -nost
000-artfiles -g -Wall -Wextra"
000-
000-"Running Make include in ps7_cortexa9_1/libsrc/xilffs_v4_4/src"
000-
000-make -C ps7_cortexa9_1/libsrc/xilffs_v4_4/src -s include  "SHELL=CMD" "COMPILER=arm-none-eabi-gcc" "ASSEMBLER=arm-none-eabi-as"
000- "ARCHIVER=arm-none-eabi-ar" "COMPILER_FLAGS=  -O2 -c" "EXTRA_COMPILER_FLAGS=-mcpu=cortex-a9 -mfpu=vfpv3 -mfloat-abi=hard -nost
000-artfiles -g -Wall -Wextra"
000-
000-"Running Make include in ps7_cortexa9_1/libsrc/xilrsa_v1_6/src"
000-
000-make -C ps7_cortexa9_1/libsrc/xilrsa_v1_6/src -s include  "SHELL=CMD" "COMPILER=arm-none-eabi-gcc" "ASSEMBLER=arm-none-eabi-as"
000- "ARCHIVER=arm-none-eabi-ar" "COMPILER_FLAGS=  -O2 -c" "EXTRA_COMPILER_FLAGS=-mcpu=cortex-a9 -mfpu=vfpv3 -mfloat-abi=hard -nost
000-artfiles -g -Wall -Wextra"
000-
000-"Running Make libs in ps7_cortexa9_1/libsrc/axicdma_v4_8/src"
000-
000-make -C ps7_cortexa9_1/libsrc/axicdma_v4_8/src -s libs  "SHELL=CMD" "COMPILER=arm-none-eabi-gcc" "ASSEMBLER=arm-none-eabi-as" "
000-ARCHIVER=arm-none-eabi-ar" "COMPILER_FLAGS=  -O2 -c" "EXTRA_COMPILER_FLAGS=-mcpu=cortex-a9 -mfpu=vfpv3 -mfloat-abi=hard -nostar
000-tfiles -g -Wall -Wextra"
000-
000-"Running Make libs in ps7_cortexa9_1/libsrc/axidma_v9_12/src"
000-
000-make -C ps7_cortexa9_1/libsrc/axidma_v9_12/src -s libs  "SHELL=CMD" "COMPILER=arm-none-eabi-gcc" "ASSEMBLER=arm-none-eabi-as" "
000-ARCHIVER=arm-none-eabi-ar" "COMPILER_FLAGS=  -O2 -c" "EXTRA_COMPILER_FLAGS=-mcpu=cortex-a9 -mfpu=vfpv3 -mfloat-abi=hard -nostar
000-tfiles -g -Wall -Wextra"
000-
000-"Running Make libs in ps7_cortexa9_1/libsrc/axivdma_v6_8/src"
000-
000-make -C ps7_cortexa9_1/libsrc/axivdma_v6_8/src -s libs  "SHELL=CMD" "COMPILER=arm-none-eabi-gcc" "ASSEMBLER=arm-none-eabi-as" "
000-ARCHIVER=arm-none-eabi-ar" "COMPILER_FLAGS=  -O2 -c" "EXTRA_COMPILER_FLAGS=-mcpu=cortex-a9 -mfpu=vfpv3 -mfloat-abi=hard -nostar
000-tfiles -g -Wall -Wextra"
000-
000-"Running Make libs in ps7_cortexa9_1/libsrc/clk_wiz_v1_4/src"
000-
000-make -C ps7_cortexa9_1/libsrc/clk_wiz_v1_4/src -s libs  "SHELL=CMD" "COMPILER=arm-none-eabi-gcc" "ASSEMBLER=arm-none-eabi-as" "
000-ARCHIVER=arm-none-eabi-ar" "COMPILER_FLAGS=  -O2 -c" "EXTRA_COMPILER_FLAGS=-mcpu=cortex-a9 -mfpu=vfpv3 -mfloat-abi=hard -nostar
000-tfiles -g -Wall -Wextra"
000-
000-"Running Make libs in ps7_cortexa9_1/libsrc/cpu_cortexa9_v2_10/src"
000-
000-"Running Make libs in ps7_cortexa9_1/libsrc/coresightps_dcc_v1_8/src"
000-
000-make -C ps7_cortexa9_1/libsrc/coresightps_dcc_v1_8/src -s libs  "SHELL=CMD" "COMPILER=arm-none-eabi-gcc" "ASSEMBLER=arm-none-ea
000-bi-as" "ARCHIVER=arm-none-eabi-ar" "COMPILER_FLAGS=  -O2 -c" "EXTRA_COMPILER_FLAGS=-mcpu=cortex-a9 -mfpu=vfpv3 -mfloat-abi=hard
000- -nostartfiles -g -Wall -Wextra"
000-
000-make -C ps7_cortexa9_1/libsrc/cpu_cortexa9_v2_10/src -s libs  "SHELL=CMD" "COMPILER=arm-none-eabi-gcc" "ASSEMBLER=arm-none-eabi
000--as" "ARCHIVER=arm-none-eabi-ar" "COMPILER_FLAGS=  -O2 -c" "EXTRA_COMPILER_FLAGS=-mcpu=cortex-a9 -mfpu=vfpv3 -mfloat-abi=hard -
000-nostartfiles -g -Wall -Wextra"
000-
000-"Running Make libs in ps7_cortexa9_1/libsrc/ddrps_v1_2/src"
000-
000-make -C ps7_cortexa9_1/libsrc/ddrps_v1_2/src -s libs  "SHELL=CMD" "COMPILER=arm-none-eabi-gcc" "ASSEMBLER=arm-none-eabi-as" "AR
000-CHIVER=arm-none-eabi-ar" "COMPILER_FLAGS=  -O2 -c" "EXTRA_COMPILER_FLAGS=-mcpu=cortex-a9 -mfpu=vfpv3 -mfloat-abi=hard -nostartf
000-iles -g -Wall -Wextra"
000-
000-"Running Make libs in ps7_cortexa9_1/libsrc/devcfg_v3_7/src"
000-
000-make -C ps7_cortexa9_1/libsrc/devcfg_v3_7/src -s libs  "SHELL=CMD" "COMPILER=arm-none-eabi-gcc" "ASSEMBLER=arm-none-eabi-as" "A
000-RCHIVER=arm-none-eabi-ar" "COMPILER_FLAGS=  -O2 -c" "EXTRA_COMPILER_FLAGS=-mcpu=cortex-a9 -mfpu=vfpv3 -mfloat-abi=hard -nostart
000-files -g -Wall -Wextra"
000-
000-"Running Make libs in ps7_cortexa9_1/libsrc/dmaps_v2_7/src"
000-
000-make -C ps7_cortexa9_1/libsrc/dmaps_v2_7/src -s libs  "SHELL=CMD" "COMPILER=arm-none-eabi-gcc" "ASSEMBLER=arm-none-eabi-as" "AR
000-CHIVER=arm-none-eabi-ar" "COMPILER_FLAGS=  -O2 -c" "EXTRA_COMPILER_FLAGS=-mcpu=cortex-a9 -mfpu=vfpv3 -mfloat-abi=hard -nostartf
000-iles -g -Wall -Wextra"
000-
000-"Running Make libs in ps7_cortexa9_1/libsrc/gpiops_v3_8/src"
000-
000-"Running Make libs in ps7_cortexa9_1/libsrc/gpio_v4_7/src"
000-
000-"Running Make libs in ps7_cortexa9_1/libsrc/emacps_v3_12/src"
000-
000-"Running Make libs in ps7_cortexa9_1/libsrc/qspips_v3_8/src"
000-
000-make -C ps7_cortexa9_1/libsrc/gpiops_v3_8/src -s libs  "SHELL=CMD" "COMPILER=arm-none-eabi-gcc" "ASSEMBLER=arm-none-eabi-as" "A
000-RCHIVER=arm-none-eabi-ar" "COMPILER_FLAGS=  -O2 -c" "EXTRA_COMPILER_FLAGS=-mcpu=cortex-a9 -mfpu=vfpv3 -mfloat-abi=hard -nostart
000-files -g -Wall -Wextra"
000-
000-make -C ps7_cortexa9_1/libsrc/emacps_v3_12/src -s libs  "SHELL=CMD" "COMPILER=arm-none-eabi-gcc" "ASSEMBLER=arm-none-eabi-as" "
000-ARCHIVER=arm-none-eabi-ar" "COMPILER_FLAGS=  -O2 -c" "EXTRA_COMPILER_FLAGS=-mcpu=cortex-a9 -mfpu=vfpv3 -mfloat-abi=hard -nostar
000-tfiles -g -Wall -Wextra"
000-
000-make -C ps7_cortexa9_1/libsrc/gpio_v4_7/src -s libs  "SHELL=CMD" "COMPILER=arm-none-eabi-gcc" "ASSEMBLER=arm-none-eabi-as" "ARC
000-HIVER=arm-none-eabi-ar" "COMPILER_FLAGS=  -O2 -c" "EXTRA_COMPILER_FLAGS=-mcpu=cortex-a9 -mfpu=vfpv3 -mfloat-abi=hard -nostartfi
000-les -g -Wall -Wextra"
000-
000-make -C ps7_cortexa9_1/libsrc/qspips_v3_8/src -s libs  "SHELL=CMD" "COMPILER=arm-none-eabi-gcc" "ASSEMBLER=arm-none-eabi-as" "A
000-RCHIVER=arm-none-eabi-ar" "COMPILER_FLAGS=  -O2 -c" "EXTRA_COMPILER_FLAGS=-mcpu=cortex-a9 -mfpu=vfpv3 -mfloat-abi=hard -nostart
000-files -g -Wall -Wextra"
000-
000-"Running Make libs in ps7_cortexa9_1/libsrc/iic_v3_7/src"
000-
000-make -C ps7_cortexa9_1/libsrc/iic_v3_7/src -s libs  "SHELL=CMD" "COMPILER=arm-none-eabi-gcc" "ASSEMBLER=arm-none-eabi-as" "ARCH
000-IVER=arm-none-eabi-ar" "COMPILER_FLAGS=  -O2 -c" "EXTRA_COMPILER_FLAGS=-mcpu=cortex-a9 -mfpu=vfpv3 -mfloat-abi=hard -nostartfil
000-es -g -Wall -Wextra"
000-
000-In file included from ../../../include/xstatus.h:29,
000-                 from xclk_wiz.c:35:
000-xclk_wiz.c: In function 'XClk_Wiz_SetMinErr':
000/system_wrapper111-1-1'return' with a value, in function returning void [-Wreturn-type]1-../../../include/xil_assert.h:111:16: warning: 'return' with a value, in function returning void [-Wreturn-type]
000-  111 |         return 0;                                  \
000-      |                ^
000/system_wrapper299-1-1in expansion of macro 'Xil_AssertNonvoid'0-xclk_wiz.c:299:2: note: in expansion of macro 'Xil_AssertNonvoid'
000-  299 |  Xil_AssertNonvoid(InstancePtr != NULL);
000-      |  ^~~~~~~~~~~~~~~~~
000/system_wrapper297-1-1declared here0-xclk_wiz.c:297:6: note: declared here
000-  297 | void XClk_Wiz_SetMinErr(XClk_Wiz  *InstancePtr, u64 Minerr)
000-      |      ^~~~~~~~~~~~~~~~~~
000-In file included from ../../../include/xstatus.h:29,
000-                 from xclk_wiz.c:35:
000/system_wrapper111-1-1'return' with a value, in function returning void [-Wreturn-type]1-../../../include/xil_assert.h:111:16: warning: 'return' with a value, in function returning void [-Wreturn-type]
000-  111 |         return 0;                                  \
000-      |                ^
000/system_wrapper300-1-1in expansion of macro 'Xil_AssertNonvoid'0-xclk_wiz.c:300:2: note: in expansion of macro 'Xil_AssertNonvoid'
000-  300 |  Xil_AssertNonvoid(InstancePtr->IsReady == XIL_COMPONENT_IS_READY);
000-      |  ^~~~~~~~~~~~~~~~~
000/system_wrapper297-1-1declared here0-xclk_wiz.c:297:6: note: declared here
000-  297 | void XClk_Wiz_SetMinErr(XClk_Wiz  *InstancePtr, u64 Minerr)
000-      |      ^~~~~~~~~~~~~~~~~~
000-"Running Make libs in ps7_cortexa9_1/libsrc/intc_v3_12/src"
000-
000-"Running Make libs in ps7_cortexa9_1/libsrc/iicps_v3_12/src"
000-
000-"Running Make libs in ps7_cortexa9_1/libsrc/sdps_v3_10/src"
000-
000-"Running Make libs in ps7_cortexa9_1/libsrc/standalone_v7_3/src"
000-
000-make -C ps7_cortexa9_1/libsrc/iicps_v3_12/src -s libs  "SHELL=CMD" "COMPILER=arm-none-eabi-gcc" "ASSEMBLER=arm-none-eabi-as" "A
000-RCHIVER=arm-none-eabi-ar" "COMPILER_FLAGS=  -O2 -c" "EXTRA_COMPILER_FLAGS=-mcpu=cortex-a9 -mfpu=vfpv3 -mfloat-abi=hard -nostart
000-files -g -Wall -Wextra"
000-
000-"Running Make libs in ps7_cortexa9_1/libsrc/scugic_v4_3/src"
000-
000-make -C ps7_cortexa9_1/libsrc/intc_v3_12/src -s libs  "SHELL=CMD" "COMPILER=arm-none-eabi-gcc" "ASSEMBLER=arm-none-eabi-as" "AR
000-CHIVER=arm-none-eabi-ar" "COMPILER_FLAGS=  -O2 -c" "EXTRA_COMPILER_FLAGS=-mcpu=cortex-a9 -mfpu=vfpv3 -mfloat-abi=hard -nostartf
000-iles -g -Wall -Wextra"
000-
000-"Running Make libs in ps7_cortexa9_1/libsrc/uartps_v3_10/src"
000-
000-make -C ps7_cortexa9_1/libsrc/scugic_v4_3/src -s libs  "SHELL=CMD" "COMPILER=arm-none-eabi-gcc" "ASSEMBLER=arm-none-eabi-as" "A
000-RCHIVER=arm-none-eabi-ar" "COMPILER_FLAGS=  -O2 -c" "EXTRA_COMPILER_FLAGS=-mcpu=cortex-a9 -mfpu=vfpv3 -mfloat-abi=hard -nostart
000-files -g -Wall -Wextra"
000-
000-make -C ps7_cortexa9_1/libsrc/sdps_v3_10/src -s libs  "SHELL=CMD" "COMPILER=arm-none-eabi-gcc" "ASSEMBLER=arm-none-eabi-as" "AR
000-CHIVER=arm-none-eabi-ar" "COMPILER_FLAGS=  -O2 -c" "EXTRA_COMPILER_FLAGS=-mcpu=cortex-a9 -mfpu=vfpv3 -mfloat-abi=hard -nostartf
000-iles -g -Wall -Wextra"
000-
000-make -C ps7_cortexa9_1/libsrc/standalone_v7_3/src -s libs  "SHELL=CMD" "COMPILER=arm-none-eabi-gcc" "ASSEMBLER=arm-none-eabi-as
000-" "ARCHIVER=arm-none-eabi-ar" "COMPILER_FLAGS=  -O2 -c" "EXTRA_COMPILER_FLAGS=-mcpu=cortex-a9 -mfpu=vfpv3 -mfloat-abi=hard -nos
000-tartfiles -g -Wall -Wextra"
000-
000-"Running Make libs in ps7_cortexa9_1/libsrc/scuwdt_v2_3/src"
000-
000-make -C ps7_cortexa9_1/libsrc/scuwdt_v2_3/src -s libs  "SHELL=CMD" "COMPILER=arm-none-eabi-gcc" "ASSEMBLER=arm-none-eabi-as" "A
000-RCHIVER=arm-none-eabi-ar" "COMPILER_FLAGS=  -O2 -c" "EXTRA_COMPILER_FLAGS=-mcpu=cortex-a9 -mfpu=vfpv3 -mfloat-abi=hard -nostart
000-files -g -Wall -Wextra"
000-
000-make -C ps7_cortexa9_1/libsrc/uartps_v3_10/src -s libs  "SHELL=CMD" "COMPILER=arm-none-eabi-gcc" "ASSEMBLER=arm-none-eabi-as" "
000-ARCHIVER=arm-none-eabi-ar" "COMPILER_FLAGS=  -O2 -c" "EXTRA_COMPILER_FLAGS=-mcpu=cortex-a9 -mfpu=vfpv3 -mfloat-abi=hard -nostar
000-tfiles -g -Wall -Wextra"
000-
000-"Running Make libs in ps7_cortexa9_1/libsrc/ttcps_v3_12/src"
000-
000-"Running Make libs in ps7_cortexa9_1/libsrc/vtc_v8_3/src"
000-
000-"Running Make libs in ps7_cortexa9_1/libsrc/usbps_v2_6/src"
000-
000-"Running Make libs in ps7_cortexa9_1/libsrc/xilffs_v4_4/src"
000-
000-make -C ps7_cortexa9_1/libsrc/vtc_v8_3/src -s libs  "SHELL=CMD" "COMPILER=arm-none-eabi-gcc" "ASSEMBLER=arm-none-eabi-as" "ARCH
000-IVER=arm-none-eabi-ar" "COMPILER_FLAGS=  -O2 -c" "EXTRA_COMPILER_FLAGS=-mcpu=cortex-a9 -mfpu=vfpv3 -mfloat-abi=hard -nostartfil
000-es -g -Wall -Wextra"
000-
000-"Running Make libs in ps7_cortexa9_1/libsrc/uartlite_v3_5/src"
000-
000-make -C ps7_cortexa9_1/libsrc/usbps_v2_6/src -s libs  "SHELL=CMD" "COMPILER=arm-none-eabi-gcc" "ASSEMBLER=arm-none-eabi-as" "AR
000-CHIVER=arm-none-eabi-ar" "COMPILER_FLAGS=  -O2 -c" "EXTRA_COMPILER_FLAGS=-mcpu=cortex-a9 -mfpu=vfpv3 -mfloat-abi=hard -nostartf
000-iles -g -Wall -Wextra"
000-
000-make -C ps7_cortexa9_1/libsrc/xilffs_v4_4/src -s libs  "SHELL=CMD" "COMPILER=arm-none-eabi-gcc" "ASSEMBLER=arm-none-eabi-as" "A
000-RCHIVER=arm-none-eabi-ar" "COMPILER_FLAGS=  -O2 -c" "EXTRA_COMPILER_FLAGS=-mcpu=cortex-a9 -mfpu=vfpv3 -mfloat-abi=hard -nostart
000-files -g -Wall -Wextra"
000-
000-"Running Make libs in ps7_cortexa9_1/libsrc/scutimer_v2_3/src"
000-
000-"Running Make libs in ps7_cortexa9_1/libsrc/xadcps_v2_5/src"
000-
000-make -C ps7_cortexa9_1/libsrc/xadcps_v2_5/src -s libs  "SHELL=CMD" "COMPILER=arm-none-eabi-gcc" "ASSEMBLER=arm-none-eabi-as" "A
000-RCHIVER=arm-none-eabi-ar" "COMPILER_FLAGS=  -O2 -c" "EXTRA_COMPILER_FLAGS=-mcpu=cortex-a9 -mfpu=vfpv3 -mfloat-abi=hard -nostart
000-files -g -Wall -Wextra"
000-
000-make -C ps7_cortexa9_1/libsrc/uartlite_v3_5/src -s libs  "SHELL=CMD" "COMPILER=arm-none-eabi-gcc" "ASSEMBLER=arm-none-eabi-as" 
000-"ARCHIVER=arm-none-eabi-ar" "COMPILER_FLAGS=  -O2 -c" "EXTRA_COMPILER_FLAGS=-mcpu=cortex-a9 -mfpu=vfpv3 -mfloat-abi=hard -nosta
000-rtfiles -g -Wall -Wextra"
000-
000-make -C ps7_cortexa9_1/libsrc/ttcps_v3_12/src -s libs  "SHELL=CMD" "COMPILER=arm-none-eabi-gcc" "ASSEMBLER=arm-none-eabi-as" "A
000-RCHIVER=arm-none-eabi-ar" "COMPILER_FLAGS=  -O2 -c" "EXTRA_COMPILER_FLAGS=-mcpu=cortex-a9 -mfpu=vfpv3 -mfloat-abi=hard -nostart
000-files -g -Wall -Wextra"
000-
000-make -C ps7_cortexa9_1/libsrc/scutimer_v2_3/src -s libs  "SHELL=CMD" "COMPILER=arm-none-eabi-gcc" "ASSEMBLER=arm-none-eabi-as" 
000-"ARCHIVER=arm-none-eabi-ar" "COMPILER_FLAGS=  -O2 -c" "EXTRA_COMPILER_FLAGS=-mcpu=cortex-a9 -mfpu=vfpv3 -mfloat-abi=hard -nosta
000-rtfiles -g -Wall -Wextra"
000-
000-In file included from usleep.c:34:
000/system_wrapper65-1-1#pragma message: For the sleep routines, Global timer is being used0-xtime_l.h:65:9: note: #pragma message: For the sleep routines, Global timer is being used
000-   65 | #pragma message ("For the sleep routines, Global timer is being used")
000-      |         ^~~~~~~
000-In file included from xtime_l.c:27:
000/system_wrapper65-1-1#pragma message: For the sleep routines, Global timer is being used0-xtime_l.h:65:9: note: #pragma message: For the sleep routines, Global timer is being used
000-   65 | #pragma message ("For the sleep routines, Global timer is being used")
000-      |         ^~~~~~~
000-In file included from sleep.c:31:
000/system_wrapper65-1-1#pragma message: For the sleep routines, Global timer is being used0-xtime_l.h:65:9: note: #pragma message: For the sleep routines, Global timer is being used
000-   65 | #pragma message ("For the sleep routines, Global timer is being used")
000-      |         ^~~~~~~
000-In file included from xil_sleeptimer.c:32:
000/system_wrapper65-1-1#pragma message: For the sleep routines, Global timer is being used0-xtime_l.h:65:9: note: #pragma message: For the sleep routines, Global timer is being used
000-   65 | #pragma message ("For the sleep routines, Global timer is being used")
000-      |         ^~~~~~~
000-'Finished building libraries parallelly.'
000-
000-make --no-print-directory archive
000-
000-arm-none-eabi-ar -r  ps7_cortexa9_1/lib/libxil.a ps7_cortexa9_1/lib/xadcps_selftest.o ps7_cortexa9_1/lib/xplatform_info.o ps7_c
000-ortexa9_1/lib/xuartlite.o ps7_cortexa9_1/lib/xil_mem.o ps7_cortexa9_1/lib/xil_testio.o ps7_cortexa9_1/lib/isatty.o ps7_cortexa9
000-_1/lib/xdevcfg_hw.o ps7_cortexa9_1/lib/xil_sleeptimer.o ps7_cortexa9_1/lib/xqspips_options.o ps7_cortexa9_1/lib/xdmaps_g.o ps7_
000-cortexa9_1/lib/xscutimer_g.o ps7_cortexa9_1/lib/xaxicdma_g.o ps7_cortexa9_1/lib/xdmaps_sinit.o ps7_cortexa9_1/lib/xscutimer_sin
000-it.o ps7_cortexa9_1/lib/xemacps_hw.o ps7_cortexa9_1/lib/inbyte.o ps7_cortexa9_1/lib/xsdps_options.o ps7_cortexa9_1/lib/xaxicdma
000-_sinit.o ps7_cortexa9_1/lib/xscutimer_selftest.o ps7_cortexa9_1/lib/xil_misc_psreset_api.o ps7_cortexa9_1/lib/putnum.o ps7_cort
000-exa9_1/lib/xuartlite_stats.o ps7_cortexa9_1/lib/xttcps_selftest.o ps7_cortexa9_1/lib/xadcps_intr.o ps7_cortexa9_1/lib/xiic_l.o 
000-ps7_cortexa9_1/lib/xgpiops_g.o ps7_cortexa9_1/lib/xsdps.o ps7_cortexa9_1/lib/close.o ps7_cortexa9_1/lib/_exit.o ps7_cortexa9_1/
000-lib/xscugic_intr.o ps7_cortexa9_1/lib/xscugic_hw.o ps7_cortexa9_1/lib/xaxicdma_bd.o ps7_cortexa9_1/lib/xintc_g.o ps7_cortexa9_1
000-/lib/xgpiops_selftest.o ps7_cortexa9_1/lib/xgpio_g.o ps7_cortexa9_1/lib/xscuwdt.o ps7_cortexa9_1/lib/xaxivdma_g.o ps7_cortexa9_
000-1/lib/xiicps_intr.o ps7_cortexa9_1/lib/xaxivdma_sinit.o ps7_cortexa9_1/lib/xuartps_sinit.o ps7_cortexa9_1/lib/xgpio_selftest.o 
000-ps7_cortexa9_1/lib/xiic_intr.o ps7_cortexa9_1/lib/xaxivdma_selftest.o ps7_cortexa9_1/lib/xiicps_slave.o ps7_cortexa9_1/lib/xgpi
000-o_intr.o ps7_cortexa9_1/lib/xintc_intr.o ps7_cortexa9_1/lib/xil_printf.o ps7_cortexa9_1/lib/xiic_g.o ps7_cortexa9_1/lib/xiicps_
000-g.o ps7_cortexa9_1/lib/xadcps.o ps7_cortexa9_1/lib/xiic_stats.o ps7_cortexa9_1/lib/xiicps_options.o ps7_cortexa9_1/lib/xintc_l.
000-o ps7_cortexa9_1/lib/xuartps_selftest.o ps7_cortexa9_1/lib/lseek.o ps7_cortexa9_1/lib/xil_testmem.o ps7_cortexa9_1/lib/xusbps_h
000-w.o ps7_cortexa9_1/lib/xl2cc_counter.o ps7_cortexa9_1/lib/xiicps_hw.o ps7_cortexa9_1/lib/xiic_options.o ps7_cortexa9_1/lib/xsdp
000-s_sinit.o ps7_cortexa9_1/lib/asm_vectors.o ps7_cortexa9_1/lib/abort.o ps7_cortexa9_1/lib/xdevcfg_g.o ps7_cortexa9_1/lib/xuartli
000-te_l.o ps7_cortexa9_1/lib/getpid.o ps7_cortexa9_1/lib/xil_testcache.o ps7_cortexa9_1/lib/xdevcfg_sinit.o ps7_cortexa9_1/lib/xdm
000-aps.o ps7_cortexa9_1/lib/xgpiops_sinit.o ps7_cortexa9_1/lib/xdevcfg_selftest.o ps7_cortexa9_1/lib/xvtc_intr.o ps7_cortexa9_1/li
000-b/xaxicdma.o ps7_cortexa9_1/lib/xttcps.o ps7_cortexa9_1/lib/xpm_counter.o ps7_cortexa9_1/lib/xemacps_g.o ps7_cortexa9_1/lib/xii
000-cps.o ps7_cortexa9_1/lib/_sbrk.o ps7_cortexa9_1/lib/xemacps_sinit.o ps7_cortexa9_1/lib/xuartlite_intr.o ps7_cortexa9_1/lib/xusb
000-ps_endpoint.o ps7_cortexa9_1/lib/xiicps_master.o ps7_cortexa9_1/lib/xqspips_g.o ps7_cortexa9_1/lib/xgpiops.o ps7_cortexa9_1/lib
000-/xemacps.o ps7_cortexa9_1/lib/xqspips_sinit.o ps7_cortexa9_1/lib/xiic_dyn_master.o ps7_cortexa9_1/lib/xqspips_selftest.o ps7_co
000-rtexa9_1/lib/xil_exception.o ps7_cortexa9_1/lib/sbrk.o ps7_cortexa9_1/lib/xaxivdma.o ps7_cortexa9_1/lib/xvtc_g.o ps7_cortexa9_1
000-/lib/xemacps_control.o ps7_cortexa9_1/lib/xiic_master.o ps7_cortexa9_1/lib/open.o ps7_cortexa9_1/lib/xil_assert.o ps7_cortexa9_
000-1/lib/xaxivdma_intr.o ps7_cortexa9_1/lib/xusbps_intr.o ps7_cortexa9_1/lib/xscugic.o ps7_cortexa9_1/lib/xsdps_host.o ps7_cortexa
000-9_1/lib/xcoresightpsdcc.o ps7_cortexa9_1/lib/xiicps_xfer.o ps7_cortexa9_1/lib/xintc.o ps7_cortexa9_1/lib/xaxicdma_bdring.o ps7_
000-cortexa9_1/lib/sleep.o ps7_cortexa9_1/lib/xil-crt0.o ps7_cortexa9_1/lib/xiic_selftest.o ps7_cortexa9_1/lib/cpputest_time.o ps7_
000-cortexa9_1/lib/xvtc.o ps7_cortexa9_1/lib/xdevcfg.o ps7_cortexa9_1/lib/kill.o ps7_cortexa9_1/lib/xttcps_options.o ps7_cortexa9_1
000-/lib/print.o ps7_cortexa9_1/lib/xscutimer.o ps7_cortexa9_1/lib/xvtc_selftest.o ps7_cortexa9_1/lib/xqspips.o ps7_cortexa9_1/lib/
000-xclk_wiz_g.o ps7_cortexa9_1/lib/xil_cache.o ps7_cortexa9_1/lib/xclk_wiz_sinit.o ps7_cortexa9_1/lib/xvtc_sinit.o ps7_cortexa9_1/
000-lib/xiic_multi_master.o ps7_cortexa9_1/lib/xuartps_intr.o ps7_cortexa9_1/lib/xuartps_options.o ps7_cortexa9_1/lib/unlink.o ps7_
000-cortexa9_1/lib/xuartps_g.o ps7_cortexa9_1/lib/xaxidma_g.o ps7_cortexa9_1/lib/xqspips_hw.o ps7_cortexa9_1/lib/xdmaps_selftest.o 
000-ps7_cortexa9_1/lib/xaxidma_sinit.o ps7_cortexa9_1/lib/translation_table.o ps7_cortexa9_1/lib/xaxidma_selftest.o ps7_cortexa9_1/
000-lib/write.o ps7_cortexa9_1/lib/xil_mmu.o ps7_cortexa9_1/lib/boot.o ps7_cortexa9_1/lib/xemacps_bdring.o ps7_cortexa9_1/lib/xaxic
000-dma_intr.o ps7_cortexa9_1/lib/cpu_init.o ps7_cortexa9_1/lib/xil_util.o ps7_cortexa9_1/lib/xaxidma_bd.o ps7_cortexa9_1/lib/uslee
000-p.o ps7_cortexa9_1/lib/xil_sleepcommon.o ps7_cortexa9_1/lib/xgpiops_intr.o ps7_cortexa9_1/lib/xscugic_sinit.o ps7_cortexa9_1/li
000-b/_open.o ps7_cortexa9_1/lib/fcntl.o ps7_cortexa9_1/lib/outbyte.o ps7_cortexa9_1/lib/xuartps_hw.o ps7_cortexa9_1/lib/read.o ps7
000-_cortexa9_1/lib/xttcps_g.o ps7_cortexa9_1/lib/xuartlite_g.o ps7_cortexa9_1/lib/xtime_l.o ps7_cortexa9_1/lib/xscugic_selftest.o 
000-ps7_cortexa9_1/lib/xuartlite_selftest.o ps7_cortexa9_1/lib/xgpio_sinit.o ps7_cortexa9_1/lib/xscuwdt_sinit.o ps7_cortexa9_1/lib/
000-xsdps_card.o ps7_cortexa9_1/lib/xdmaps_hw.o ps7_cortexa9_1/lib/xclk_wiz.o ps7_cortexa9_1/lib/xttcps_sinit.o ps7_cortexa9_1/lib/
000-xiic.o ps7_cortexa9_1/lib/xiic_slave.o ps7_cortexa9_1/lib/xiic_sinit.o ps7_cortexa9_1/lib/xgpiops_hw.o ps7_cortexa9_1/lib/xsdps
000-_g.o ps7_cortexa9_1/lib/fstat.o ps7_cortexa9_1/lib/xaxidma.o ps7_cortexa9_1/lib/errno.o ps7_cortexa9_1/lib/xgpio.o ps7_cortexa9
000-_1/lib/xintc_options.o ps7_cortexa9_1/lib/xdevcfg_intr.o ps7_cortexa9_1/lib/xaxivdma_channel.o ps7_cortexa9_1/lib/vectors.o ps7
000-_cortexa9_1/lib/xusbps_g.o ps7_cortexa9_1/lib/xscuwdt_selftest.o ps7_cortexa9_1/lib/xscuwdt_g.o ps7_cortexa9_1/lib/xuartps.o ps
000-7_cortexa9_1/lib/xclk_wiz_intr.o ps7_cortexa9_1/lib/xil_clocking.o ps7_cortexa9_1/lib/xusbps.o ps7_cortexa9_1/lib/xemacps_intr.
000-o ps7_cortexa9_1/lib/xiicps_selftest.o ps7_cortexa9_1/lib/xgpio_extra.o ps7_cortexa9_1/lib/xusbps_sinit.o ps7_cortexa9_1/lib/xs
000-cugic_g.o ps7_cortexa9_1/lib/xiicps_sinit.o ps7_cortexa9_1/lib/xadcps_g.o ps7_cortexa9_1/lib/xuartlite_sinit.o ps7_cortexa9_1/l
000-ib/xaxidma_bdring.o ps7_cortexa9_1/lib/xadcps_sinit.o ps7_cortexa9_1/lib/xintc_selftest.o
000-
000-'Finished building libraries'
000-
000-make: Leaving directory 'C:/Users/saber/Desktop/share/DanDike_NewBoard/vitis1/system_wrapper/zynq_fsbl/zynq_fsbl_bsp'
000-
000-arm-none-eabi-gcc -MMD -MP       -mcpu=cortex-a9 -mfpu=vfpv3 -mfloat-abi=hard   -O2 -c -c sd.c -o sd.o -Izynq_fsbl_bsp/ps7_cort
000-exa9_1/include -I.
000-
000-arm-none-eabi-gcc -MMD -MP       -mcpu=cortex-a9 -mfpu=vfpv3 -mfloat-abi=hard   -O2 -c -c nand.c -o nand.o -Izynq_fsbl_bsp/ps7_
000-cortexa9_1/include -I.
000-
000-arm-none-eabi-gcc -MMD -MP       -mcpu=cortex-a9 -mfpu=vfpv3 -mfloat-abi=hard   -O2 -c -c image_mover.c -o image_mover.o -Izynq
000-_fsbl_bsp/ps7_cortexa9_1/include -I.
000-
000-arm-none-eabi-gcc -MMD -MP       -mcpu=cortex-a9 -mfpu=vfpv3 -mfloat-abi=hard   -O2 -c -c md5.c -o md5.o -Izynq_fsbl_bsp/ps7_co
000-rtexa9_1/include -I.
000-
000-arm-none-eabi-gcc -MMD -MP       -mcpu=cortex-a9 -mfpu=vfpv3 -mfloat-abi=hard   -O2 -c -c fsbl_hooks.c -o fsbl_hooks.o -Izynq_f
000-sbl_bsp/ps7_cortexa9_1/include -I.
000-
000-arm-none-eabi-gcc -MMD -MP       -mcpu=cortex-a9 -mfpu=vfpv3 -mfloat-abi=hard   -O2 -c -c main.c -o main.o -Izynq_fsbl_bsp/ps7_
000-cortexa9_1/include -I.
000-
000-In file included from main.c:115:
000/system_wrapper/zynq_fsbl/zynq_fsbl_bsp/ps7_cortexa9_1/include/xtime_l.h65-1-1#pragma message: For the sleep routines, Global timer is being used0-zynq_fsbl_bsp/ps7_cortexa9_1/include/xtime_l.h:65:9: note: #pragma message: For the sleep routines, Global timer is being used
000-   65 | #pragma message ("For the sleep routines, Global timer is being used")
000-      |         ^~~~~~~
000-arm-none-eabi-gcc -MMD -MP       -mcpu=cortex-a9 -mfpu=vfpv3 -mfloat-abi=hard   -O2 -c -c rsa.c -o rsa.o -Izynq_fsbl_bsp/ps7_co
000-rtexa9_1/include -I.
000-
000-arm-none-eabi-gcc -MMD -MP       -mcpu=cortex-a9 -mfpu=vfpv3 -mfloat-abi=hard   -O2 -c -c nor.c -o nor.o -Izynq_fsbl_bsp/ps7_co
000-rtexa9_1/include -I.
000-
000-arm-none-eabi-gcc -MMD -MP       -mcpu=cortex-a9 -mfpu=vfpv3 -mfloat-abi=hard   -O2 -c -c qspi.c -o qspi.o -Izynq_fsbl_bsp/ps7_
000-cortexa9_1/include -I.
000-
000-arm-none-eabi-gcc -MMD -MP       -mcpu=cortex-a9 -mfpu=vfpv3 -mfloat-abi=hard   -O2 -c -c ps7_init.c -o ps7_init.o -Izynq_fsbl_
000-bsp/ps7_cortexa9_1/include -I.
000-
000-arm-none-eabi-gcc -MMD -MP       -mcpu=cortex-a9 -mfpu=vfpv3 -mfloat-abi=hard   -O2 -c -c pcap.c -o pcap.o -Izynq_fsbl_bsp/ps7_
000-cortexa9_1/include -I.
000-
000-In file included from pcap.c:78:
000/system_wrapper/zynq_fsbl/zynq_fsbl_bsp/ps7_cortexa9_1/include/xtime_l.h65-1-1#pragma message: For the sleep routines, Global timer is being used0-zynq_fsbl_bsp/ps7_cortexa9_1/include/xtime_l.h:65:9: note: #pragma message: For the sleep routines, Global timer is being used
000-   65 | #pragma message ("For the sleep routines, Global timer is being used")
000-      |         ^~~~~~~
000-arm-none-eabi-gcc -MMD -MP       -mcpu=cortex-a9 -mfpu=vfpv3 -mfloat-abi=hard   -O2 -c -c fsbl_handoff.S -o fsbl_handoff.o -Izy
000-nq_fsbl_bsp/ps7_cortexa9_1/include -I.
000-
000-arm-none-eabi-gcc -o fsbl.elf  sd.o  nand.o  image_mover.o  md5.o  fsbl_hooks.o  main.o  rsa.o  nor.o  qspi.o  ps7_init.o  pcap
000-.o  fsbl_handoff.o -MMD -MP       -mcpu=cortex-a9 -mfpu=vfpv3 -mfloat-abi=hard   -mcpu=cortex-a9 -mfpu=vfpv3 -mfloat-abi=hard -
000-Wl,-build-id=none -specs=Xilinx.spec  -lrsa -Wl,--start-group,-lxil,-lgcc,-lc,--end-group -Wl,--start-group,-lxilffs,-lxil,-lgc
000-c,-lc,--end-group -Wl,--start-group,-lrsa,-lxil,-lgcc,-lc,--end-group                                                         -
000-Wl,--gc-sections -Lzynq_fsbl_bsp/ps7_cortexa9_1/lib -L./ -Tlscript.ld
000-
000-Building the BSP Library for domain  - standalone_ps7_cortexa9_1 on processor ps7_cortexa9_1
000-make --no-print-directory seq_libs
000-
000-"Running Make include in ps7_cortexa9_1/libsrc/axicdma_v4_8/src"
000-
000-make -C ps7_cortexa9_1/libsrc/axicdma_v4_8/src -s include  "SHELL=CMD" "COMPILER=arm-none-eabi-gcc" "ASSEMBLER=arm-none-eabi-as
000-" "ARCHIVER=arm-none-eabi-ar" "COMPILER_FLAGS=  -O2 -c" "EXTRA_COMPILER_FLAGS=-mcpu=cortex-a9 -mfpu=vfpv3 -mfloat-abi=hard -nos
000-tartfiles -g -Wall -Wextra"
000-
000-"Running Make include in ps7_cortexa9_1/libsrc/axidma_v9_12/src"
000-
000-make -C ps7_cortexa9_1/libsrc/axidma_v9_12/src -s include  "SHELL=CMD" "COMPILER=arm-none-eabi-gcc" "ASSEMBLER=arm-none-eabi-as
000-" "ARCHIVER=arm-none-eabi-ar" "COMPILER_FLAGS=  -O2 -c" "EXTRA_COMPILER_FLAGS=-mcpu=cortex-a9 -mfpu=vfpv3 -mfloat-abi=hard -nos
000-tartfiles -g -Wall -Wextra"
000-
000-"Running Make include in ps7_cortexa9_1/libsrc/axivdma_v6_8/src"
000-
000-make -C ps7_cortexa9_1/libsrc/axivdma_v6_8/src -s include  "SHELL=CMD" "COMPILER=arm-none-eabi-gcc" "ASSEMBLER=arm-none-eabi-as
000-" "ARCHIVER=arm-none-eabi-ar" "COMPILER_FLAGS=  -O2 -c" "EXTRA_COMPILER_FLAGS=-mcpu=cortex-a9 -mfpu=vfpv3 -mfloat-abi=hard -nos
000-tartfiles -g -Wall -Wextra"
000-
000-"Running Make include in ps7_cortexa9_1/libsrc/clk_wiz_v1_4/src"
000-
000-make -C ps7_cortexa9_1/libsrc/clk_wiz_v1_4/src -s include  "SHELL=CMD" "COMPILER=arm-none-eabi-gcc" "ASSEMBLER=arm-none-eabi-as
000-" "ARCHIVER=arm-none-eabi-ar" "COMPILER_FLAGS=  -O2 -c" "EXTRA_COMPILER_FLAGS=-mcpu=cortex-a9 -mfpu=vfpv3 -mfloat-abi=hard -nos
000-tartfiles -g -Wall -Wextra"
000-
000-"Running Make include in ps7_cortexa9_1/libsrc/coder_v1_0/src"
000-
000-make -C ps7_cortexa9_1/libsrc/coder_v1_0/src -s include  "SHELL=CMD" "COMPILER=arm-none-eabi-gcc" "ASSEMBLER=arm-none-eabi-as" 
000-"ARCHIVER=arm-none-eabi-ar" "COMPILER_FLAGS=  -O2 -c" "EXTRA_COMPILER_FLAGS=-mcpu=cortex-a9 -mfpu=vfpv3 -mfloat-abi=hard -nosta
000-rtfiles -g -Wall -Wextra"
000-
000-"Running Make include in ps7_cortexa9_1/libsrc/coresightps_dcc_v1_8/src"
000-
000-make -C ps7_cortexa9_1/libsrc/coresightps_dcc_v1_8/src -s include  "SHELL=CMD" "COMPILER=arm-none-eabi-gcc" "ASSEMBLER=arm-none
000--eabi-as" "ARCHIVER=arm-none-eabi-ar" "COMPILER_FLAGS=  -O2 -c" "EXTRA_COMPILER_FLAGS=-mcpu=cortex-a9 -mfpu=vfpv3 -mfloat-abi=h
000-ard -nostartfiles -g -Wall -Wextra"
000-
000-"Running Make include in ps7_cortexa9_1/libsrc/cpu_cortexa9_v2_10/src"
000-
000-make -C ps7_cortexa9_1/libsrc/cpu_cortexa9_v2_10/src -s include  "SHELL=CMD" "COMPILER=arm-none-eabi-gcc" "ASSEMBLER=arm-none-e
000-abi-as" "ARCHIVER=arm-none-eabi-ar" "COMPILER_FLAGS=  -O2 -c" "EXTRA_COMPILER_FLAGS=-mcpu=cortex-a9 -mfpu=vfpv3 -mfloat-abi=har
000-d -nostartfiles -g -Wall -Wextra"
000-
000-"Running Make include in ps7_cortexa9_1/libsrc/ddrps_v1_2/src"
000-
000-make -C ps7_cortexa9_1/libsrc/ddrps_v1_2/src -s include  "SHELL=CMD" "COMPILER=arm-none-eabi-gcc" "ASSEMBLER=arm-none-eabi-as" 
000-"ARCHIVER=arm-none-eabi-ar" "COMPILER_FLAGS=  -O2 -c" "EXTRA_COMPILER_FLAGS=-mcpu=cortex-a9 -mfpu=vfpv3 -mfloat-abi=hard -nosta
000-rtfiles -g -Wall -Wextra"
000-
000-"Running Make include in ps7_cortexa9_1/libsrc/devcfg_v3_7/src"
000-
000-make -C ps7_cortexa9_1/libsrc/devcfg_v3_7/src -s include  "SHELL=CMD" "COMPILER=arm-none-eabi-gcc" "ASSEMBLER=arm-none-eabi-as"
000- "ARCHIVER=arm-none-eabi-ar" "COMPILER_FLAGS=  -O2 -c" "EXTRA_COMPILER_FLAGS=-mcpu=cortex-a9 -mfpu=vfpv3 -mfloat-abi=hard -nost
000-artfiles -g -Wall -Wextra"
000-
000-"Running Make include in ps7_cortexa9_1/libsrc/dmaps_v2_7/src"
000-
000-make -C ps7_cortexa9_1/libsrc/dmaps_v2_7/src -s include  "SHELL=CMD" "COMPILER=arm-none-eabi-gcc" "ASSEMBLER=arm-none-eabi-as" 
000-"ARCHIVER=arm-none-eabi-ar" "COMPILER_FLAGS=  -O2 -c" "EXTRA_COMPILER_FLAGS=-mcpu=cortex-a9 -mfpu=vfpv3 -mfloat-abi=hard -nosta
000-rtfiles -g -Wall -Wextra"
000-
000-"Running Make include in ps7_cortexa9_1/libsrc/emacps_v3_12/src"
000-
000-make -C ps7_cortexa9_1/libsrc/emacps_v3_12/src -s include  "SHELL=CMD" "COMPILER=arm-none-eabi-gcc" "ASSEMBLER=arm-none-eabi-as
000-" "ARCHIVER=arm-none-eabi-ar" "COMPILER_FLAGS=  -O2 -c" "EXTRA_COMPILER_FLAGS=-mcpu=cortex-a9 -mfpu=vfpv3 -mfloat-abi=hard -nos
000-tartfiles -g -Wall -Wextra"
000-
000-"Running Make include in ps7_cortexa9_1/libsrc/gpiops_v3_8/src"
000-
000-make -C ps7_cortexa9_1/libsrc/gpiops_v3_8/src -s include  "SHELL=CMD" "COMPILER=arm-none-eabi-gcc" "ASSEMBLER=arm-none-eabi-as"
000- "ARCHIVER=arm-none-eabi-ar" "COMPILER_FLAGS=  -O2 -c" "EXTRA_COMPILER_FLAGS=-mcpu=cortex-a9 -mfpu=vfpv3 -mfloat-abi=hard -nost
000-artfiles -g -Wall -Wextra"
000-
000-"Running Make include in ps7_cortexa9_1/libsrc/gpio_v4_7/src"
000-
000-make -C ps7_cortexa9_1/libsrc/gpio_v4_7/src -s include  "SHELL=CMD" "COMPILER=arm-none-eabi-gcc" "ASSEMBLER=arm-none-eabi-as" "
000-ARCHIVER=arm-none-eabi-ar" "COMPILER_FLAGS=  -O2 -c" "EXTRA_COMPILER_FLAGS=-mcpu=cortex-a9 -mfpu=vfpv3 -mfloat-abi=hard -nostar
000-tfiles -g -Wall -Wextra"
000-
000-"Running Make include in ps7_cortexa9_1/libsrc/iicps_v3_12/src"
000-
000-make -C ps7_cortexa9_1/libsrc/iicps_v3_12/src -s include  "SHELL=CMD" "COMPILER=arm-none-eabi-gcc" "ASSEMBLER=arm-none-eabi-as"
000- "ARCHIVER=arm-none-eabi-ar" "COMPILER_FLAGS=  -O2 -c" "EXTRA_COMPILER_FLAGS=-mcpu=cortex-a9 -mfpu=vfpv3 -mfloat-abi=hard -nost
000-artfiles -g -Wall -Wextra"
000-
000-"Running Make include in ps7_cortexa9_1/libsrc/iic_v3_7/src"
000-
000-make -C ps7_cortexa9_1/libsrc/iic_v3_7/src -s include  "SHELL=CMD" "COMPILER=arm-none-eabi-gcc" "ASSEMBLER=arm-none-eabi-as" "A
000-RCHIVER=arm-none-eabi-ar" "COMPILER_FLAGS=  -O2 -c" "EXTRA_COMPILER_FLAGS=-mcpu=cortex-a9 -mfpu=vfpv3 -mfloat-abi=hard -nostart
000-files -g -Wall -Wextra"
000-
000-"Running Make include in ps7_cortexa9_1/libsrc/intc_v3_12/src"
000-
000-make -C ps7_cortexa9_1/libsrc/intc_v3_12/src -s include  "SHELL=CMD" "COMPILER=arm-none-eabi-gcc" "ASSEMBLER=arm-none-eabi-as" 
000-"ARCHIVER=arm-none-eabi-ar" "COMPILER_FLAGS=  -O2 -c" "EXTRA_COMPILER_FLAGS=-mcpu=cortex-a9 -mfpu=vfpv3 -mfloat-abi=hard -nosta
000-rtfiles -g -Wall -Wextra"
000-
000-"Running Make include in ps7_cortexa9_1/libsrc/PWM_v1_0/src"
000-
000-make -C ps7_cortexa9_1/libsrc/PWM_v1_0/src -s include  "SHELL=CMD" "COMPILER=arm-none-eabi-gcc" "ASSEMBLER=arm-none-eabi-as" "A
000-RCHIVER=arm-none-eabi-ar" "COMPILER_FLAGS=  -O2 -c" "EXTRA_COMPILER_FLAGS=-mcpu=cortex-a9 -mfpu=vfpv3 -mfloat-abi=hard -nostart
000-files -g -Wall -Wextra"
000-
000-"Running Make include in ps7_cortexa9_1/libsrc/qspips_v3_8/src"
000-
000-make -C ps7_cortexa9_1/libsrc/qspips_v3_8/src -s include  "SHELL=CMD" "COMPILER=arm-none-eabi-gcc" "ASSEMBLER=arm-none-eabi-as"
000- "ARCHIVER=arm-none-eabi-ar" "COMPILER_FLAGS=  -O2 -c" "EXTRA_COMPILER_FLAGS=-mcpu=cortex-a9 -mfpu=vfpv3 -mfloat-abi=hard -nost
000-artfiles -g -Wall -Wextra"
000-
000-"Running Make include in ps7_cortexa9_1/libsrc/scugic_v4_3/src"
000-
000-make -C ps7_cortexa9_1/libsrc/scugic_v4_3/src -s include  "SHELL=CMD" "COMPILER=arm-none-eabi-gcc" "ASSEMBLER=arm-none-eabi-as"
000- "ARCHIVER=arm-none-eabi-ar" "COMPILER_FLAGS=  -O2 -c" "EXTRA_COMPILER_FLAGS=-mcpu=cortex-a9 -mfpu=vfpv3 -mfloat-abi=hard -nost
000-artfiles -g -Wall -Wextra"
000-
000-"Running Make include in ps7_cortexa9_1/libsrc/scutimer_v2_3/src"
000-
000-make -C ps7_cortexa9_1/libsrc/scutimer_v2_3/src -s include  "SHELL=CMD" "COMPILER=arm-none-eabi-gcc" "ASSEMBLER=arm-none-eabi-a
000-s" "ARCHIVER=arm-none-eabi-ar" "COMPILER_FLAGS=  -O2 -c" "EXTRA_COMPILER_FLAGS=-mcpu=cortex-a9 -mfpu=vfpv3 -mfloat-abi=hard -no
000-startfiles -g -Wall -Wextra"
000-
000-"Running Make include in ps7_cortexa9_1/libsrc/scuwdt_v2_3/src"
000-
000-make -C ps7_cortexa9_1/libsrc/scuwdt_v2_3/src -s include  "SHELL=CMD" "COMPILER=arm-none-eabi-gcc" "ASSEMBLER=arm-none-eabi-as"
000- "ARCHIVER=arm-none-eabi-ar" "COMPILER_FLAGS=  -O2 -c" "EXTRA_COMPILER_FLAGS=-mcpu=cortex-a9 -mfpu=vfpv3 -mfloat-abi=hard -nost
000-artfiles -g -Wall -Wextra"
000-
000-"Running Make include in ps7_cortexa9_1/libsrc/sdps_v3_10/src"
000-
000-make -C ps7_cortexa9_1/libsrc/sdps_v3_10/src -s include  "SHELL=CMD" "COMPILER=arm-none-eabi-gcc" "ASSEMBLER=arm-none-eabi-as" 
000-"ARCHIVER=arm-none-eabi-ar" "COMPILER_FLAGS=  -O2 -c" "EXTRA_COMPILER_FLAGS=-mcpu=cortex-a9 -mfpu=vfpv3 -mfloat-abi=hard -nosta
000-rtfiles -g -Wall -Wextra"
000-
000-"Running Make include in ps7_cortexa9_1/libsrc/standalone_v7_3/src"
000-
000-make -C ps7_cortexa9_1/libsrc/standalone_v7_3/src -s include  "SHELL=CMD" "COMPILER=arm-none-eabi-gcc" "ASSEMBLER=arm-none-eabi
000--as" "ARCHIVER=arm-none-eabi-ar" "COMPILER_FLAGS=  -O2 -c" "EXTRA_COMPILER_FLAGS=-mcpu=cortex-a9 -mfpu=vfpv3 -mfloat-abi=hard -
000-nostartfiles -g -Wall -Wextra"
000-
000-"Running Make include in ps7_cortexa9_1/libsrc/ttcps_v3_12/src"
000-
000-make -C ps7_cortexa9_1/libsrc/ttcps_v3_12/src -s include  "SHELL=CMD" "COMPILER=arm-none-eabi-gcc" "ASSEMBLER=arm-none-eabi-as"
000- "ARCHIVER=arm-none-eabi-ar" "COMPILER_FLAGS=  -O2 -c" "EXTRA_COMPILER_FLAGS=-mcpu=cortex-a9 -mfpu=vfpv3 -mfloat-abi=hard -nost
000-artfiles -g -Wall -Wextra"
000-
000-"Running Make include in ps7_cortexa9_1/libsrc/uartlite_v3_5/src"
000-
000-make -C ps7_cortexa9_1/libsrc/uartlite_v3_5/src -s include  "SHELL=CMD" "COMPILER=arm-none-eabi-gcc" "ASSEMBLER=arm-none-eabi-a
000-s" "ARCHIVER=arm-none-eabi-ar" "COMPILER_FLAGS=  -O2 -c" "EXTRA_COMPILER_FLAGS=-mcpu=cortex-a9 -mfpu=vfpv3 -mfloat-abi=hard -no
000-startfiles -g -Wall -Wextra"
000-
000-"Running Make include in ps7_cortexa9_1/libsrc/uartps_v3_10/src"
000-
000-make -C ps7_cortexa9_1/libsrc/uartps_v3_10/src -s include  "SHELL=CMD" "COMPILER=arm-none-eabi-gcc" "ASSEMBLER=arm-none-eabi-as
000-" "ARCHIVER=arm-none-eabi-ar" "COMPILER_FLAGS=  -O2 -c" "EXTRA_COMPILER_FLAGS=-mcpu=cortex-a9 -mfpu=vfpv3 -mfloat-abi=hard -nos
000-tartfiles -g -Wall -Wextra"
000-
000-"Running Make include in ps7_cortexa9_1/libsrc/usbps_v2_6/src"
000-
000-make -C ps7_cortexa9_1/libsrc/usbps_v2_6/src -s include  "SHELL=CMD" "COMPILER=arm-none-eabi-gcc" "ASSEMBLER=arm-none-eabi-as" 
000-"ARCHIVER=arm-none-eabi-ar" "COMPILER_FLAGS=  -O2 -c" "EXTRA_COMPILER_FLAGS=-mcpu=cortex-a9 -mfpu=vfpv3 -mfloat-abi=hard -nosta
000-rtfiles -g -Wall -Wextra"
000-
000-"Running Make include in ps7_cortexa9_1/libsrc/vtc_v8_3/src"
000-
000-make -C ps7_cortexa9_1/libsrc/vtc_v8_3/src -s include  "SHELL=CMD" "COMPILER=arm-none-eabi-gcc" "ASSEMBLER=arm-none-eabi-as" "A
000-RCHIVER=arm-none-eabi-ar" "COMPILER_FLAGS=  -O2 -c" "EXTRA_COMPILER_FLAGS=-mcpu=cortex-a9 -mfpu=vfpv3 -mfloat-abi=hard -nostart
000-files -g -Wall -Wextra"
000-
000-"Running Make include in ps7_cortexa9_1/libsrc/xadcps_v2_5/src"
000-
000-make -C ps7_cortexa9_1/libsrc/xadcps_v2_5/src -s include  "SHELL=CMD" "COMPILER=arm-none-eabi-gcc" "ASSEMBLER=arm-none-eabi-as"
000- "ARCHIVER=arm-none-eabi-ar" "COMPILER_FLAGS=  -O2 -c" "EXTRA_COMPILER_FLAGS=-mcpu=cortex-a9 -mfpu=vfpv3 -mfloat-abi=hard -nost
000-artfiles -g -Wall -Wextra"
000-
000-"Running Make libs in ps7_cortexa9_1/libsrc/coder_v1_0/src"
000-
000-make -C ps7_cortexa9_1/libsrc/coder_v1_0/src -s libs  "SHELL=CMD" "COMPILER=arm-none-eabi-gcc" "ASSEMBLER=arm-none-eabi-as" "AR
000-CHIVER=arm-none-eabi-ar" "COMPILER_FLAGS=  -O2 -c" "EXTRA_COMPILER_FLAGS=-mcpu=cortex-a9 -mfpu=vfpv3 -mfloat-abi=hard -nostartf
000-iles -g -Wall -Wextra"
000-
000-"Compiling coder..."
000-
000-coder_selftest.c: In function 'CODER_Reg_SelfTest':
000/system_wrapper52-1-1comparison of integer expressions of different signedness: 'u32' {aka 'long unsigned int'} and 'int' [-Wsign-compare]1-coder_selftest.c:52:54: warning: comparison of integer expressions of different signedness: 'u32' {aka 'long unsigned int'} and 'int' [-Wsign-compare]
000-   52 |    if ( CODER_mReadReg (baseaddr, read_loop_index*4) != (read_loop_index+1)*READ_WRITE_MUL_FACTOR){
000-      |                                                      ^~
000/system_wrapper36-1-1unused variable 'Index' [-Wunused-variable]1-coder_selftest.c:36:6: warning: unused variable 'Index' [-Wunused-variable]
000-   36 |  int Index;
000-      |      ^~~~~
000-arm-none-eabi-ar: creating ../../../lib/libxil.a
000-"Running Make libs in ps7_cortexa9_1/libsrc/PWM_v1_0/src"
000-
000-make -C ps7_cortexa9_1/libsrc/PWM_v1_0/src -s libs  "SHELL=CMD" "COMPILER=arm-none-eabi-gcc" "ASSEMBLER=arm-none-eabi-as" "ARCH
000-IVER=arm-none-eabi-ar" "COMPILER_FLAGS=  -O2 -c" "EXTRA_COMPILER_FLAGS=-mcpu=cortex-a9 -mfpu=vfpv3 -mfloat-abi=hard -nostartfil
000-es -g -Wall -Wextra"
000-
000-"Compiling PWM..."
000-
000-PWM_selftest.c: In function 'PWM_Reg_SelfTest':
000/system_wrapper52-1-1comparison of integer expressions of different signedness: 'u32' {aka 'long unsigned int'} and 'int' [-Wsign-compare]1-PWM_selftest.c:52:52: warning: comparison of integer expressions of different signedness: 'u32' {aka 'long unsigned int'} and 'int' [-Wsign-compare]
000-   52 |    if ( PWM_mReadReg (baseaddr, read_loop_index*4) != (read_loop_index+1)*READ_WRITE_MUL_FACTOR){
000-      |                                                    ^~
000/system_wrapper36-1-1unused variable 'Index' [-Wunused-variable]1-PWM_selftest.c:36:6: warning: unused variable 'Index' [-Wunused-variable]
000-   36 |  int Index;
000-      |      ^~~~~
000-'Finished building libraries sequentially.'
000-
000-make -j --no-print-directory par_libs
000-
000-"Running Make include in ps7_cortexa9_1/libsrc/axicdma_v4_8/src"
000-
000-make -C ps7_cortexa9_1/libsrc/axicdma_v4_8/src -s include  "SHELL=CMD" "COMPILER=arm-none-eabi-gcc" "ASSEMBLER=arm-none-eabi-as
000-" "ARCHIVER=arm-none-eabi-ar" "COMPILER_FLAGS=  -O2 -c" "EXTRA_COMPILER_FLAGS=-mcpu=cortex-a9 -mfpu=vfpv3 -mfloat-abi=hard -nos
000-tartfiles -g -Wall -Wextra"
000-
000-"Running Make include in ps7_cortexa9_1/libsrc/axidma_v9_12/src"
000-
000-make -C ps7_cortexa9_1/libsrc/axidma_v9_12/src -s include  "SHELL=CMD" "COMPILER=arm-none-eabi-gcc" "ASSEMBLER=arm-none-eabi-as
000-" "ARCHIVER=arm-none-eabi-ar" "COMPILER_FLAGS=  -O2 -c" "EXTRA_COMPILER_FLAGS=-mcpu=cortex-a9 -mfpu=vfpv3 -mfloat-abi=hard -nos
000-tartfiles -g -Wall -Wextra"
000-
000-"Running Make include in ps7_cortexa9_1/libsrc/axivdma_v6_8/src"
000-
000-make -C ps7_cortexa9_1/libsrc/axivdma_v6_8/src -s include  "SHELL=CMD" "COMPILER=arm-none-eabi-gcc" "ASSEMBLER=arm-none-eabi-as
000-" "ARCHIVER=arm-none-eabi-ar" "COMPILER_FLAGS=  -O2 -c" "EXTRA_COMPILER_FLAGS=-mcpu=cortex-a9 -mfpu=vfpv3 -mfloat-abi=hard -nos
000-tartfiles -g -Wall -Wextra"
000-
000-"Running Make include in ps7_cortexa9_1/libsrc/clk_wiz_v1_4/src"
000-
000-make -C ps7_cortexa9_1/libsrc/clk_wiz_v1_4/src -s include  "SHELL=CMD" "COMPILER=arm-none-eabi-gcc" "ASSEMBLER=arm-none-eabi-as
000-" "ARCHIVER=arm-none-eabi-ar" "COMPILER_FLAGS=  -O2 -c" "EXTRA_COMPILER_FLAGS=-mcpu=cortex-a9 -mfpu=vfpv3 -mfloat-abi=hard -nos
000-tartfiles -g -Wall -Wextra"
000-
000-"Running Make include in ps7_cortexa9_1/libsrc/coder_v1_0/src"
000-
000-make -C ps7_cortexa9_1/libsrc/coder_v1_0/src -s include  "SHELL=CMD" "COMPILER=arm-none-eabi-gcc" "ASSEMBLER=arm-none-eabi-as" 
000-"ARCHIVER=arm-none-eabi-ar" "COMPILER_FLAGS=  -O2 -c" "EXTRA_COMPILER_FLAGS=-mcpu=cortex-a9 -mfpu=vfpv3 -mfloat-abi=hard -nosta
000-rtfiles -g -Wall -Wextra"
000-
000-"Running Make include in ps7_cortexa9_1/libsrc/coresightps_dcc_v1_8/src"
000-
000-make -C ps7_cortexa9_1/libsrc/coresightps_dcc_v1_8/src -s include  "SHELL=CMD" "COMPILER=arm-none-eabi-gcc" "ASSEMBLER=arm-none
000--eabi-as" "ARCHIVER=arm-none-eabi-ar" "COMPILER_FLAGS=  -O2 -c" "EXTRA_COMPILER_FLAGS=-mcpu=cortex-a9 -mfpu=vfpv3 -mfloat-abi=h
000-ard -nostartfiles -g -Wall -Wextra"
000-
000-"Running Make include in ps7_cortexa9_1/libsrc/cpu_cortexa9_v2_10/src"
000-
000-make -C ps7_cortexa9_1/libsrc/cpu_cortexa9_v2_10/src -s include  "SHELL=CMD" "COMPILER=arm-none-eabi-gcc" "ASSEMBLER=arm-none-e
000-abi-as" "ARCHIVER=arm-none-eabi-ar" "COMPILER_FLAGS=  -O2 -c" "EXTRA_COMPILER_FLAGS=-mcpu=cortex-a9 -mfpu=vfpv3 -mfloat-abi=har
000-d -nostartfiles -g -Wall -Wextra"
000-
000-"Running Make include in ps7_cortexa9_1/libsrc/ddrps_v1_2/src"
000-
000-make -C ps7_cortexa9_1/libsrc/ddrps_v1_2/src -s include  "SHELL=CMD" "COMPILER=arm-none-eabi-gcc" "ASSEMBLER=arm-none-eabi-as" 
000-"ARCHIVER=arm-none-eabi-ar" "COMPILER_FLAGS=  -O2 -c" "EXTRA_COMPILER_FLAGS=-mcpu=cortex-a9 -mfpu=vfpv3 -mfloat-abi=hard -nosta
000-rtfiles -g -Wall -Wextra"
000-
000-"Running Make include in ps7_cortexa9_1/libsrc/devcfg_v3_7/src"
000-
000-make -C ps7_cortexa9_1/libsrc/devcfg_v3_7/src -s include  "SHELL=CMD" "COMPILER=arm-none-eabi-gcc" "ASSEMBLER=arm-none-eabi-as"
000- "ARCHIVER=arm-none-eabi-ar" "COMPILER_FLAGS=  -O2 -c" "EXTRA_COMPILER_FLAGS=-mcpu=cortex-a9 -mfpu=vfpv3 -mfloat-abi=hard -nost
000-artfiles -g -Wall -Wextra"
000-
000-"Running Make include in ps7_cortexa9_1/libsrc/dmaps_v2_7/src"
000-
000-make -C ps7_cortexa9_1/libsrc/dmaps_v2_7/src -s include  "SHELL=CMD" "COMPILER=arm-none-eabi-gcc" "ASSEMBLER=arm-none-eabi-as" 
000-"ARCHIVER=arm-none-eabi-ar" "COMPILER_FLAGS=  -O2 -c" "EXTRA_COMPILER_FLAGS=-mcpu=cortex-a9 -mfpu=vfpv3 -mfloat-abi=hard -nosta
000-rtfiles -g -Wall -Wextra"
000-
000-"Running Make include in ps7_cortexa9_1/libsrc/emacps_v3_12/src"
000-
000-make -C ps7_cortexa9_1/libsrc/emacps_v3_12/src -s include  "SHELL=CMD" "COMPILER=arm-none-eabi-gcc" "ASSEMBLER=arm-none-eabi-as
000-" "ARCHIVER=arm-none-eabi-ar" "COMPILER_FLAGS=  -O2 -c" "EXTRA_COMPILER_FLAGS=-mcpu=cortex-a9 -mfpu=vfpv3 -mfloat-abi=hard -nos
000-tartfiles -g -Wall -Wextra"
000-
000-"Running Make include in ps7_cortexa9_1/libsrc/gpiops_v3_8/src"
000-
000-make -C ps7_cortexa9_1/libsrc/gpiops_v3_8/src -s include  "SHELL=CMD" "COMPILER=arm-none-eabi-gcc" "ASSEMBLER=arm-none-eabi-as"
000- "ARCHIVER=arm-none-eabi-ar" "COMPILER_FLAGS=  -O2 -c" "EXTRA_COMPILER_FLAGS=-mcpu=cortex-a9 -mfpu=vfpv3 -mfloat-abi=hard -nost
000-artfiles -g -Wall -Wextra"
000-
000-"Running Make include in ps7_cortexa9_1/libsrc/gpio_v4_7/src"
000-
000-make -C ps7_cortexa9_1/libsrc/gpio_v4_7/src -s include  "SHELL=CMD" "COMPILER=arm-none-eabi-gcc" "ASSEMBLER=arm-none-eabi-as" "
000-ARCHIVER=arm-none-eabi-ar" "COMPILER_FLAGS=  -O2 -c" "EXTRA_COMPILER_FLAGS=-mcpu=cortex-a9 -mfpu=vfpv3 -mfloat-abi=hard -nostar
000-tfiles -g -Wall -Wextra"
000-
000-"Running Make include in ps7_cortexa9_1/libsrc/iicps_v3_12/src"
000-
000-make -C ps7_cortexa9_1/libsrc/iicps_v3_12/src -s include  "SHELL=CMD" "COMPILER=arm-none-eabi-gcc" "ASSEMBLER=arm-none-eabi-as"
000- "ARCHIVER=arm-none-eabi-ar" "COMPILER_FLAGS=  -O2 -c" "EXTRA_COMPILER_FLAGS=-mcpu=cortex-a9 -mfpu=vfpv3 -mfloat-abi=hard -nost
000-artfiles -g -Wall -Wextra"
000-
000-"Running Make include in ps7_cortexa9_1/libsrc/iic_v3_7/src"
000-
000-make -C ps7_cortexa9_1/libsrc/iic_v3_7/src -s include  "SHELL=CMD" "COMPILER=arm-none-eabi-gcc" "ASSEMBLER=arm-none-eabi-as" "A
000-RCHIVER=arm-none-eabi-ar" "COMPILER_FLAGS=  -O2 -c" "EXTRA_COMPILER_FLAGS=-mcpu=cortex-a9 -mfpu=vfpv3 -mfloat-abi=hard -nostart
000-files -g -Wall -Wextra"
000-
000-"Running Make include in ps7_cortexa9_1/libsrc/intc_v3_12/src"
000-
000-make -C ps7_cortexa9_1/libsrc/intc_v3_12/src -s include  "SHELL=CMD" "COMPILER=arm-none-eabi-gcc" "ASSEMBLER=arm-none-eabi-as" 
000-"ARCHIVER=arm-none-eabi-ar" "COMPILER_FLAGS=  -O2 -c" "EXTRA_COMPILER_FLAGS=-mcpu=cortex-a9 -mfpu=vfpv3 -mfloat-abi=hard -nosta
000-rtfiles -g -Wall -Wextra"
000-
000-"Running Make include in ps7_cortexa9_1/libsrc/PWM_v1_0/src"
000-
000-make -C ps7_cortexa9_1/libsrc/PWM_v1_0/src -s include  "SHELL=CMD" "COMPILER=arm-none-eabi-gcc" "ASSEMBLER=arm-none-eabi-as" "A
000-RCHIVER=arm-none-eabi-ar" "COMPILER_FLAGS=  -O2 -c" "EXTRA_COMPILER_FLAGS=-mcpu=cortex-a9 -mfpu=vfpv3 -mfloat-abi=hard -nostart
000-files -g -Wall -Wextra"
000-
000-"Running Make include in ps7_cortexa9_1/libsrc/qspips_v3_8/src"
000-
000-"Running Make include in ps7_cortexa9_1/libsrc/scugic_v4_3/src"
000-
000-"Running Make include in ps7_cortexa9_1/libsrc/scutimer_v2_3/src"
000-
000-make -C ps7_cortexa9_1/libsrc/qspips_v3_8/src -s include  "SHELL=CMD" "COMPILER=arm-none-eabi-gcc" "ASSEMBLER=arm-none-eabi-as"
000- "ARCHIVER=arm-none-eabi-ar" "COMPILER_FLAGS=  -O2 -c" "EXTRA_COMPILER_FLAGS=-mcpu=cortex-a9 -mfpu=vfpv3 -mfloat-abi=hard -nost
000-artfiles -g -Wall -Wextra"
000-
000-make -C ps7_cortexa9_1/libsrc/scugic_v4_3/src -s include  "SHELL=CMD" "COMPILER=arm-none-eabi-gcc" "ASSEMBLER=arm-none-eabi-as"
000- "ARCHIVER=arm-none-eabi-ar" "COMPILER_FLAGS=  -O2 -c" "EXTRA_COMPILER_FLAGS=-mcpu=cortex-a9 -mfpu=vfpv3 -mfloat-abi=hard -nost
000-artfiles -g -Wall -Wextra"
000-
000-make -C ps7_cortexa9_1/libsrc/scutimer_v2_3/src -s include  "SHELL=CMD" "COMPILER=arm-none-eabi-gcc" "ASSEMBLER=arm-none-eabi-a
000-s" "ARCHIVER=arm-none-eabi-ar" "COMPILER_FLAGS=  -O2 -c" "EXTRA_COMPILER_FLAGS=-mcpu=cortex-a9 -mfpu=vfpv3 -mfloat-abi=hard -no
000-startfiles -g -Wall -Wextra"
000-
000-"Running Make include in ps7_cortexa9_1/libsrc/scuwdt_v2_3/src"
000-
000-"Running Make include in ps7_cortexa9_1/libsrc/sdps_v3_10/src"
000-
000-make -C ps7_cortexa9_1/libsrc/scuwdt_v2_3/src -s include  "SHELL=CMD" "COMPILER=arm-none-eabi-gcc" "ASSEMBLER=arm-none-eabi-as"
000- "ARCHIVER=arm-none-eabi-ar" "COMPILER_FLAGS=  -O2 -c" "EXTRA_COMPILER_FLAGS=-mcpu=cortex-a9 -mfpu=vfpv3 -mfloat-abi=hard -nost
000-artfiles -g -Wall -Wextra"
000-
000-make -C ps7_cortexa9_1/libsrc/sdps_v3_10/src -s include  "SHELL=CMD" "COMPILER=arm-none-eabi-gcc" "ASSEMBLER=arm-none-eabi-as" 
000-"ARCHIVER=arm-none-eabi-ar" "COMPILER_FLAGS=  -O2 -c" "EXTRA_COMPILER_FLAGS=-mcpu=cortex-a9 -mfpu=vfpv3 -mfloat-abi=hard -nosta
000-rtfiles -g -Wall -Wextra"
000-
000-"Running Make include in ps7_cortexa9_1/libsrc/standalone_v7_3/src"
000-
000-make -C ps7_cortexa9_1/libsrc/standalone_v7_3/src -s include  "SHELL=CMD" "COMPILER=arm-none-eabi-gcc" "ASSEMBLER=arm-none-eabi
000--as" "ARCHIVER=arm-none-eabi-ar" "COMPILER_FLAGS=  -O2 -c" "EXTRA_COMPILER_FLAGS=-mcpu=cortex-a9 -mfpu=vfpv3 -mfloat-abi=hard -
000-nostartfiles -g -Wall -Wextra"
000-
000-"Running Make include in ps7_cortexa9_1/libsrc/ttcps_v3_12/src"
000-
000-make -C ps7_cortexa9_1/libsrc/ttcps_v3_12/src -s include  "SHELL=CMD" "COMPILER=arm-none-eabi-gcc" "ASSEMBLER=arm-none-eabi-as"
000- "ARCHIVER=arm-none-eabi-ar" "COMPILER_FLAGS=  -O2 -c" "EXTRA_COMPILER_FLAGS=-mcpu=cortex-a9 -mfpu=vfpv3 -mfloat-abi=hard -nost
000-artfiles -g -Wall -Wextra"
000-
000-"Running Make include in ps7_cortexa9_1/libsrc/uartlite_v3_5/src"
000-
000-make -C ps7_cortexa9_1/libsrc/uartlite_v3_5/src -s include  "SHELL=CMD" "COMPILER=arm-none-eabi-gcc" "ASSEMBLER=arm-none-eabi-a
000-s" "ARCHIVER=arm-none-eabi-ar" "COMPILER_FLAGS=  -O2 -c" "EXTRA_COMPILER_FLAGS=-mcpu=cortex-a9 -mfpu=vfpv3 -mfloat-abi=hard -no
000-startfiles -g -Wall -Wextra"
000-
000-"Running Make include in ps7_cortexa9_1/libsrc/uartps_v3_10/src"
000-
000-make -C ps7_cortexa9_1/libsrc/uartps_v3_10/src -s include  "SHELL=CMD" "COMPILER=arm-none-eabi-gcc" "ASSEMBLER=arm-none-eabi-as
000-" "ARCHIVER=arm-none-eabi-ar" "COMPILER_FLAGS=  -O2 -c" "EXTRA_COMPILER_FLAGS=-mcpu=cortex-a9 -mfpu=vfpv3 -mfloat-abi=hard -nos
000-tartfiles -g -Wall -Wextra"
000-
000-"Running Make include in ps7_cortexa9_1/libsrc/usbps_v2_6/src"
000-
000-make -C ps7_cortexa9_1/libsrc/usbps_v2_6/src -s include  "SHELL=CMD" "COMPILER=arm-none-eabi-gcc" "ASSEMBLER=arm-none-eabi-as" 
000-"ARCHIVER=arm-none-eabi-ar" "COMPILER_FLAGS=  -O2 -c" "EXTRA_COMPILER_FLAGS=-mcpu=cortex-a9 -mfpu=vfpv3 -mfloat-abi=hard -nosta
000-rtfiles -g -Wall -Wextra"
000-
000-"Running Make include in ps7_cortexa9_1/libsrc/vtc_v8_3/src"
000-
000-make -C ps7_cortexa9_1/libsrc/vtc_v8_3/src -s include  "SHELL=CMD" "COMPILER=arm-none-eabi-gcc" "ASSEMBLER=arm-none-eabi-as" "A
000-RCHIVER=arm-none-eabi-ar" "COMPILER_FLAGS=  -O2 -c" "EXTRA_COMPILER_FLAGS=-mcpu=cortex-a9 -mfpu=vfpv3 -mfloat-abi=hard -nostart
000-files -g -Wall -Wextra"
000-
000-"Running Make include in ps7_cortexa9_1/libsrc/xadcps_v2_5/src"
000-
000-make -C ps7_cortexa9_1/libsrc/xadcps_v2_5/src -s include  "SHELL=CMD" "COMPILER=arm-none-eabi-gcc" "ASSEMBLER=arm-none-eabi-as"
000- "ARCHIVER=arm-none-eabi-ar" "COMPILER_FLAGS=  -O2 -c" "EXTRA_COMPILER_FLAGS=-mcpu=cortex-a9 -mfpu=vfpv3 -mfloat-abi=hard -nost
000-artfiles -g -Wall -Wextra"
000-
000-"Running Make libs in ps7_cortexa9_1/libsrc/axicdma_v4_8/src"
000-
000-make -C ps7_cortexa9_1/libsrc/axicdma_v4_8/src -s libs  "SHELL=CMD" "COMPILER=arm-none-eabi-gcc" "ASSEMBLER=arm-none-eabi-as" "
000-ARCHIVER=arm-none-eabi-ar" "COMPILER_FLAGS=  -O2 -c" "EXTRA_COMPILER_FLAGS=-mcpu=cortex-a9 -mfpu=vfpv3 -mfloat-abi=hard -nostar
000-tfiles -g -Wall -Wextra"
000-
000-"Running Make libs in ps7_cortexa9_1/libsrc/axidma_v9_12/src"
000-
000-make -C ps7_cortexa9_1/libsrc/axidma_v9_12/src -s libs  "SHELL=CMD" "COMPILER=arm-none-eabi-gcc" "ASSEMBLER=arm-none-eabi-as" "
000-ARCHIVER=arm-none-eabi-ar" "COMPILER_FLAGS=  -O2 -c" "EXTRA_COMPILER_FLAGS=-mcpu=cortex-a9 -mfpu=vfpv3 -mfloat-abi=hard -nostar
000-tfiles -g -Wall -Wextra"
000-
000-"Running Make libs in ps7_cortexa9_1/libsrc/axivdma_v6_8/src"
000-
000-make -C ps7_cortexa9_1/libsrc/axivdma_v6_8/src -s libs  "SHELL=CMD" "COMPILER=arm-none-eabi-gcc" "ASSEMBLER=arm-none-eabi-as" "
000-ARCHIVER=arm-none-eabi-ar" "COMPILER_FLAGS=  -O2 -c" "EXTRA_COMPILER_FLAGS=-mcpu=cortex-a9 -mfpu=vfpv3 -mfloat-abi=hard -nostar
000-tfiles -g -Wall -Wextra"
000-
000-"Running Make libs in ps7_cortexa9_1/libsrc/coresightps_dcc_v1_8/src"
000-
000-"Running Make libs in ps7_cortexa9_1/libsrc/devcfg_v3_7/src"
000-
000-"Running Make libs in ps7_cortexa9_1/libsrc/clk_wiz_v1_4/src"
000-
000-"Running Make libs in ps7_cortexa9_1/libsrc/cpu_cortexa9_v2_10/src"
000-
000-make -C ps7_cortexa9_1/libsrc/clk_wiz_v1_4/src -s libs  "SHELL=CMD" "COMPILER=arm-none-eabi-gcc" "ASSEMBLER=arm-none-eabi-as" "
000-ARCHIVER=arm-none-eabi-ar" "COMPILER_FLAGS=  -O2 -c" "EXTRA_COMPILER_FLAGS=-mcpu=cortex-a9 -mfpu=vfpv3 -mfloat-abi=hard -nostar
000-tfiles -g -Wall -Wextra"
000-
000-make -C ps7_cortexa9_1/libsrc/coresightps_dcc_v1_8/src -s libs  "SHELL=CMD" "COMPILER=arm-none-eabi-gcc" "ASSEMBLER=arm-none-ea
000-bi-as" "ARCHIVER=arm-none-eabi-ar" "COMPILER_FLAGS=  -O2 -c" "EXTRA_COMPILER_FLAGS=-mcpu=cortex-a9 -mfpu=vfpv3 -mfloat-abi=hard
000- -nostartfiles -g -Wall -Wextra"
000-
000-make -C ps7_cortexa9_1/libsrc/cpu_cortexa9_v2_10/src -s libs  "SHELL=CMD" "COMPILER=arm-none-eabi-gcc" "ASSEMBLER=arm-none-eabi
000--as" "ARCHIVER=arm-none-eabi-ar" "COMPILER_FLAGS=  -O2 -c" "EXTRA_COMPILER_FLAGS=-mcpu=cortex-a9 -mfpu=vfpv3 -mfloat-abi=hard -
000-nostartfiles -g -Wall -Wextra"
000-
000-make -C ps7_cortexa9_1/libsrc/devcfg_v3_7/src -s libs  "SHELL=CMD" "COMPILER=arm-none-eabi-gcc" "ASSEMBLER=arm-none-eabi-as" "A
000-RCHIVER=arm-none-eabi-ar" "COMPILER_FLAGS=  -O2 -c" "EXTRA_COMPILER_FLAGS=-mcpu=cortex-a9 -mfpu=vfpv3 -mfloat-abi=hard -nostart
000-files -g -Wall -Wextra"
000-
000-"Running Make libs in ps7_cortexa9_1/libsrc/iicps_v3_12/src"
000-
000-"Running Make libs in ps7_cortexa9_1/libsrc/ddrps_v1_2/src"
000-
000-make -C ps7_cortexa9_1/libsrc/ddrps_v1_2/src -s libs  "SHELL=CMD" "COMPILER=arm-none-eabi-gcc" "ASSEMBLER=arm-none-eabi-as" "AR
000-CHIVER=arm-none-eabi-ar" "COMPILER_FLAGS=  -O2 -c" "EXTRA_COMPILER_FLAGS=-mcpu=cortex-a9 -mfpu=vfpv3 -mfloat-abi=hard -nostartf
000-iles -g -Wall -Wextra"
000-
000-make -C ps7_cortexa9_1/libsrc/iicps_v3_12/src -s libs  "SHELL=CMD" "COMPILER=arm-none-eabi-gcc" "ASSEMBLER=arm-none-eabi-as" "A
000-RCHIVER=arm-none-eabi-ar" "COMPILER_FLAGS=  -O2 -c" "EXTRA_COMPILER_FLAGS=-mcpu=cortex-a9 -mfpu=vfpv3 -mfloat-abi=hard -nostart
000-files -g -Wall -Wextra"
000-
000-"Running Make libs in ps7_cortexa9_1/libsrc/dmaps_v2_7/src"
000-
000-"Running Make libs in ps7_cortexa9_1/libsrc/emacps_v3_12/src"
000-
000-make -C ps7_cortexa9_1/libsrc/dmaps_v2_7/src -s libs  "SHELL=CMD" "COMPILER=arm-none-eabi-gcc" "ASSEMBLER=arm-none-eabi-as" "AR
000-CHIVER=arm-none-eabi-ar" "COMPILER_FLAGS=  -O2 -c" "EXTRA_COMPILER_FLAGS=-mcpu=cortex-a9 -mfpu=vfpv3 -mfloat-abi=hard -nostartf
000-iles -g -Wall -Wextra"
000-
000-make -C ps7_cortexa9_1/libsrc/emacps_v3_12/src -s libs  "SHELL=CMD" "COMPILER=arm-none-eabi-gcc" "ASSEMBLER=arm-none-eabi-as" "
000-ARCHIVER=arm-none-eabi-ar" "COMPILER_FLAGS=  -O2 -c" "EXTRA_COMPILER_FLAGS=-mcpu=cortex-a9 -mfpu=vfpv3 -mfloat-abi=hard -nostar
000-tfiles -g -Wall -Wextra"
000-
000-"Running Make libs in ps7_cortexa9_1/libsrc/gpiops_v3_8/src"
000-
000-"Running Make libs in ps7_cortexa9_1/libsrc/qspips_v3_8/src"
000-
000-"Running Make libs in ps7_cortexa9_1/libsrc/scuwdt_v2_3/src"
000-
000-make -C ps7_cortexa9_1/libsrc/gpiops_v3_8/src -s libs  "SHELL=CMD" "COMPILER=arm-none-eabi-gcc" "ASSEMBLER=arm-none-eabi-as" "A
000-RCHIVER=arm-none-eabi-ar" "COMPILER_FLAGS=  -O2 -c" "EXTRA_COMPILER_FLAGS=-mcpu=cortex-a9 -mfpu=vfpv3 -mfloat-abi=hard -nostart
000-files -g -Wall -Wextra"
000-
000-"Running Make libs in ps7_cortexa9_1/libsrc/gpio_v4_7/src"
000-
000-make -C ps7_cortexa9_1/libsrc/qspips_v3_8/src -s libs  "SHELL=CMD" "COMPILER=arm-none-eabi-gcc" "ASSEMBLER=arm-none-eabi-as" "A
000-RCHIVER=arm-none-eabi-ar" "COMPILER_FLAGS=  -O2 -c" "EXTRA_COMPILER_FLAGS=-mcpu=cortex-a9 -mfpu=vfpv3 -mfloat-abi=hard -nostart
000-files -g -Wall -Wextra"
000-
000-make -C ps7_cortexa9_1/libsrc/gpio_v4_7/src -s libs  "SHELL=CMD" "COMPILER=arm-none-eabi-gcc" "ASSEMBLER=arm-none-eabi-as" "ARC
000-HIVER=arm-none-eabi-ar" "COMPILER_FLAGS=  -O2 -c" "EXTRA_COMPILER_FLAGS=-mcpu=cortex-a9 -mfpu=vfpv3 -mfloat-abi=hard -nostartfi
000-les -g -Wall -Wextra"
000-
000-make -C ps7_cortexa9_1/libsrc/scuwdt_v2_3/src -s libs  "SHELL=CMD" "COMPILER=arm-none-eabi-gcc" "ASSEMBLER=arm-none-eabi-as" "A
000-RCHIVER=arm-none-eabi-ar" "COMPILER_FLAGS=  -O2 -c" "EXTRA_COMPILER_FLAGS=-mcpu=cortex-a9 -mfpu=vfpv3 -mfloat-abi=hard -nostart
000-files -g -Wall -Wextra"
000-
000-"Running Make libs in ps7_cortexa9_1/libsrc/intc_v3_12/src"
000-
000-In file included from ../../../include/xstatus.h:29,
000-                 from xclk_wiz.c:35:
000-xclk_wiz.c: In function 'XClk_Wiz_SetMinErr':
000-"Running Make libs in ps7_cortexa9_1/libsrc/iic_v3_7/src"
000-
000-"Running Make libs in ps7_cortexa9_1/libsrc/ttcps_v3_12/src"
000-
000-"Running Make libs in ps7_cortexa9_1/libsrc/uartlite_v3_5/src"
000-
000-"Running Make libs in ps7_cortexa9_1/libsrc/scutimer_v2_3/src"
000-
000-make -C ps7_cortexa9_1/libsrc/iic_v3_7/src -s libs  "SHELL=CMD" "COMPILER=arm-none-eabi-gcc" "ASSEMBLER=arm-none-eabi-as" "ARCH
000-IVER=arm-none-eabi-ar" "COMPILER_FLAGS=  -O2 -c" "EXTRA_COMPILER_FLAGS=-mcpu=cortex-a9 -mfpu=vfpv3 -mfloat-abi=hard -nostartfil
000-es -g -Wall -Wextra"
000-
000-make -C ps7_cortexa9_1/libsrc/intc_v3_12/src -s libs  "SHELL=CMD" "COMPILER=arm-none-eabi-gcc" "ASSEMBLER=arm-none-eabi-as" "AR
000-CHIVER=arm-none-eabi-ar" "COMPILER_FLAGS=  -O2 -c" "EXTRA_COMPILER_FLAGS=-mcpu=cortex-a9 -mfpu=vfpv3 -mfloat-abi=hard -nostartf
000-iles -g -Wall -Wextra"
000-
000-make -C ps7_cortexa9_1/libsrc/scutimer_v2_3/src -s libs  "SHELL=CMD" "COMPILER=arm-none-eabi-gcc" "ASSEMBLER=arm-none-eabi-as" 
000-"ARCHIVER=arm-none-eabi-ar" "COMPILER_FLAGS=  -O2 -c" "EXTRA_COMPILER_FLAGS=-mcpu=cortex-a9 -mfpu=vfpv3 -mfloat-abi=hard -nosta
000-rtfiles -g -Wall -Wextra"
000-
000-make -C ps7_cortexa9_1/libsrc/ttcps_v3_12/src -s libs  "SHELL=CMD" "COMPILER=arm-none-eabi-gcc" "ASSEMBLER=arm-none-eabi-as" "A
000-RCHIVER=arm-none-eabi-ar" "COMPILER_FLAGS=  -O2 -c" "EXTRA_COMPILER_FLAGS=-mcpu=cortex-a9 -mfpu=vfpv3 -mfloat-abi=hard -nostart
000-files -g -Wall -Wextra"
000-
000-make -C ps7_cortexa9_1/libsrc/uartlite_v3_5/src -s libs  "SHELL=CMD" "COMPILER=arm-none-eabi-gcc" "ASSEMBLER=arm-none-eabi-as" 
000-"ARCHIVER=arm-none-eabi-ar" "COMPILER_FLAGS=  -O2 -c" "EXTRA_COMPILER_FLAGS=-mcpu=cortex-a9 -mfpu=vfpv3 -mfloat-abi=hard -nosta
000-rtfiles -g -Wall -Wextra"
000-
000-"Running Make libs in ps7_cortexa9_1/libsrc/standalone_v7_3/src"
000-
000/system_wrapper/ps7_cortexa9_1/standalone_ps7_cortexa9_1/bsp/ps7_cortexa9_1/include/xil_assert.h111-1-1'return' with a value, in function returning void [-Wreturn-type]1-../../../include/xil_assert.h:111:16: warning: 'return' with a value, in function returning void [-Wreturn-type]
000-  111 |         return 0;                                  \
000-      |                ^
000/system_wrapper299-1-1in expansion of macro 'Xil_AssertNonvoid'0-xclk_wiz.c:299:2: note: in expansion of macro 'Xil_AssertNonvoid'
000-  299 |  Xil_AssertNonvoid(InstancePtr != NULL);
000-      |  ^~~~~~~~~~~~~~~~~
000/system_wrapper297-1-1declared here0-xclk_wiz.c:297:6: note: declared here
000-  297 | void XClk_Wiz_SetMinErr(XClk_Wiz  *InstancePtr, u64 Minerr)
000-      |      ^~~~~~~~~~~~~~~~~~
000-In file included from ../../../include/xstatus.h:29,
000-                 from xclk_wiz.c:35:
000/system_wrapper/ps7_cortexa9_1/standalone_ps7_cortexa9_1/bsp/ps7_cortexa9_1/include/xil_assert.h111-1-1'return' with a value, in function returning void [-Wreturn-type]1-../../../include/xil_assert.h:111:16: warning: 'return' with a value, in function returning void [-Wreturn-type]
000-  111 |         return 0;                                  \
000-      |                ^
000/system_wrapper300-1-1in expansion of macro 'Xil_AssertNonvoid'0-xclk_wiz.c:300:2: note: in expansion of macro 'Xil_AssertNonvoid'
000-  300 |  Xil_AssertNonvoid(InstancePtr->IsReady == XIL_COMPONENT_IS_READY);
000-      |  ^~~~~~~~~~~~~~~~~
000/system_wrapper297-1-1declared here0-xclk_wiz.c:297:6: note: declared here
000-  297 | void XClk_Wiz_SetMinErr(XClk_Wiz  *InstancePtr, u64 Minerr)
000-      |      ^~~~~~~~~~~~~~~~~~
000-make -C ps7_cortexa9_1/libsrc/standalone_v7_3/src -s libs  "SHELL=CMD" "COMPILER=arm-none-eabi-gcc" "ASSEMBLER=arm-none-eabi-as
000-" "ARCHIVER=arm-none-eabi-ar" "COMPILER_FLAGS=  -O2 -c" "EXTRA_COMPILER_FLAGS=-mcpu=cortex-a9 -mfpu=vfpv3 -mfloat-abi=hard -nos
000-tartfiles -g -Wall -Wextra"
000-
000-"Running Make libs in ps7_cortexa9_1/libsrc/sdps_v3_10/src"
000-
000-"Running Make libs in ps7_cortexa9_1/libsrc/uartps_v3_10/src"
000-
000-"Running Make libs in ps7_cortexa9_1/libsrc/xadcps_v2_5/src"
000-
000-make -C ps7_cortexa9_1/libsrc/sdps_v3_10/src -s libs  "SHELL=CMD" "COMPILER=arm-none-eabi-gcc" "ASSEMBLER=arm-none-eabi-as" "AR
000-CHIVER=arm-none-eabi-ar" "COMPILER_FLAGS=  -O2 -c" "EXTRA_COMPILER_FLAGS=-mcpu=cortex-a9 -mfpu=vfpv3 -mfloat-abi=hard -nostartf
000-iles -g -Wall -Wextra"
000-
000-"Running Make libs in ps7_cortexa9_1/libsrc/scugic_v4_3/src"
000-
000-make -C ps7_cortexa9_1/libsrc/uartps_v3_10/src -s libs  "SHELL=CMD" "COMPILER=arm-none-eabi-gcc" "ASSEMBLER=arm-none-eabi-as" "
000-ARCHIVER=arm-none-eabi-ar" "COMPILER_FLAGS=  -O2 -c" "EXTRA_COMPILER_FLAGS=-mcpu=cortex-a9 -mfpu=vfpv3 -mfloat-abi=hard -nostar
000-tfiles -g -Wall -Wextra"
000-
000-make -C ps7_cortexa9_1/libsrc/xadcps_v2_5/src -s libs  "SHELL=CMD" "COMPILER=arm-none-eabi-gcc" "ASSEMBLER=arm-none-eabi-as" "A
000-RCHIVER=arm-none-eabi-ar" "COMPILER_FLAGS=  -O2 -c" "EXTRA_COMPILER_FLAGS=-mcpu=cortex-a9 -mfpu=vfpv3 -mfloat-abi=hard -nostart
000-files -g -Wall -Wextra"
000-
000-make -C ps7_cortexa9_1/libsrc/scugic_v4_3/src -s libs  "SHELL=CMD" "COMPILER=arm-none-eabi-gcc" "ASSEMBLER=arm-none-eabi-as" "A
000-RCHIVER=arm-none-eabi-ar" "COMPILER_FLAGS=  -O2 -c" "EXTRA_COMPILER_FLAGS=-mcpu=cortex-a9 -mfpu=vfpv3 -mfloat-abi=hard -nostart
000-files -g -Wall -Wextra"
000-
000-"Running Make libs in ps7_cortexa9_1/libsrc/usbps_v2_6/src"
000-
000-"Running Make libs in ps7_cortexa9_1/libsrc/vtc_v8_3/src"
000-
000-make -C ps7_cortexa9_1/libsrc/usbps_v2_6/src -s libs  "SHELL=CMD" "COMPILER=arm-none-eabi-gcc" "ASSEMBLER=arm-none-eabi-as" "AR
000-CHIVER=arm-none-eabi-ar" "COMPILER_FLAGS=  -O2 -c" "EXTRA_COMPILER_FLAGS=-mcpu=cortex-a9 -mfpu=vfpv3 -mfloat-abi=hard -nostartf
000-iles -g -Wall -Wextra"
000-
000-make -C ps7_cortexa9_1/libsrc/vtc_v8_3/src -s libs  "SHELL=CMD" "COMPILER=arm-none-eabi-gcc" "ASSEMBLER=arm-none-eabi-as" "ARCH
000-IVER=arm-none-eabi-ar" "COMPILER_FLAGS=  -O2 -c" "EXTRA_COMPILER_FLAGS=-mcpu=cortex-a9 -mfpu=vfpv3 -mfloat-abi=hard -nostartfil
000-es -g -Wall -Wextra"
000-
000-In file included from xtime_l.c:27:
000/system_wrapper65-1-1#pragma message: For the sleep routines, Global timer is being used0-xtime_l.h:65:9: note: #pragma message: For the sleep routines, Global timer is being used
000-   65 | #pragma message ("For the sleep routines, Global timer is being used")
000-      |         ^~~~~~~
000-In file included from usleep.c:34:
000/system_wrapper65-1-1#pragma message: For the sleep routines, Global timer is being used0-xtime_l.h:65:9: note: #pragma message: For the sleep routines, Global timer is being used
000-   65 | #pragma message ("For the sleep routines, Global timer is being used")
000-      |         ^~~~~~~
000-In file included from xil_sleeptimer.c:32:
000/system_wrapper65-1-1#pragma message: For the sleep routines, Global timer is being used0-xtime_l.h:65:9: note: #pragma message: For the sleep routines, Global timer is being used
000-   65 | #pragma message ("For the sleep routines, Global timer is being used")
000-      |         ^~~~~~~
000-In file included from sleep.c:31:
000/system_wrapper65-1-1#pragma message: For the sleep routines, Global timer is being used0-xtime_l.h:65:9: note: #pragma message: For the sleep routines, Global timer is being used
000-   65 | #pragma message ("For the sleep routines, Global timer is being used")
000-      |         ^~~~~~~
000-'Finished building libraries parallelly.'
000-
000-make --no-print-directory archive
000-
000-arm-none-eabi-ar -r  ps7_cortexa9_1/lib/libxil.a ps7_cortexa9_1/lib/xadcps_selftest.o ps7_cortexa9_1/lib/xplatform_info.o ps7_c
000-ortexa9_1/lib/xuartlite.o ps7_cortexa9_1/lib/xil_mem.o ps7_cortexa9_1/lib/xil_testio.o ps7_cortexa9_1/lib/isatty.o ps7_cortexa9
000-_1/lib/xdevcfg_hw.o ps7_cortexa9_1/lib/xil_sleeptimer.o ps7_cortexa9_1/lib/xqspips_options.o ps7_cortexa9_1/lib/xdmaps_g.o ps7_
000-cortexa9_1/lib/xscutimer_g.o ps7_cortexa9_1/lib/xaxicdma_g.o ps7_cortexa9_1/lib/xdmaps_sinit.o ps7_cortexa9_1/lib/xscutimer_sin
000-it.o ps7_cortexa9_1/lib/xemacps_hw.o ps7_cortexa9_1/lib/inbyte.o ps7_cortexa9_1/lib/xsdps_options.o ps7_cortexa9_1/lib/xaxicdma
000-_sinit.o ps7_cortexa9_1/lib/xscutimer_selftest.o ps7_cortexa9_1/lib/xil_misc_psreset_api.o ps7_cortexa9_1/lib/putnum.o ps7_cort
000-exa9_1/lib/xuartlite_stats.o ps7_cortexa9_1/lib/xttcps_selftest.o ps7_cortexa9_1/lib/xadcps_intr.o ps7_cortexa9_1/lib/xgpiops_g
000-.o ps7_cortexa9_1/lib/xsdps.o ps7_cortexa9_1/lib/close.o ps7_cortexa9_1/lib/_exit.o ps7_cortexa9_1/lib/xscugic_intr.o ps7_corte
000-xa9_1/lib/xscugic_hw.o ps7_cortexa9_1/lib/xaxicdma_bd.o ps7_cortexa9_1/lib/xintc_g.o ps7_cortexa9_1/lib/xuartps.o ps7_cortexa9_
000-1/lib/xgpiops_selftest.o ps7_cortexa9_1/lib/xgpio_g.o ps7_cortexa9_1/lib/xscuwdt.o ps7_cortexa9_1/lib/xaxivdma_g.o ps7_cortexa9
000-_1/lib/xclk_wiz_intr.o ps7_cortexa9_1/lib/xiicps_intr.o ps7_cortexa9_1/lib/xaxivdma_sinit.o ps7_cortexa9_1/lib/xuartps_sinit.o 
000-ps7_cortexa9_1/lib/xgpio_selftest.o ps7_cortexa9_1/lib/xiic_intr.o ps7_cortexa9_1/lib/xaxivdma_selftest.o ps7_cortexa9_1/lib/xi
000-icps_slave.o ps7_cortexa9_1/lib/xgpio_intr.o ps7_cortexa9_1/lib/xintc_intr.o ps7_cortexa9_1/lib/xil_printf.o ps7_cortexa9_1/lib
000-/xiic_g.o ps7_cortexa9_1/lib/xadcps.o ps7_cortexa9_1/lib/xiic_stats.o ps7_cortexa9_1/lib/xiicps_options.o ps7_cortexa9_1/lib/xi
000-ntc_l.o ps7_cortexa9_1/lib/xuartps_selftest.o ps7_cortexa9_1/lib/lseek.o ps7_cortexa9_1/lib/xiic_slave.o ps7_cortexa9_1/lib/xvt
000-c.o ps7_cortexa9_1/lib/xil_testmem.o ps7_cortexa9_1/lib/xusbps_hw.o ps7_cortexa9_1/lib/xaxicdma_intr.o ps7_cortexa9_1/lib/xl2cc
000-_counter.o ps7_cortexa9_1/lib/xiicps_hw.o ps7_cortexa9_1/lib/xiic_options.o ps7_cortexa9_1/lib/xuartps_g.o ps7_cortexa9_1/lib/x
000-sdps_sinit.o ps7_cortexa9_1/lib/asm_vectors.o ps7_cortexa9_1/lib/abort.o ps7_cortexa9_1/lib/xdevcfg_g.o ps7_cortexa9_1/lib/xuar
000-tlite_l.o ps7_cortexa9_1/lib/getpid.o ps7_cortexa9_1/lib/xil_testcache.o ps7_cortexa9_1/lib/xdevcfg_sinit.o ps7_cortexa9_1/lib/
000-xdmaps.o ps7_cortexa9_1/lib/xgpiops_sinit.o ps7_cortexa9_1/lib/xdevcfg_selftest.o ps7_cortexa9_1/lib/xvtc_intr.o ps7_cortexa9_1
000-/lib/xaxicdma.o ps7_cortexa9_1/lib/xttcps.o ps7_cortexa9_1/lib/xpm_counter.o ps7_cortexa9_1/lib/xemacps_g.o ps7_cortexa9_1/lib/
000-xiicps.o ps7_cortexa9_1/lib/_sbrk.o ps7_cortexa9_1/lib/xemacps_sinit.o ps7_cortexa9_1/lib/xuartlite_intr.o ps7_cortexa9_1/lib/x
000-usbps_endpoint.o ps7_cortexa9_1/lib/xiicps_master.o ps7_cortexa9_1/lib/xqspips_g.o ps7_cortexa9_1/lib/xgpiops.o ps7_cortexa9_1/
000-lib/xemacps.o ps7_cortexa9_1/lib/xqspips_sinit.o ps7_cortexa9_1/lib/xiic_dyn_master.o ps7_cortexa9_1/lib/xqspips_selftest.o ps7
000-_cortexa9_1/lib/xil_exception.o ps7_cortexa9_1/lib/sbrk.o ps7_cortexa9_1/lib/xaxivdma.o ps7_cortexa9_1/lib/xvtc_g.o ps7_cortexa
000-9_1/lib/xemacps_control.o ps7_cortexa9_1/lib/xiic_master.o ps7_cortexa9_1/lib/open.o ps7_cortexa9_1/lib/xil_assert.o ps7_cortex
000-a9_1/lib/xaxivdma_intr.o ps7_cortexa9_1/lib/xusbps_intr.o ps7_cortexa9_1/lib/xscugic.o ps7_cortexa9_1/lib/xsdps_host.o ps7_cort
000-exa9_1/lib/xcoresightpsdcc.o ps7_cortexa9_1/lib/xiicps_xfer.o ps7_cortexa9_1/lib/xintc.o ps7_cortexa9_1/lib/xiic.o ps7_cortexa9
000-_1/lib/sleep.o ps7_cortexa9_1/lib/xil-crt0.o ps7_cortexa9_1/lib/xiic_selftest.o ps7_cortexa9_1/lib/cpputest_time.o ps7_cortexa9
000-_1/lib/xintc_selftest.o ps7_cortexa9_1/lib/xdevcfg.o ps7_cortexa9_1/lib/xaxicdma_bdring.o ps7_cortexa9_1/lib/kill.o ps7_cortexa
000-9_1/lib/xttcps_options.o ps7_cortexa9_1/lib/print.o ps7_cortexa9_1/lib/xscutimer.o ps7_cortexa9_1/lib/xvtc_selftest.o ps7_corte
000-xa9_1/lib/xqspips.o ps7_cortexa9_1/lib/xclk_wiz_g.o ps7_cortexa9_1/lib/xil_cache.o ps7_cortexa9_1/lib/xclk_wiz_sinit.o ps7_cort
000-exa9_1/lib/xvtc_sinit.o ps7_cortexa9_1/lib/xiic_multi_master.o ps7_cortexa9_1/lib/unlink.o ps7_cortexa9_1/lib/xaxidma_g.o ps7_c
000-ortexa9_1/lib/xusbps.o ps7_cortexa9_1/lib/xqspips_hw.o ps7_cortexa9_1/lib/xdmaps_selftest.o ps7_cortexa9_1/lib/xaxidma_sinit.o 
000-ps7_cortexa9_1/lib/xiicps_g.o ps7_cortexa9_1/lib/translation_table.o ps7_cortexa9_1/lib/xaxidma_selftest.o ps7_cortexa9_1/lib/w
000-rite.o ps7_cortexa9_1/lib/xil_mmu.o ps7_cortexa9_1/lib/boot.o ps7_cortexa9_1/lib/xemacps_bdring.o ps7_cortexa9_1/lib/xaxivdma_c
000-hannel.o ps7_cortexa9_1/lib/cpu_init.o ps7_cortexa9_1/lib/xil_util.o ps7_cortexa9_1/lib/xaxidma_bd.o ps7_cortexa9_1/lib/usleep.
000-o ps7_cortexa9_1/lib/xil_sleepcommon.o ps7_cortexa9_1/lib/xgpiops_intr.o ps7_cortexa9_1/lib/xscugic_sinit.o ps7_cortexa9_1/lib/
000-_open.o ps7_cortexa9_1/lib/fcntl.o ps7_cortexa9_1/lib/outbyte.o ps7_cortexa9_1/lib/xuartps_hw.o ps7_cortexa9_1/lib/read.o ps7_c
000-ortexa9_1/lib/xttcps_g.o ps7_cortexa9_1/lib/xuartlite_g.o ps7_cortexa9_1/lib/xtime_l.o ps7_cortexa9_1/lib/xscugic_selftest.o ps
000-7_cortexa9_1/lib/xuartlite_selftest.o ps7_cortexa9_1/lib/xgpio_sinit.o ps7_cortexa9_1/lib/xuartps_intr.o ps7_cortexa9_1/lib/xsd
000-ps_card.o ps7_cortexa9_1/lib/xdmaps_hw.o ps7_cortexa9_1/lib/xclk_wiz.o ps7_cortexa9_1/lib/xttcps_sinit.o ps7_cortexa9_1/lib/xii
000-c_l.o ps7_cortexa9_1/lib/xscuwdt_sinit.o ps7_cortexa9_1/lib/xiic_sinit.o ps7_cortexa9_1/lib/xgpiops_hw.o ps7_cortexa9_1/lib/xsd
000-ps_g.o ps7_cortexa9_1/lib/fstat.o ps7_cortexa9_1/lib/xaxidma.o ps7_cortexa9_1/lib/errno.o ps7_cortexa9_1/lib/xgpio.o ps7_cortex
000-a9_1/lib/xintc_options.o ps7_cortexa9_1/lib/xdevcfg_intr.o ps7_cortexa9_1/lib/xuartps_options.o ps7_cortexa9_1/lib/vectors.o ps
000-7_cortexa9_1/lib/xusbps_g.o ps7_cortexa9_1/lib/xscuwdt_selftest.o ps7_cortexa9_1/lib/xscuwdt_g.o ps7_cortexa9_1/lib/xil_clockin
000-g.o ps7_cortexa9_1/lib/xemacps_intr.o ps7_cortexa9_1/lib/xiicps_selftest.o ps7_cortexa9_1/lib/xgpio_extra.o ps7_cortexa9_1/lib/
000-xusbps_sinit.o ps7_cortexa9_1/lib/xscugic_g.o ps7_cortexa9_1/lib/xiicps_sinit.o ps7_cortexa9_1/lib/xadcps_g.o ps7_cortexa9_1/li
000-b/xuartlite_sinit.o ps7_cortexa9_1/lib/xaxidma_bdring.o ps7_cortexa9_1/lib/xadcps_sinit.o
000-
000-'Finished building libraries'
000-
00255-
15:17:04 Build Finished (took 24s.316ms)

