TRACE::2025-06-08.17:04:56::SCWPlatform::Trying to open the hw design at C:/Users/saber/Desktop/share/DanDike_NewBoard/vitis1/system_wrapper/hw/system_wrapper.xsa
TRACE::2025-06-08.17:04:56::SCWPlatform::DSA given C:/Users/saber/Desktop/share/DanDike_NewBoard/vitis1/system_wrapper/hw/system_wrapper.xsa
TRACE::2025-06-08.17:04:56::SCWPlatform::DSA absoulate path C:/Users/saber/Desktop/share/DanDike_NewBoard/vitis1/system_wrapper/hw/system_wrapper.xsa
TRACE::2025-06-08.17:04:58::SCWPlatform::DSA directory C:/Users/saber/Desktop/share/DanDike_NewBoard/vitis1/system_wrapper/hw
TRACE::2025-06-08.17:04:58::SCWPlatform:: Platform Path C:/Users/saber/Desktop/share/DanDike_NewBoard/vitis1/system_wrapper/hw/system_wrapper.xsa
TRACE::2025-06-08.17:04:58::SCWPlatform:: Unique name xilinx:::0.0
TRACE::2025-06-08.17:04:58::SCWPlatform::Do not have an existing db opened. 
TRACE::2025-06-08.17:05:01::SCWPlatform::Opened new HwDB with name system_wrapper_0
TRACE::2025-06-08.17:05:01::SCWWriter::formatted JSON is {
	"platformName":	"system_wrapper",
	"sprVersion":	"2.0",
	"mode":	"gui",
	"dsaType":	"Fixed",
	"platformDesc":	"system_wrapper",
	"platHandOff":	"<platformDir>.xsa",
	"platIntHandOff":	"<platformDir>/hw/system_wrapper.xsa",
	"deviceType":	"zynq",
	"platIsPrebuiltAutogen":	"false",
	"platIsNoBootBsp":	"false",
	"hasFsblMakeHasChanges":	"false",
	"hasPmufwMakeHasChanges":	"false",
	"platPreBuiltFlag":	false,
	"platformSamplesDir":	""
}
TRACE::2025-06-08.17:05:01::SCWWriter::formatted JSON is {
	"platformName":	"system_wrapper",
	"sprVersion":	"2.0",
	"mode":	"gui",
	"dsaType":	"Fixed",
	"platformDesc":	"system_wrapper",
	"platHandOff":	"<platformDir>.xsa",
	"platIntHandOff":	"<platformDir>/hw/system_wrapper.xsa",
	"deviceType":	"zynq",
	"platIsPrebuiltAutogen":	"false",
	"platIsNoBootBsp":	"false",
	"hasFsblMakeHasChanges":	"false",
	"hasPmufwMakeHasChanges":	"false",
	"platPreBuiltFlag":	false,
	"platformSamplesDir":	"",
	"platActiveSys":	"system_wrapper",
	"systems":	[{
			"systemName":	"system_wrapper",
			"systemDesc":	"system_wrapper",
			"sysIsBootAutoGen":	"true",
			"systemDispName":	"system_wrapper"
		}]
}
TRACE::2025-06-08.17:05:01::SCWPlatform::Boot application domains not present, creating them
TRACE::2025-06-08.17:05:01::SCWDomain::checking for install qemu data   : 
TRACE::2025-06-08.17:05:01::SCWDomain:: Using the QEMU Data from install at  : E:/vivado/Vitis/2020.2/data/emulation/platforms/zynq/sw/a9_standalone/qemu/
TRACE::2025-06-08.17:05:01::SCWDomain:: Using the QEMU args  from install at  : E:/vivado/Vitis/2020.2/data/emulation/platforms/zynq/sw/a9_standalone/qemu/qemu_args.txt
TRACE::2025-06-08.17:05:01::SCWPlatform::Trying to open the hw design at C:/Users/saber/Desktop/share/DanDike_NewBoard/vitis1/system_wrapper/hw/system_wrapper.xsa
TRACE::2025-06-08.17:05:01::SCWPlatform::DSA given C:/Users/saber/Desktop/share/DanDike_NewBoard/vitis1/system_wrapper/hw/system_wrapper.xsa
TRACE::2025-06-08.17:05:01::SCWPlatform::DSA absoulate path C:/Users/saber/Desktop/share/DanDike_NewBoard/vitis1/system_wrapper/hw/system_wrapper.xsa
TRACE::2025-06-08.17:05:01::SCWPlatform::DSA directory C:/Users/saber/Desktop/share/DanDike_NewBoard/vitis1/system_wrapper/hw
TRACE::2025-06-08.17:05:01::SCWPlatform:: Platform Path C:/Users/saber/Desktop/share/DanDike_NewBoard/vitis1/system_wrapper/hw/system_wrapper.xsa
TRACE::2025-06-08.17:05:01::SCWPlatform:: Unique name xilinx:::0.0
TRACE::2025-06-08.17:05:01::SCWPlatform::Trying to set the existing hwdb with name system_wrapper_0
TRACE::2025-06-08.17:05:01::SCWPlatform::Opened existing hwdb system_wrapper_0
TRACE::2025-06-08.17:05:01::SCWPlatform::Found the Hw Db part of the input DSA
TRACE::2025-06-08.17:05:01::SCWPlatform::Trying to open the hw design at C:/Users/saber/Desktop/share/DanDike_NewBoard/vitis1/system_wrapper/hw/system_wrapper.xsa
TRACE::2025-06-08.17:05:01::SCWPlatform::DSA given C:/Users/saber/Desktop/share/DanDike_NewBoard/vitis1/system_wrapper/hw/system_wrapper.xsa
TRACE::2025-06-08.17:05:01::SCWPlatform::DSA absoulate path C:/Users/saber/Desktop/share/DanDike_NewBoard/vitis1/system_wrapper/hw/system_wrapper.xsa
TRACE::2025-06-08.17:05:01::SCWPlatform::DSA directory C:/Users/saber/Desktop/share/DanDike_NewBoard/vitis1/system_wrapper/hw
TRACE::2025-06-08.17:05:01::SCWPlatform:: Platform Path C:/Users/saber/Desktop/share/DanDike_NewBoard/vitis1/system_wrapper/hw/system_wrapper.xsa
TRACE::2025-06-08.17:05:01::SCWPlatform:: Unique name xilinx:::0.0
TRACE::2025-06-08.17:05:01::SCWPlatform::Trying to set the existing hwdb with name system_wrapper_0
TRACE::2025-06-08.17:05:01::SCWPlatform::Opened existing hwdb system_wrapper_0
TRACE::2025-06-08.17:05:01::SCWPlatform::Found the Hw Db part of the input DSA
TRACE::2025-06-08.17:05:01::SCWPlatform::Trying to open the hw design at C:/Users/saber/Desktop/share/DanDike_NewBoard/vitis1/system_wrapper/hw/system_wrapper.xsa
TRACE::2025-06-08.17:05:01::SCWPlatform::DSA given C:/Users/saber/Desktop/share/DanDike_NewBoard/vitis1/system_wrapper/hw/system_wrapper.xsa
TRACE::2025-06-08.17:05:01::SCWPlatform::DSA absoulate path C:/Users/saber/Desktop/share/DanDike_NewBoard/vitis1/system_wrapper/hw/system_wrapper.xsa
TRACE::2025-06-08.17:05:01::SCWPlatform::DSA directory C:/Users/saber/Desktop/share/DanDike_NewBoard/vitis1/system_wrapper/hw
TRACE::2025-06-08.17:05:01::SCWPlatform:: Platform Path C:/Users/saber/Desktop/share/DanDike_NewBoard/vitis1/system_wrapper/hw/system_wrapper.xsa
TRACE::2025-06-08.17:05:01::SCWPlatform:: Unique name xilinx:::0.0
TRACE::2025-06-08.17:05:01::SCWPlatform::Trying to set the existing hwdb with name system_wrapper_0
TRACE::2025-06-08.17:05:01::SCWPlatform::Opened existing hwdb system_wrapper_0
TRACE::2025-06-08.17:05:01::SCWPlatform::Found the Hw Db part of the input DSA
TRACE::2025-06-08.17:05:01::SCWPlatform::Boot application domain added for zynq_fsbl
TRACE::2025-06-08.17:05:01::SCWPlatform::Generating the sources  .
TRACE::2025-06-08.17:05:01::SCWBDomain::Generating boot domain sources.
TRACE::2025-06-08.17:05:01::SCWBDomain:: Generating the zynq_fsbl Application.
TRACE::2025-06-08.17:05:01::SCWPlatform::Trying to open the hw design at C:/Users/saber/Desktop/share/DanDike_NewBoard/vitis1/system_wrapper/hw/system_wrapper.xsa
TRACE::2025-06-08.17:05:01::SCWPlatform::DSA given C:/Users/saber/Desktop/share/DanDike_NewBoard/vitis1/system_wrapper/hw/system_wrapper.xsa
TRACE::2025-06-08.17:05:01::SCWPlatform::DSA absoulate path C:/Users/saber/Desktop/share/DanDike_NewBoard/vitis1/system_wrapper/hw/system_wrapper.xsa
TRACE::2025-06-08.17:05:01::SCWPlatform::DSA directory C:/Users/saber/Desktop/share/DanDike_NewBoard/vitis1/system_wrapper/hw
TRACE::2025-06-08.17:05:01::SCWPlatform:: Platform Path C:/Users/saber/Desktop/share/DanDike_NewBoard/vitis1/system_wrapper/hw/system_wrapper.xsa
TRACE::2025-06-08.17:05:01::SCWPlatform:: Unique name xilinx:::0.0
TRACE::2025-06-08.17:05:01::SCWPlatform::Trying to set the existing hwdb with name system_wrapper_0
TRACE::2025-06-08.17:05:01::SCWPlatform::Opened existing hwdb system_wrapper_0
TRACE::2025-06-08.17:05:01::SCWPlatform::Found the Hw Db part of the input DSA
TRACE::2025-06-08.17:05:01::SCWMssOS::Checking the sw design at  C:/Users/saber/Desktop/share/DanDike_NewBoard/vitis1/system_wrapper/zynq_fsbl/zynq_fsbl_bsp/system.mss
TRACE::2025-06-08.17:05:01::SCWMssOS::DEBUG:  swdes dump  
TRACE::2025-06-08.17:05:01::SCWMssOS::No sw design opened at  C:/Users/saber/Desktop/share/DanDike_NewBoard/vitis1/system_wrapper/zynq_fsbl/zynq_fsbl_bsp/system.mss
TRACE::2025-06-08.17:05:01::SCWMssOS::mss does not exists at C:/Users/saber/Desktop/share/DanDike_NewBoard/vitis1/system_wrapper/zynq_fsbl/zynq_fsbl_bsp/system.mss
TRACE::2025-06-08.17:05:01::SCWMssOS::Creating sw design at  C:/Users/saber/Desktop/share/DanDike_NewBoard/vitis1/system_wrapper/zynq_fsbl/zynq_fsbl_bsp/system.mss
TRACE::2025-06-08.17:05:01::SCWMssOS::Adding the swdes entry, created swdb C:/Users/saber/Desktop/share/DanDike_NewBoard/vitis1/system_wrapper/zynq_fsbl/zynq_fsbl_bsp/system.mss with des name C:/Users/saber/Desktop/share/DanDike_NewBoard/vitis1/system_wrapper/zynq_fsbl/zynq_fsbl_bsp/system.mss
TRACE::2025-06-08.17:05:01::SCWMssOS::updating the scw layer changes to swdes at   C:/Users/saber/Desktop/share/DanDike_NewBoard/vitis1/system_wrapper/zynq_fsbl/zynq_fsbl_bsp/system.mss
TRACE::2025-06-08.17:05:01::SCWMssOS::Writing mss at C:/Users/saber/Desktop/share/DanDike_NewBoard/vitis1/system_wrapper/zynq_fsbl/zynq_fsbl_bsp/system.mss
TRACE::2025-06-08.17:05:01::SCWMssOS::Completed writing the mss file at C:/Users/saber/Desktop/share/DanDike_NewBoard/vitis1/system_wrapper/zynq_fsbl/zynq_fsbl_bsp
TRACE::2025-06-08.17:05:01::SCWMssOS::Picking up changes from newly written mss file into SCW Layer. 
TRACE::2025-06-08.17:05:01::SCWMssOS::Updated the changes from newly written mss file into SCW Layer. 
TRACE::2025-06-08.17:05:01::SCWBDomain::Completed writing the mss file at C:/Users/saber/Desktop/share/DanDike_NewBoard/vitis1/system_wrapper/zynq_fsbl/zynq_fsbl_bsp
TRACE::2025-06-08.17:05:11::SCWPlatform::Generating sources Done.
TRACE::2025-06-08.17:05:11::SCWPlatform::Trying to open the hw design at C:/Users/saber/Desktop/share/DanDike_NewBoard/vitis1/system_wrapper/hw/system_wrapper.xsa
TRACE::2025-06-08.17:05:11::SCWPlatform::DSA given C:/Users/saber/Desktop/share/DanDike_NewBoard/vitis1/system_wrapper/hw/system_wrapper.xsa
TRACE::2025-06-08.17:05:11::SCWPlatform::DSA absoulate path C:/Users/saber/Desktop/share/DanDike_NewBoard/vitis1/system_wrapper/hw/system_wrapper.xsa
TRACE::2025-06-08.17:05:11::SCWPlatform::DSA directory C:/Users/saber/Desktop/share/DanDike_NewBoard/vitis1/system_wrapper/hw
TRACE::2025-06-08.17:05:11::SCWPlatform:: Platform Path C:/Users/saber/Desktop/share/DanDike_NewBoard/vitis1/system_wrapper/hw/system_wrapper.xsa
TRACE::2025-06-08.17:05:11::SCWPlatform:: Unique name xilinx:::0.0
TRACE::2025-06-08.17:05:11::SCWPlatform::Trying to set the existing hwdb with name system_wrapper_0
TRACE::2025-06-08.17:05:11::SCWPlatform::Opened existing hwdb system_wrapper_0
TRACE::2025-06-08.17:05:11::SCWPlatform::Found the Hw Db part of the input DSA
TRACE::2025-06-08.17:05:11::SCWMssOS::Checking the sw design at  C:/Users/saber/Desktop/share/DanDike_NewBoard/vitis1/system_wrapper/zynq_fsbl/zynq_fsbl_bsp/system.mss
TRACE::2025-06-08.17:05:11::SCWMssOS::DEBUG:  swdes dump  C:/Users/saber/Desktop/share/DanDike_NewBoard/vitis1/system_wrapper/zynq_fsbl/zynq_fsbl_bsp/system.mss|C:/Users/saber/Desktop/share/DanDike_NewBoard/vitis1/system_wrapper/zynq_fsbl/zynq_fsbl_bsp/system.mss||

KEYINFO::2025-06-08.17:05:11::SCWMssOS::Could not open the swdb for C:/Users/saber/Desktop/share/DanDike_NewBoard/vitis1/system_wrapper/zynq_fsbl/zynq_fsbl_bsp/system.mss
KEYINFO::2025-06-08.17:05:11::SCWMssOS::Could not open the sw design at  C:/Users/saber/Desktop/share/DanDike_NewBoard/vitis1/system_wrapper/zynq_fsbl/zynq_fsbl_bsp/system.mss
ERROR: [Hsi 55-1558] Software Design C:/Users/saber/Desktop/share/DanDike_NewBoard/vitis1/system_wrapper/zynq_fsbl/zynq_fsbl_bsp/system.mss is not found

TRACE::2025-06-08.17:05:11::SCWMssOS::Cleared the swdb table entry
TRACE::2025-06-08.17:05:11::SCWMssOS::No sw design opened at  C:/Users/saber/Desktop/share/DanDike_NewBoard/vitis1/system_wrapper/zynq_fsbl/zynq_fsbl_bsp/system.mss
TRACE::2025-06-08.17:05:11::SCWMssOS::mss exists loading the mss file  C:/Users/saber/Desktop/share/DanDike_NewBoard/vitis1/system_wrapper/zynq_fsbl/zynq_fsbl_bsp/system.mss
TRACE::2025-06-08.17:05:11::SCWMssOS::Opened the sw design from mss  C:/Users/saber/Desktop/share/DanDike_NewBoard/vitis1/system_wrapper/zynq_fsbl/zynq_fsbl_bsp/system.mss
TRACE::2025-06-08.17:05:11::SCWMssOS::Adding the swdes entry C:/Users/saber/Desktop/share/DanDike_NewBoard/vitis1/system_wrapper/zynq_fsbl/zynq_fsbl_bsp/system.mss with des name system
TRACE::2025-06-08.17:05:11::SCWMssOS::updating the scw layer about changes
TRACE::2025-06-08.17:05:11::SCWMssOS::Opened the sw design.  C:/Users/saber/Desktop/share/DanDike_NewBoard/vitis1/system_wrapper/zynq_fsbl/zynq_fsbl_bsp/system.mss
TRACE::2025-06-08.17:05:11::SCWMssOS::Saving the mss changes C:/Users/saber/Desktop/share/DanDike_NewBoard/vitis1/system_wrapper/zynq_fsbl/zynq_fsbl_bsp/system.mss
TRACE::2025-06-08.17:05:11::SCWMssOS::Found a swdesign opened with the mssfile.
TRACE::2025-06-08.17:05:11::SCWMssOS::Completed writemss as part of save.
TRACE::2025-06-08.17:05:11::SCWMssOS::Commit changes completed.
TRACE::2025-06-08.17:05:11::SCWPlatform::Trying to open the hw design at C:/Users/saber/Desktop/share/DanDike_NewBoard/vitis1/system_wrapper/hw/system_wrapper.xsa
TRACE::2025-06-08.17:05:11::SCWPlatform::DSA given C:/Users/saber/Desktop/share/DanDike_NewBoard/vitis1/system_wrapper/hw/system_wrapper.xsa
TRACE::2025-06-08.17:05:11::SCWPlatform::DSA absoulate path C:/Users/saber/Desktop/share/DanDike_NewBoard/vitis1/system_wrapper/hw/system_wrapper.xsa
TRACE::2025-06-08.17:05:11::SCWPlatform::DSA directory C:/Users/saber/Desktop/share/DanDike_NewBoard/vitis1/system_wrapper/hw
TRACE::2025-06-08.17:05:11::SCWPlatform:: Platform Path C:/Users/saber/Desktop/share/DanDike_NewBoard/vitis1/system_wrapper/hw/system_wrapper.xsa
TRACE::2025-06-08.17:05:11::SCWPlatform:: Unique name xilinx:::0.0
TRACE::2025-06-08.17:05:11::SCWPlatform::Trying to set the existing hwdb with name system_wrapper_0
TRACE::2025-06-08.17:05:11::SCWPlatform::Opened existing hwdb system_wrapper_0
TRACE::2025-06-08.17:05:11::SCWPlatform::Found the Hw Db part of the input DSA
TRACE::2025-06-08.17:05:11::SCWMssOS::Checking the sw design at  C:/Users/saber/Desktop/share/DanDike_NewBoard/vitis1/system_wrapper/zynq_fsbl/zynq_fsbl_bsp/system.mss
TRACE::2025-06-08.17:05:11::SCWMssOS::DEBUG:  swdes dump  C:/Users/saber/Desktop/share/DanDike_NewBoard/vitis1/system_wrapper/zynq_fsbl/zynq_fsbl_bsp/system.mss|system||

TRACE::2025-06-08.17:05:11::SCWMssOS::Sw design exists and opened at  C:/Users/saber/Desktop/share/DanDike_NewBoard/vitis1/system_wrapper/zynq_fsbl/zynq_fsbl_bsp/system.mss
TRACE::2025-06-08.17:05:11::SCWPlatform::Trying to open the hw design at C:/Users/saber/Desktop/share/DanDike_NewBoard/vitis1/system_wrapper/hw/system_wrapper.xsa
TRACE::2025-06-08.17:05:11::SCWPlatform::DSA given C:/Users/saber/Desktop/share/DanDike_NewBoard/vitis1/system_wrapper/hw/system_wrapper.xsa
TRACE::2025-06-08.17:05:11::SCWPlatform::DSA absoulate path C:/Users/saber/Desktop/share/DanDike_NewBoard/vitis1/system_wrapper/hw/system_wrapper.xsa
TRACE::2025-06-08.17:05:11::SCWPlatform::DSA directory C:/Users/saber/Desktop/share/DanDike_NewBoard/vitis1/system_wrapper/hw
TRACE::2025-06-08.17:05:11::SCWPlatform:: Platform Path C:/Users/saber/Desktop/share/DanDike_NewBoard/vitis1/system_wrapper/hw/system_wrapper.xsa
TRACE::2025-06-08.17:05:11::SCWPlatform:: Unique name xilinx:::0.0
TRACE::2025-06-08.17:05:11::SCWPlatform::Trying to set the existing hwdb with name system_wrapper_0
TRACE::2025-06-08.17:05:11::SCWPlatform::Opened existing hwdb system_wrapper_0
TRACE::2025-06-08.17:05:11::SCWPlatform::Found the Hw Db part of the input DSA
TRACE::2025-06-08.17:05:11::SCWMssOS::Checking the sw design at  C:/Users/saber/Desktop/share/DanDike_NewBoard/vitis1/system_wrapper/zynq_fsbl/zynq_fsbl_bsp/system.mss
TRACE::2025-06-08.17:05:11::SCWMssOS::DEBUG:  swdes dump  C:/Users/saber/Desktop/share/DanDike_NewBoard/vitis1/system_wrapper/zynq_fsbl/zynq_fsbl_bsp/system.mss|system||

TRACE::2025-06-08.17:05:11::SCWMssOS::Sw design exists and opened at  C:/Users/saber/Desktop/share/DanDike_NewBoard/vitis1/system_wrapper/zynq_fsbl/zynq_fsbl_bsp/system.mss
TRACE::2025-06-08.17:05:11::SCWPlatform::Trying to open the hw design at C:/Users/saber/Desktop/share/DanDike_NewBoard/vitis1/system_wrapper/hw/system_wrapper.xsa
TRACE::2025-06-08.17:05:11::SCWPlatform::DSA given C:/Users/saber/Desktop/share/DanDike_NewBoard/vitis1/system_wrapper/hw/system_wrapper.xsa
TRACE::2025-06-08.17:05:11::SCWPlatform::DSA absoulate path C:/Users/saber/Desktop/share/DanDike_NewBoard/vitis1/system_wrapper/hw/system_wrapper.xsa
TRACE::2025-06-08.17:05:11::SCWPlatform::DSA directory C:/Users/saber/Desktop/share/DanDike_NewBoard/vitis1/system_wrapper/hw
TRACE::2025-06-08.17:05:11::SCWPlatform:: Platform Path C:/Users/saber/Desktop/share/DanDike_NewBoard/vitis1/system_wrapper/hw/system_wrapper.xsa
TRACE::2025-06-08.17:05:11::SCWPlatform:: Unique name xilinx:::0.0
TRACE::2025-06-08.17:05:11::SCWPlatform::Trying to set the existing hwdb with name system_wrapper_0
TRACE::2025-06-08.17:05:11::SCWPlatform::Opened existing hwdb system_wrapper_0
TRACE::2025-06-08.17:05:11::SCWPlatform::Found the Hw Db part of the input DSA
TRACE::2025-06-08.17:05:11::SCWMssOS::Checking the sw design at  C:/Users/saber/Desktop/share/DanDike_NewBoard/vitis1/system_wrapper/zynq_fsbl/zynq_fsbl_bsp/system.mss
TRACE::2025-06-08.17:05:11::SCWMssOS::DEBUG:  swdes dump  C:/Users/saber/Desktop/share/DanDike_NewBoard/vitis1/system_wrapper/zynq_fsbl/zynq_fsbl_bsp/system.mss|system||

TRACE::2025-06-08.17:05:11::SCWMssOS::Sw design exists and opened at  C:/Users/saber/Desktop/share/DanDike_NewBoard/vitis1/system_wrapper/zynq_fsbl/zynq_fsbl_bsp/system.mss
TRACE::2025-06-08.17:05:11::SCWWriter::formatted JSON is {
	"platformName":	"system_wrapper",
	"sprVersion":	"2.0",
	"mode":	"gui",
	"dsaType":	"Fixed",
	"platformDesc":	"system_wrapper",
	"platHandOff":	"<platformDir>.xsa",
	"platIntHandOff":	"<platformDir>/hw/system_wrapper.xsa",
	"deviceType":	"zynq",
	"platIsPrebuiltAutogen":	"false",
	"platIsNoBootBsp":	"false",
	"platFsblTarget":	"ps7_cortexa9_0",
	"hasFsblMakeHasChanges":	"false",
	"hasPmufwMakeHasChanges":	"false",
	"fsblExtraCompilerFlags":	"-MMD -MP       -mcpu=cortex-a9 -mfpu=vfpv3 -mfloat-abi=hard ",
	"platPreBuiltFlag":	false,
	"platformSamplesDir":	"",
	"platActiveSys":	"system_wrapper",
	"systems":	[{
			"systemName":	"system_wrapper",
			"systemDesc":	"system_wrapper",
			"sysIsBootAutoGen":	"true",
			"systemDispName":	"system_wrapper",
			"sysActiveDom":	"zynq_fsbl",
			"sysDefaultDom":	"",
			"domains":	[{
					"domainName":	"zynq_fsbl",
					"domainDispName":	"zynq_fsbl",
					"domainDesc":	"FSBL Application BSP - Auto Generated.",
					"processors":	"ps7_cortexa9_0",
					"os":	"standalone",
					"sdxOs":	"standalone",
					"debugEnable":	"",
					"domRuntimes":	["cpp"],
					"swRepo":	"",
					"mssOsVer":	"7.3",
					"mssFile":	"",
					"md5Digest":	"dacb7111ae2ca53c35e8ea57ed4ecb10",
					"compatibleApp":	"zynq_fsbl",
					"domType":	"bootDomain",
					"arch":	"32-bit",
					"appSettings":	{
						"appCompilerFlags":	"",
						"appLinkerFlags":	""
					},
					"addedLibs":	["xilffs:4.4", "xilrsa:1.6"],
					"libOptions":	{
						"libsContainingOptions":	[]
					},
					"prebuiltLibs":	{
						"prebuiltIncPath":	[],
						"prebuiltLibPath":	[]
					},
					"isolation":	{
					}
				}]
		}]
}
TRACE::2025-06-08.17:05:11::SCWMssOS::Saving the mss changes C:/Users/saber/Desktop/share/DanDike_NewBoard/vitis1/system_wrapper/zynq_fsbl/zynq_fsbl_bsp/system.mss
TRACE::2025-06-08.17:05:11::SCWMssOS::Found a swdesign opened with the mssfile.
TRACE::2025-06-08.17:05:11::SCWMssOS::Completed writemss as part of save.
TRACE::2025-06-08.17:05:11::SCWMssOS::Commit changes completed.
TRACE::2025-06-08.17:05:11::SCWPlatform::Trying to open the hw design at C:/Users/saber/Desktop/share/DanDike_NewBoard/vitis1/system_wrapper/hw/system_wrapper.xsa
TRACE::2025-06-08.17:05:11::SCWPlatform::DSA given C:/Users/saber/Desktop/share/DanDike_NewBoard/vitis1/system_wrapper/hw/system_wrapper.xsa
TRACE::2025-06-08.17:05:11::SCWPlatform::DSA absoulate path C:/Users/saber/Desktop/share/DanDike_NewBoard/vitis1/system_wrapper/hw/system_wrapper.xsa
TRACE::2025-06-08.17:05:11::SCWPlatform::DSA directory C:/Users/saber/Desktop/share/DanDike_NewBoard/vitis1/system_wrapper/hw
TRACE::2025-06-08.17:05:11::SCWPlatform:: Platform Path C:/Users/saber/Desktop/share/DanDike_NewBoard/vitis1/system_wrapper/hw/system_wrapper.xsa
TRACE::2025-06-08.17:05:11::SCWPlatform:: Unique name xilinx:::0.0
TRACE::2025-06-08.17:05:11::SCWPlatform::Trying to set the existing hwdb with name system_wrapper_0
TRACE::2025-06-08.17:05:11::SCWPlatform::Opened existing hwdb system_wrapper_0
TRACE::2025-06-08.17:05:11::SCWPlatform::Found the Hw Db part of the input DSA
TRACE::2025-06-08.17:05:11::SCWMssOS::Checking the sw design at  C:/Users/saber/Desktop/share/DanDike_NewBoard/vitis1/system_wrapper/zynq_fsbl/zynq_fsbl_bsp/system.mss
TRACE::2025-06-08.17:05:11::SCWMssOS::DEBUG:  swdes dump  C:/Users/saber/Desktop/share/DanDike_NewBoard/vitis1/system_wrapper/zynq_fsbl/zynq_fsbl_bsp/system.mss|system||

TRACE::2025-06-08.17:05:11::SCWMssOS::Sw design exists and opened at  C:/Users/saber/Desktop/share/DanDike_NewBoard/vitis1/system_wrapper/zynq_fsbl/zynq_fsbl_bsp/system.mss
TRACE::2025-06-08.17:05:11::SCWPlatform::Trying to open the hw design at C:/Users/saber/Desktop/share/DanDike_NewBoard/vitis1/system_wrapper/hw/system_wrapper.xsa
TRACE::2025-06-08.17:05:11::SCWPlatform::DSA given C:/Users/saber/Desktop/share/DanDike_NewBoard/vitis1/system_wrapper/hw/system_wrapper.xsa
TRACE::2025-06-08.17:05:11::SCWPlatform::DSA absoulate path C:/Users/saber/Desktop/share/DanDike_NewBoard/vitis1/system_wrapper/hw/system_wrapper.xsa
TRACE::2025-06-08.17:05:11::SCWPlatform::DSA directory C:/Users/saber/Desktop/share/DanDike_NewBoard/vitis1/system_wrapper/hw
TRACE::2025-06-08.17:05:11::SCWPlatform:: Platform Path C:/Users/saber/Desktop/share/DanDike_NewBoard/vitis1/system_wrapper/hw/system_wrapper.xsa
TRACE::2025-06-08.17:05:11::SCWPlatform:: Unique name xilinx:::0.0
TRACE::2025-06-08.17:05:11::SCWPlatform::Trying to set the existing hwdb with name system_wrapper_0
TRACE::2025-06-08.17:05:11::SCWPlatform::Opened existing hwdb system_wrapper_0
TRACE::2025-06-08.17:05:11::SCWPlatform::Found the Hw Db part of the input DSA
TRACE::2025-06-08.17:05:11::SCWMssOS::Checking the sw design at  C:/Users/saber/Desktop/share/DanDike_NewBoard/vitis1/system_wrapper/zynq_fsbl/zynq_fsbl_bsp/system.mss
TRACE::2025-06-08.17:05:11::SCWMssOS::DEBUG:  swdes dump  C:/Users/saber/Desktop/share/DanDike_NewBoard/vitis1/system_wrapper/zynq_fsbl/zynq_fsbl_bsp/system.mss|system||

TRACE::2025-06-08.17:05:11::SCWMssOS::Sw design exists and opened at  C:/Users/saber/Desktop/share/DanDike_NewBoard/vitis1/system_wrapper/zynq_fsbl/zynq_fsbl_bsp/system.mss
TRACE::2025-06-08.17:05:11::SCWPlatform::Trying to open the hw design at C:/Users/saber/Desktop/share/DanDike_NewBoard/vitis1/system_wrapper/hw/system_wrapper.xsa
TRACE::2025-06-08.17:05:11::SCWPlatform::DSA given C:/Users/saber/Desktop/share/DanDike_NewBoard/vitis1/system_wrapper/hw/system_wrapper.xsa
TRACE::2025-06-08.17:05:11::SCWPlatform::DSA absoulate path C:/Users/saber/Desktop/share/DanDike_NewBoard/vitis1/system_wrapper/hw/system_wrapper.xsa
TRACE::2025-06-08.17:05:11::SCWPlatform::DSA directory C:/Users/saber/Desktop/share/DanDike_NewBoard/vitis1/system_wrapper/hw
TRACE::2025-06-08.17:05:11::SCWPlatform:: Platform Path C:/Users/saber/Desktop/share/DanDike_NewBoard/vitis1/system_wrapper/hw/system_wrapper.xsa
TRACE::2025-06-08.17:05:11::SCWPlatform:: Unique name xilinx:::0.0
TRACE::2025-06-08.17:05:11::SCWPlatform::Trying to set the existing hwdb with name system_wrapper_0
TRACE::2025-06-08.17:05:11::SCWPlatform::Opened existing hwdb system_wrapper_0
TRACE::2025-06-08.17:05:11::SCWPlatform::Found the Hw Db part of the input DSA
TRACE::2025-06-08.17:05:11::SCWMssOS::Checking the sw design at  C:/Users/saber/Desktop/share/DanDike_NewBoard/vitis1/system_wrapper/zynq_fsbl/zynq_fsbl_bsp/system.mss
TRACE::2025-06-08.17:05:11::SCWMssOS::DEBUG:  swdes dump  C:/Users/saber/Desktop/share/DanDike_NewBoard/vitis1/system_wrapper/zynq_fsbl/zynq_fsbl_bsp/system.mss|system||

TRACE::2025-06-08.17:05:11::SCWMssOS::Sw design exists and opened at  C:/Users/saber/Desktop/share/DanDike_NewBoard/vitis1/system_wrapper/zynq_fsbl/zynq_fsbl_bsp/system.mss
TRACE::2025-06-08.17:05:11::SCWWriter::formatted JSON is {
	"platformName":	"system_wrapper",
	"sprVersion":	"2.0",
	"mode":	"gui",
	"dsaType":	"Fixed",
	"platformDesc":	"system_wrapper",
	"platHandOff":	"<platformDir>.xsa",
	"platIntHandOff":	"<platformDir>/hw/system_wrapper.xsa",
	"deviceType":	"zynq",
	"platIsPrebuiltAutogen":	"false",
	"platIsNoBootBsp":	"false",
	"platFsblTarget":	"ps7_cortexa9_0",
	"hasFsblMakeHasChanges":	"false",
	"hasPmufwMakeHasChanges":	"false",
	"fsblExtraCompilerFlags":	"-MMD -MP       -mcpu=cortex-a9 -mfpu=vfpv3 -mfloat-abi=hard ",
	"platPreBuiltFlag":	false,
	"platformSamplesDir":	"",
	"platActiveSys":	"system_wrapper",
	"systems":	[{
			"systemName":	"system_wrapper",
			"systemDesc":	"system_wrapper",
			"sysIsBootAutoGen":	"true",
			"systemDispName":	"system_wrapper",
			"sysActiveDom":	"zynq_fsbl",
			"sysDefaultDom":	"",
			"domains":	[{
					"domainName":	"zynq_fsbl",
					"domainDispName":	"zynq_fsbl",
					"domainDesc":	"FSBL Application BSP - Auto Generated.",
					"processors":	"ps7_cortexa9_0",
					"os":	"standalone",
					"sdxOs":	"standalone",
					"debugEnable":	"",
					"domRuntimes":	["cpp"],
					"swRepo":	"",
					"mssOsVer":	"7.3",
					"mssFile":	"",
					"md5Digest":	"dacb7111ae2ca53c35e8ea57ed4ecb10",
					"compatibleApp":	"zynq_fsbl",
					"domType":	"bootDomain",
					"arch":	"32-bit",
					"appSettings":	{
						"appCompilerFlags":	"",
						"appLinkerFlags":	""
					},
					"addedLibs":	["xilffs:4.4", "xilrsa:1.6"],
					"libOptions":	{
						"libsContainingOptions":	[]
					},
					"prebuiltLibs":	{
						"prebuiltIncPath":	[],
						"prebuiltLibPath":	[]
					},
					"isolation":	{
					}
				}]
		}]
}
TRACE::2025-06-08.17:05:11::SCWDomain::checking for install qemu data   : 
TRACE::2025-06-08.17:05:11::SCWDomain:: Using the QEMU Data from install at  : E:/vivado/Vitis/2020.2/data/emulation/platforms/zynq/sw/a9_standalone/qemu/
TRACE::2025-06-08.17:05:11::SCWDomain:: Using the QEMU args  from install at  : E:/vivado/Vitis/2020.2/data/emulation/platforms/zynq/sw/a9_standalone/qemu/qemu_args.txt
TRACE::2025-06-08.17:05:11::SCWPlatform::Trying to open the hw design at C:/Users/saber/Desktop/share/DanDike_NewBoard/vitis1/system_wrapper/hw/system_wrapper.xsa
TRACE::2025-06-08.17:05:11::SCWPlatform::DSA given C:/Users/saber/Desktop/share/DanDike_NewBoard/vitis1/system_wrapper/hw/system_wrapper.xsa
TRACE::2025-06-08.17:05:11::SCWPlatform::DSA absoulate path C:/Users/saber/Desktop/share/DanDike_NewBoard/vitis1/system_wrapper/hw/system_wrapper.xsa
TRACE::2025-06-08.17:05:11::SCWPlatform::DSA directory C:/Users/saber/Desktop/share/DanDike_NewBoard/vitis1/system_wrapper/hw
TRACE::2025-06-08.17:05:11::SCWPlatform:: Platform Path C:/Users/saber/Desktop/share/DanDike_NewBoard/vitis1/system_wrapper/hw/system_wrapper.xsa
TRACE::2025-06-08.17:05:11::SCWPlatform:: Unique name xilinx:::0.0
TRACE::2025-06-08.17:05:11::SCWPlatform::Trying to set the existing hwdb with name system_wrapper_0
TRACE::2025-06-08.17:05:11::SCWPlatform::Opened existing hwdb system_wrapper_0
TRACE::2025-06-08.17:05:11::SCWPlatform::Found the Hw Db part of the input DSA
TRACE::2025-06-08.17:05:11::SCWPlatform::Trying to open the hw design at C:/Users/saber/Desktop/share/DanDike_NewBoard/vitis1/system_wrapper/hw/system_wrapper.xsa
TRACE::2025-06-08.17:05:11::SCWPlatform::DSA given C:/Users/saber/Desktop/share/DanDike_NewBoard/vitis1/system_wrapper/hw/system_wrapper.xsa
TRACE::2025-06-08.17:05:11::SCWPlatform::DSA absoulate path C:/Users/saber/Desktop/share/DanDike_NewBoard/vitis1/system_wrapper/hw/system_wrapper.xsa
TRACE::2025-06-08.17:05:11::SCWPlatform::DSA directory C:/Users/saber/Desktop/share/DanDike_NewBoard/vitis1/system_wrapper/hw
TRACE::2025-06-08.17:05:11::SCWPlatform:: Platform Path C:/Users/saber/Desktop/share/DanDike_NewBoard/vitis1/system_wrapper/hw/system_wrapper.xsa
TRACE::2025-06-08.17:05:11::SCWPlatform:: Unique name xilinx:::0.0
TRACE::2025-06-08.17:05:11::SCWPlatform::Trying to set the existing hwdb with name system_wrapper_0
TRACE::2025-06-08.17:05:11::SCWPlatform::Opened existing hwdb system_wrapper_0
TRACE::2025-06-08.17:05:11::SCWPlatform::Found the Hw Db part of the input DSA
TRACE::2025-06-08.17:05:11::SCWPlatform::Trying to open the hw design at C:/Users/saber/Desktop/share/DanDike_NewBoard/vitis1/system_wrapper/hw/system_wrapper.xsa
TRACE::2025-06-08.17:05:11::SCWPlatform::DSA given C:/Users/saber/Desktop/share/DanDike_NewBoard/vitis1/system_wrapper/hw/system_wrapper.xsa
TRACE::2025-06-08.17:05:11::SCWPlatform::DSA absoulate path C:/Users/saber/Desktop/share/DanDike_NewBoard/vitis1/system_wrapper/hw/system_wrapper.xsa
TRACE::2025-06-08.17:05:11::SCWPlatform::DSA directory C:/Users/saber/Desktop/share/DanDike_NewBoard/vitis1/system_wrapper/hw
TRACE::2025-06-08.17:05:11::SCWPlatform:: Platform Path C:/Users/saber/Desktop/share/DanDike_NewBoard/vitis1/system_wrapper/hw/system_wrapper.xsa
TRACE::2025-06-08.17:05:11::SCWPlatform:: Unique name xilinx:::0.0
TRACE::2025-06-08.17:05:11::SCWPlatform::Trying to set the existing hwdb with name system_wrapper_0
TRACE::2025-06-08.17:05:11::SCWPlatform::Opened existing hwdb system_wrapper_0
TRACE::2025-06-08.17:05:11::SCWPlatform::Found the Hw Db part of the input DSA
TRACE::2025-06-08.17:05:11::SCWMssOS::Checking the sw design at  C:/Users/saber/Desktop/share/DanDike_NewBoard/vitis1/system_wrapper/ps7_cortexa9_1/standalone_ps7_cortexa9_1/bsp/system.mss
TRACE::2025-06-08.17:05:11::SCWMssOS::DEBUG:  swdes dump  C:/Users/saber/Desktop/share/DanDike_NewBoard/vitis1/system_wrapper/zynq_fsbl/zynq_fsbl_bsp/system.mss|system||

TRACE::2025-06-08.17:05:11::SCWMssOS::No sw design opened at  C:/Users/saber/Desktop/share/DanDike_NewBoard/vitis1/system_wrapper/ps7_cortexa9_1/standalone_ps7_cortexa9_1/bsp/system.mss
TRACE::2025-06-08.17:05:11::SCWMssOS::mss does not exists at C:/Users/saber/Desktop/share/DanDike_NewBoard/vitis1/system_wrapper/ps7_cortexa9_1/standalone_ps7_cortexa9_1/bsp/system.mss
TRACE::2025-06-08.17:05:11::SCWMssOS::Creating sw design at  C:/Users/saber/Desktop/share/DanDike_NewBoard/vitis1/system_wrapper/ps7_cortexa9_1/standalone_ps7_cortexa9_1/bsp/system.mss
TRACE::2025-06-08.17:05:11::SCWMssOS::Adding the swdes entry, created swdb C:/Users/saber/Desktop/share/DanDike_NewBoard/vitis1/system_wrapper/ps7_cortexa9_1/standalone_ps7_cortexa9_1/bsp/system.mss with des name C:/Users/saber/Desktop/share/DanDike_NewBoard/vitis1/system_wrapper/ps7_cortexa9_1/standalone_ps7_cortexa9_1/bsp/system.mss
TRACE::2025-06-08.17:05:11::SCWMssOS::updating the scw layer changes to swdes at   C:/Users/saber/Desktop/share/DanDike_NewBoard/vitis1/system_wrapper/ps7_cortexa9_1/standalone_ps7_cortexa9_1/bsp/system.mss
TRACE::2025-06-08.17:05:11::SCWMssOS::Writing mss at C:/Users/saber/Desktop/share/DanDike_NewBoard/vitis1/system_wrapper/ps7_cortexa9_1/standalone_ps7_cortexa9_1/bsp/system.mss
TRACE::2025-06-08.17:05:11::SCWMssOS::Completed writing the mss file at C:/Users/saber/Desktop/share/DanDike_NewBoard/vitis1/system_wrapper/ps7_cortexa9_1/standalone_ps7_cortexa9_1/bsp
TRACE::2025-06-08.17:05:11::SCWMssOS::Picking up changes from newly written mss file into SCW Layer. 
TRACE::2025-06-08.17:05:11::SCWMssOS::Updated the changes from newly written mss file into SCW Layer. 
TRACE::2025-06-08.17:05:11::SCWMssOS::Completed writing the mss file at C:/Users/saber/Desktop/share/DanDike_NewBoard/vitis1/system_wrapper/ps7_cortexa9_1/standalone_ps7_cortexa9_1/bsp
TRACE::2025-06-08.17:05:11::SCWMssOS::Forcing BSP Sources regeneration.
TRACE::2025-06-08.17:05:14::SCWMssOS::Saving the mss changes C:/Users/saber/Desktop/share/DanDike_NewBoard/vitis1/system_wrapper/zynq_fsbl/zynq_fsbl_bsp/system.mss
TRACE::2025-06-08.17:05:14::SCWMssOS::Found a swdesign opened with the mssfile.
TRACE::2025-06-08.17:05:14::SCWMssOS::Completed writemss as part of save.
TRACE::2025-06-08.17:05:14::SCWMssOS::Commit changes completed.
TRACE::2025-06-08.17:05:14::SCWMssOS::Saving the mss changes C:/Users/saber/Desktop/share/DanDike_NewBoard/vitis1/system_wrapper/ps7_cortexa9_1/standalone_ps7_cortexa9_1/bsp/system.mss
TRACE::2025-06-08.17:05:14::SCWMssOS::Found a swdesign opened with the mssfile.
TRACE::2025-06-08.17:05:14::SCWMssOS::Running validate of swdbs.
KEYINFO::2025-06-08.17:05:14::SCWMssOS::Could not open the swdb for C:/Users/saber/Desktop/share/DanDike_NewBoard/vitis1/system_wrapper/ps7_cortexa9_1/standalone_ps7_cortexa9_1/bsp/system.mss
KEYINFO::2025-06-08.17:05:14::SCWMssOS::Could not open the sw design at  C:/Users/saber/Desktop/share/DanDike_NewBoard/vitis1/system_wrapper/ps7_cortexa9_1/standalone_ps7_cortexa9_1/bsp/system.mss
ERROR: [Hsi 55-1558] Software Design C:/Users/saber/Desktop/share/DanDike_NewBoard/vitis1/system_wrapper/ps7_cortexa9_1/standalone_ps7_cortexa9_1/bsp/system.mss is not found

TRACE::2025-06-08.17:05:14::SCWMssOS::Cleared the swdb table entry
TRACE::2025-06-08.17:05:14::SCWMssOS::Adding the swdes entry, mss present, able to open swdb C:/Users/saber/Desktop/share/DanDike_NewBoard/vitis1/system_wrapper/ps7_cortexa9_1/standalone_ps7_cortexa9_1/bsp/system.mss with des name system_0
TRACE::2025-06-08.17:05:14::SCWMssOS::Writing the mss file completed C:/Users/saber/Desktop/share/DanDike_NewBoard/vitis1/system_wrapper/ps7_cortexa9_1/standalone_ps7_cortexa9_1/bsp/system.mss
TRACE::2025-06-08.17:05:14::SCWMssOS::Commit changes completed.
TRACE::2025-06-08.17:05:14::SCWPlatform::Trying to open the hw design at C:/Users/saber/Desktop/share/DanDike_NewBoard/vitis1/system_wrapper/hw/system_wrapper.xsa
TRACE::2025-06-08.17:05:14::SCWPlatform::DSA given C:/Users/saber/Desktop/share/DanDike_NewBoard/vitis1/system_wrapper/hw/system_wrapper.xsa
TRACE::2025-06-08.17:05:14::SCWPlatform::DSA absoulate path C:/Users/saber/Desktop/share/DanDike_NewBoard/vitis1/system_wrapper/hw/system_wrapper.xsa
TRACE::2025-06-08.17:05:14::SCWPlatform::DSA directory C:/Users/saber/Desktop/share/DanDike_NewBoard/vitis1/system_wrapper/hw
TRACE::2025-06-08.17:05:14::SCWPlatform:: Platform Path C:/Users/saber/Desktop/share/DanDike_NewBoard/vitis1/system_wrapper/hw/system_wrapper.xsa
TRACE::2025-06-08.17:05:14::SCWPlatform:: Unique name xilinx:::0.0
TRACE::2025-06-08.17:05:14::SCWPlatform::Trying to set the existing hwdb with name system_wrapper_0
TRACE::2025-06-08.17:05:14::SCWPlatform::Opened existing hwdb system_wrapper_0
TRACE::2025-06-08.17:05:14::SCWPlatform::Found the Hw Db part of the input DSA
TRACE::2025-06-08.17:05:14::SCWMssOS::Checking the sw design at  C:/Users/saber/Desktop/share/DanDike_NewBoard/vitis1/system_wrapper/zynq_fsbl/zynq_fsbl_bsp/system.mss
TRACE::2025-06-08.17:05:14::SCWMssOS::DEBUG:  swdes dump  C:/Users/saber/Desktop/share/DanDike_NewBoard/vitis1/system_wrapper/ps7_cortexa9_1/standalone_ps7_cortexa9_1/bsp/system.mss|system_0||
C:/Users/saber/Desktop/share/DanDike_NewBoard/vitis1/system_wrapper/zynq_fsbl/zynq_fsbl_bsp/system.mss|system||

TRACE::2025-06-08.17:05:14::SCWMssOS::Sw design exists and opened at  C:/Users/saber/Desktop/share/DanDike_NewBoard/vitis1/system_wrapper/zynq_fsbl/zynq_fsbl_bsp/system.mss
TRACE::2025-06-08.17:05:14::SCWPlatform::Trying to open the hw design at C:/Users/saber/Desktop/share/DanDike_NewBoard/vitis1/system_wrapper/hw/system_wrapper.xsa
TRACE::2025-06-08.17:05:14::SCWPlatform::DSA given C:/Users/saber/Desktop/share/DanDike_NewBoard/vitis1/system_wrapper/hw/system_wrapper.xsa
TRACE::2025-06-08.17:05:14::SCWPlatform::DSA absoulate path C:/Users/saber/Desktop/share/DanDike_NewBoard/vitis1/system_wrapper/hw/system_wrapper.xsa
TRACE::2025-06-08.17:05:14::SCWPlatform::DSA directory C:/Users/saber/Desktop/share/DanDike_NewBoard/vitis1/system_wrapper/hw
TRACE::2025-06-08.17:05:14::SCWPlatform:: Platform Path C:/Users/saber/Desktop/share/DanDike_NewBoard/vitis1/system_wrapper/hw/system_wrapper.xsa
TRACE::2025-06-08.17:05:14::SCWPlatform:: Unique name xilinx:::0.0
TRACE::2025-06-08.17:05:14::SCWPlatform::Trying to set the existing hwdb with name system_wrapper_0
TRACE::2025-06-08.17:05:14::SCWPlatform::Opened existing hwdb system_wrapper_0
TRACE::2025-06-08.17:05:14::SCWPlatform::Found the Hw Db part of the input DSA
TRACE::2025-06-08.17:05:14::SCWMssOS::Checking the sw design at  C:/Users/saber/Desktop/share/DanDike_NewBoard/vitis1/system_wrapper/zynq_fsbl/zynq_fsbl_bsp/system.mss
TRACE::2025-06-08.17:05:14::SCWMssOS::DEBUG:  swdes dump  C:/Users/saber/Desktop/share/DanDike_NewBoard/vitis1/system_wrapper/ps7_cortexa9_1/standalone_ps7_cortexa9_1/bsp/system.mss|system_0||
C:/Users/saber/Desktop/share/DanDike_NewBoard/vitis1/system_wrapper/zynq_fsbl/zynq_fsbl_bsp/system.mss|system||

TRACE::2025-06-08.17:05:14::SCWMssOS::Sw design exists and opened at  C:/Users/saber/Desktop/share/DanDike_NewBoard/vitis1/system_wrapper/zynq_fsbl/zynq_fsbl_bsp/system.mss
TRACE::2025-06-08.17:05:14::SCWPlatform::Trying to open the hw design at C:/Users/saber/Desktop/share/DanDike_NewBoard/vitis1/system_wrapper/hw/system_wrapper.xsa
TRACE::2025-06-08.17:05:14::SCWPlatform::DSA given C:/Users/saber/Desktop/share/DanDike_NewBoard/vitis1/system_wrapper/hw/system_wrapper.xsa
TRACE::2025-06-08.17:05:14::SCWPlatform::DSA absoulate path C:/Users/saber/Desktop/share/DanDike_NewBoard/vitis1/system_wrapper/hw/system_wrapper.xsa
TRACE::2025-06-08.17:05:14::SCWPlatform::DSA directory C:/Users/saber/Desktop/share/DanDike_NewBoard/vitis1/system_wrapper/hw
TRACE::2025-06-08.17:05:14::SCWPlatform:: Platform Path C:/Users/saber/Desktop/share/DanDike_NewBoard/vitis1/system_wrapper/hw/system_wrapper.xsa
TRACE::2025-06-08.17:05:14::SCWPlatform:: Unique name xilinx:::0.0
TRACE::2025-06-08.17:05:14::SCWPlatform::Trying to set the existing hwdb with name system_wrapper_0
TRACE::2025-06-08.17:05:14::SCWPlatform::Opened existing hwdb system_wrapper_0
TRACE::2025-06-08.17:05:14::SCWPlatform::Found the Hw Db part of the input DSA
TRACE::2025-06-08.17:05:14::SCWMssOS::Checking the sw design at  C:/Users/saber/Desktop/share/DanDike_NewBoard/vitis1/system_wrapper/zynq_fsbl/zynq_fsbl_bsp/system.mss
TRACE::2025-06-08.17:05:14::SCWMssOS::DEBUG:  swdes dump  C:/Users/saber/Desktop/share/DanDike_NewBoard/vitis1/system_wrapper/ps7_cortexa9_1/standalone_ps7_cortexa9_1/bsp/system.mss|system_0||
C:/Users/saber/Desktop/share/DanDike_NewBoard/vitis1/system_wrapper/zynq_fsbl/zynq_fsbl_bsp/system.mss|system||

TRACE::2025-06-08.17:05:14::SCWMssOS::Sw design exists and opened at  C:/Users/saber/Desktop/share/DanDike_NewBoard/vitis1/system_wrapper/zynq_fsbl/zynq_fsbl_bsp/system.mss
TRACE::2025-06-08.17:05:14::SCWPlatform::Trying to open the hw design at C:/Users/saber/Desktop/share/DanDike_NewBoard/vitis1/system_wrapper/hw/system_wrapper.xsa
TRACE::2025-06-08.17:05:14::SCWPlatform::DSA given C:/Users/saber/Desktop/share/DanDike_NewBoard/vitis1/system_wrapper/hw/system_wrapper.xsa
TRACE::2025-06-08.17:05:14::SCWPlatform::DSA absoulate path C:/Users/saber/Desktop/share/DanDike_NewBoard/vitis1/system_wrapper/hw/system_wrapper.xsa
TRACE::2025-06-08.17:05:14::SCWPlatform::DSA directory C:/Users/saber/Desktop/share/DanDike_NewBoard/vitis1/system_wrapper/hw
TRACE::2025-06-08.17:05:14::SCWPlatform:: Platform Path C:/Users/saber/Desktop/share/DanDike_NewBoard/vitis1/system_wrapper/hw/system_wrapper.xsa
TRACE::2025-06-08.17:05:14::SCWPlatform:: Unique name xilinx:::0.0
TRACE::2025-06-08.17:05:14::SCWPlatform::Trying to set the existing hwdb with name system_wrapper_0
TRACE::2025-06-08.17:05:14::SCWPlatform::Opened existing hwdb system_wrapper_0
TRACE::2025-06-08.17:05:14::SCWPlatform::Found the Hw Db part of the input DSA
TRACE::2025-06-08.17:05:14::SCWMssOS::Checking the sw design at  C:/Users/saber/Desktop/share/DanDike_NewBoard/vitis1/system_wrapper/ps7_cortexa9_1/standalone_ps7_cortexa9_1/bsp/system.mss
TRACE::2025-06-08.17:05:14::SCWMssOS::DEBUG:  swdes dump  C:/Users/saber/Desktop/share/DanDike_NewBoard/vitis1/system_wrapper/ps7_cortexa9_1/standalone_ps7_cortexa9_1/bsp/system.mss|system_0||
C:/Users/saber/Desktop/share/DanDike_NewBoard/vitis1/system_wrapper/zynq_fsbl/zynq_fsbl_bsp/system.mss|system||

TRACE::2025-06-08.17:05:14::SCWMssOS::Sw design exists and opened at  C:/Users/saber/Desktop/share/DanDike_NewBoard/vitis1/system_wrapper/ps7_cortexa9_1/standalone_ps7_cortexa9_1/bsp/system.mss
TRACE::2025-06-08.17:05:14::SCWPlatform::Trying to open the hw design at C:/Users/saber/Desktop/share/DanDike_NewBoard/vitis1/system_wrapper/hw/system_wrapper.xsa
TRACE::2025-06-08.17:05:14::SCWPlatform::DSA given C:/Users/saber/Desktop/share/DanDike_NewBoard/vitis1/system_wrapper/hw/system_wrapper.xsa
TRACE::2025-06-08.17:05:14::SCWPlatform::DSA absoulate path C:/Users/saber/Desktop/share/DanDike_NewBoard/vitis1/system_wrapper/hw/system_wrapper.xsa
TRACE::2025-06-08.17:05:14::SCWPlatform::DSA directory C:/Users/saber/Desktop/share/DanDike_NewBoard/vitis1/system_wrapper/hw
TRACE::2025-06-08.17:05:14::SCWPlatform:: Platform Path C:/Users/saber/Desktop/share/DanDike_NewBoard/vitis1/system_wrapper/hw/system_wrapper.xsa
TRACE::2025-06-08.17:05:14::SCWPlatform:: Unique name xilinx:::0.0
TRACE::2025-06-08.17:05:14::SCWPlatform::Trying to set the existing hwdb with name system_wrapper_0
TRACE::2025-06-08.17:05:14::SCWPlatform::Opened existing hwdb system_wrapper_0
TRACE::2025-06-08.17:05:14::SCWPlatform::Found the Hw Db part of the input DSA
TRACE::2025-06-08.17:05:14::SCWMssOS::Checking the sw design at  C:/Users/saber/Desktop/share/DanDike_NewBoard/vitis1/system_wrapper/ps7_cortexa9_1/standalone_ps7_cortexa9_1/bsp/system.mss
TRACE::2025-06-08.17:05:14::SCWMssOS::DEBUG:  swdes dump  C:/Users/saber/Desktop/share/DanDike_NewBoard/vitis1/system_wrapper/ps7_cortexa9_1/standalone_ps7_cortexa9_1/bsp/system.mss|system_0||
C:/Users/saber/Desktop/share/DanDike_NewBoard/vitis1/system_wrapper/zynq_fsbl/zynq_fsbl_bsp/system.mss|system||

TRACE::2025-06-08.17:05:14::SCWMssOS::Sw design exists and opened at  C:/Users/saber/Desktop/share/DanDike_NewBoard/vitis1/system_wrapper/ps7_cortexa9_1/standalone_ps7_cortexa9_1/bsp/system.mss
TRACE::2025-06-08.17:05:14::SCWPlatform::Trying to open the hw design at C:/Users/saber/Desktop/share/DanDike_NewBoard/vitis1/system_wrapper/hw/system_wrapper.xsa
TRACE::2025-06-08.17:05:14::SCWPlatform::DSA given C:/Users/saber/Desktop/share/DanDike_NewBoard/vitis1/system_wrapper/hw/system_wrapper.xsa
TRACE::2025-06-08.17:05:14::SCWPlatform::DSA absoulate path C:/Users/saber/Desktop/share/DanDike_NewBoard/vitis1/system_wrapper/hw/system_wrapper.xsa
TRACE::2025-06-08.17:05:14::SCWPlatform::DSA directory C:/Users/saber/Desktop/share/DanDike_NewBoard/vitis1/system_wrapper/hw
TRACE::2025-06-08.17:05:14::SCWPlatform:: Platform Path C:/Users/saber/Desktop/share/DanDike_NewBoard/vitis1/system_wrapper/hw/system_wrapper.xsa
TRACE::2025-06-08.17:05:14::SCWPlatform:: Unique name xilinx:::0.0
TRACE::2025-06-08.17:05:14::SCWPlatform::Trying to set the existing hwdb with name system_wrapper_0
TRACE::2025-06-08.17:05:14::SCWPlatform::Opened existing hwdb system_wrapper_0
TRACE::2025-06-08.17:05:14::SCWPlatform::Found the Hw Db part of the input DSA
TRACE::2025-06-08.17:05:14::SCWMssOS::Checking the sw design at  C:/Users/saber/Desktop/share/DanDike_NewBoard/vitis1/system_wrapper/ps7_cortexa9_1/standalone_ps7_cortexa9_1/bsp/system.mss
TRACE::2025-06-08.17:05:14::SCWMssOS::DEBUG:  swdes dump  C:/Users/saber/Desktop/share/DanDike_NewBoard/vitis1/system_wrapper/ps7_cortexa9_1/standalone_ps7_cortexa9_1/bsp/system.mss|system_0||
C:/Users/saber/Desktop/share/DanDike_NewBoard/vitis1/system_wrapper/zynq_fsbl/zynq_fsbl_bsp/system.mss|system||

TRACE::2025-06-08.17:05:14::SCWMssOS::Sw design exists and opened at  C:/Users/saber/Desktop/share/DanDike_NewBoard/vitis1/system_wrapper/ps7_cortexa9_1/standalone_ps7_cortexa9_1/bsp/system.mss
TRACE::2025-06-08.17:05:14::SCWWriter::formatted JSON is {
	"platformName":	"system_wrapper",
	"sprVersion":	"2.0",
	"mode":	"gui",
	"dsaType":	"Fixed",
	"platformDesc":	"system_wrapper",
	"platHandOff":	"<platformDir>.xsa",
	"platIntHandOff":	"<platformDir>/hw/system_wrapper.xsa",
	"deviceType":	"zynq",
	"platIsPrebuiltAutogen":	"false",
	"platIsNoBootBsp":	"false",
	"platFsblTarget":	"ps7_cortexa9_0",
	"hasFsblMakeHasChanges":	"false",
	"hasPmufwMakeHasChanges":	"false",
	"fsblExtraCompilerFlags":	"-MMD -MP       -mcpu=cortex-a9 -mfpu=vfpv3 -mfloat-abi=hard ",
	"platPreBuiltFlag":	false,
	"platformSamplesDir":	"",
	"platActiveSys":	"system_wrapper",
	"systems":	[{
			"systemName":	"system_wrapper",
			"systemDesc":	"system_wrapper",
			"sysIsBootAutoGen":	"true",
			"systemDispName":	"system_wrapper",
			"sysActiveDom":	"standalone_ps7_cortexa9_1",
			"sysDefaultDom":	"standalone_ps7_cortexa9_1",
			"domains":	[{
					"domainName":	"zynq_fsbl",
					"domainDispName":	"zynq_fsbl",
					"domainDesc":	"FSBL Application BSP - Auto Generated.",
					"processors":	"ps7_cortexa9_0",
					"os":	"standalone",
					"sdxOs":	"standalone",
					"debugEnable":	"",
					"domRuntimes":	["cpp"],
					"swRepo":	"",
					"mssOsVer":	"7.3",
					"mssFile":	"",
					"md5Digest":	"dacb7111ae2ca53c35e8ea57ed4ecb10",
					"compatibleApp":	"zynq_fsbl",
					"domType":	"bootDomain",
					"arch":	"32-bit",
					"appSettings":	{
						"appCompilerFlags":	"",
						"appLinkerFlags":	""
					},
					"addedLibs":	["xilffs:4.4", "xilrsa:1.6"],
					"libOptions":	{
						"libsContainingOptions":	[]
					},
					"prebuiltLibs":	{
						"prebuiltIncPath":	[],
						"prebuiltLibPath":	[]
					},
					"isolation":	{
					}
				}, {
					"domainName":	"standalone_ps7_cortexa9_1",
					"domainDispName":	"standalone_ps7_cortexa9_1",
					"domainDesc":	"standalone_ps7_cortexa9_1",
					"processors":	"ps7_cortexa9_1",
					"os":	"standalone",
					"sdxOs":	"standalone",
					"qemuArgs":	"E:/vivado/Vitis/2020.2/data/emulation/platforms/zynq/sw/a9_standalone/qemu/qemu_args.txt",
					"qemuData":	"E:/vivado/Vitis/2020.2/data/emulation/platforms/zynq/sw/a9_standalone/qemu/",
					"debugEnable":	"False",
					"domRuntimes":	["cpp"],
					"swRepo":	"",
					"mssOsVer":	"7.3",
					"mssFile":	"",
					"md5Digest":	"8c6de1f5ed47dac36dac89cdb928e6a4",
					"compatibleApp":	"empty_application",
					"domType":	"mssDomain",
					"arch":	"32-bit",
					"appSettings":	{
						"appCompilerFlags":	"",
						"appLinkerFlags":	""
					},
					"addedLibs":	[],
					"libOptions":	{
						"libsContainingOptions":	[]
					},
					"prebuiltLibs":	{
						"prebuiltIncPath":	[],
						"prebuiltLibPath":	[]
					},
					"isolation":	{
					}
				}]
		}]
}
LOG::2025-06-08.17:05:14::SCWPlatform::Started generating the artifacts platform system_wrapper
TRACE::2025-06-08.17:05:14::SCWPlatform::Sanity checking of platform is completed
LOG::2025-06-08.17:05:14::SCWPlatform::Started generating the artifacts for system configuration system_wrapper
LOG::2025-06-08.17:05:14::SCWSystem::Checking the domain zynq_fsbl
LOG::2025-06-08.17:05:14::SCWSystem::Doing application build for :  zynq_fsbl
TRACE::2025-06-08.17:05:14::SCWBDomain::Not a forced makefile updation, No changes are present. 
TRACE::2025-06-08.17:05:14::SCWDomain::Skipping the build for domain :  zynq_fsbl
LOG::2025-06-08.17:05:14::SCWSystem::Checking the domain standalone_ps7_cortexa9_1
LOG::2025-06-08.17:05:14::SCWSystem::Not a boot domain 
LOG::2025-06-08.17:05:14::SCWSystem::Started Processing the domain standalone_ps7_cortexa9_1
TRACE::2025-06-08.17:05:14::SCWDomain::Generating domain artifcats
TRACE::2025-06-08.17:05:14::SCWMssOS::Generating standalone artifcats
TRACE::2025-06-08.17:05:14::SCWMssOS::Copying the qemu file from  E:/vivado/Vitis/2020.2/data/emulation/platforms/zynq/sw/a9_standalone/qemu/qemu_args.txt To C:/Users/saber/Desktop/share/DanDike_NewBoard/vitis1/system_wrapper/export/system_wrapper/sw/system_wrapper/qemu/
TRACE::2025-06-08.17:05:14::SCWMssOS::Copying the qemu file from  E:/vivado/Vitis/2020.2/data/emulation/platforms/zynq/sw/a9_standalone/qemu/qemu_args.txt To C:/Users/saber/Desktop/share/DanDike_NewBoard/vitis1/system_wrapper/export/system_wrapper/sw/system_wrapper/standalone_ps7_cortexa9_1/qemu/
TRACE::2025-06-08.17:05:14::SCWMssOS:: Copying the user libraries. 
TRACE::2025-06-08.17:05:14::SCWPlatform::Trying to open the hw design at C:/Users/saber/Desktop/share/DanDike_NewBoard/vitis1/system_wrapper/hw/system_wrapper.xsa
TRACE::2025-06-08.17:05:14::SCWPlatform::DSA given C:/Users/saber/Desktop/share/DanDike_NewBoard/vitis1/system_wrapper/hw/system_wrapper.xsa
TRACE::2025-06-08.17:05:14::SCWPlatform::DSA absoulate path C:/Users/saber/Desktop/share/DanDike_NewBoard/vitis1/system_wrapper/hw/system_wrapper.xsa
TRACE::2025-06-08.17:05:14::SCWPlatform::DSA directory C:/Users/saber/Desktop/share/DanDike_NewBoard/vitis1/system_wrapper/hw
TRACE::2025-06-08.17:05:14::SCWPlatform:: Platform Path C:/Users/saber/Desktop/share/DanDike_NewBoard/vitis1/system_wrapper/hw/system_wrapper.xsa
TRACE::2025-06-08.17:05:14::SCWPlatform:: Unique name xilinx:::0.0
TRACE::2025-06-08.17:05:14::SCWPlatform::Trying to set the existing hwdb with name system_wrapper_0
TRACE::2025-06-08.17:05:14::SCWPlatform::Opened existing hwdb system_wrapper_0
TRACE::2025-06-08.17:05:14::SCWPlatform::Found the Hw Db part of the input DSA
TRACE::2025-06-08.17:05:14::SCWMssOS::Checking the sw design at  C:/Users/saber/Desktop/share/DanDike_NewBoard/vitis1/system_wrapper/ps7_cortexa9_1/standalone_ps7_cortexa9_1/bsp/system.mss
TRACE::2025-06-08.17:05:14::SCWMssOS::DEBUG:  swdes dump  C:/Users/saber/Desktop/share/DanDike_NewBoard/vitis1/system_wrapper/ps7_cortexa9_1/standalone_ps7_cortexa9_1/bsp/system.mss|system_0||
C:/Users/saber/Desktop/share/DanDike_NewBoard/vitis1/system_wrapper/zynq_fsbl/zynq_fsbl_bsp/system.mss|system||

TRACE::2025-06-08.17:05:14::SCWMssOS::Sw design exists and opened at  C:/Users/saber/Desktop/share/DanDike_NewBoard/vitis1/system_wrapper/ps7_cortexa9_1/standalone_ps7_cortexa9_1/bsp/system.mss
TRACE::2025-06-08.17:05:14::SCWMssOS::Completed writing the mss file at C:/Users/saber/Desktop/share/DanDike_NewBoard/vitis1/system_wrapper/ps7_cortexa9_1/standalone_ps7_cortexa9_1/bsp
TRACE::2025-06-08.17:05:14::SCWMssOS::Mss edits present, copying mssfile into export location C:/Users/saber/Desktop/share/DanDike_NewBoard/vitis1/system_wrapper/ps7_cortexa9_1/standalone_ps7_cortexa9_1/bsp/system.mss
TRACE::2025-06-08.17:05:14::SCWMssOS::bsp generated is upto date with the mss file. Skipping bsp generation.
TRACE::2025-06-08.17:05:14::SCWMssOS::BSP is already built. skipping the bsp build ... 
TRACE::2025-06-08.17:05:14::SCWDomain::Skipping the build for domain :  standalone_ps7_cortexa9_1
TRACE::2025-06-08.17:05:14::SCWMssOS::skipping the bsp build ... 
TRACE::2025-06-08.17:05:14::SCWMssOS::Copying to export directory.
TRACE::2025-06-08.17:05:14::SCWMssOS:: Checking if to create the Supporting Applications
TRACE::2025-06-08.17:05:14::SCWMssOS:: No Linux domain exists, trying to generate FSBL 
TRACE::2025-06-08.17:05:14::SCWMssOS:: Completed Standalone Artifacts creation 
LOG::2025-06-08.17:05:14::SCWSystem::Completed Processing the domain standalone_ps7_cortexa9_1
LOG::2025-06-08.17:05:14::SCWSystem::Completed Processing the sysconfig system_wrapper
LOG::2025-06-08.17:05:14::SCWPlatform::Completed generating the artifacts for system configuration system_wrapper
TRACE::2025-06-08.17:05:14::SCWPlatform::Started preparing the platform 
TRACE::2025-06-08.17:05:14::SCWSystem::Writing the bif file for system config system_wrapper
TRACE::2025-06-08.17:05:14::SCWSystem::dir created 
TRACE::2025-06-08.17:05:14::SCWSystem::Writing the bif 
TRACE::2025-06-08.17:05:14::SCWPlatform::Started writing the spfm file 
TRACE::2025-06-08.17:05:14::SCWPlatform::Started writing the xpfm file 
TRACE::2025-06-08.17:05:14::SCWPlatform::Completed generating the platform
TRACE::2025-06-08.17:05:14::SCWMssOS::Saving the mss changes C:/Users/saber/Desktop/share/DanDike_NewBoard/vitis1/system_wrapper/zynq_fsbl/zynq_fsbl_bsp/system.mss
TRACE::2025-06-08.17:05:14::SCWMssOS::Found a swdesign opened with the mssfile.
TRACE::2025-06-08.17:05:14::SCWMssOS::Completed writemss as part of save.
TRACE::2025-06-08.17:05:14::SCWMssOS::Commit changes completed.
TRACE::2025-06-08.17:05:14::SCWMssOS::Saving the mss changes C:/Users/saber/Desktop/share/DanDike_NewBoard/vitis1/system_wrapper/ps7_cortexa9_1/standalone_ps7_cortexa9_1/bsp/system.mss
TRACE::2025-06-08.17:05:14::SCWMssOS::Found a swdesign opened with the mssfile.
TRACE::2025-06-08.17:05:14::SCWMssOS::Completed writemss as part of save.
TRACE::2025-06-08.17:05:14::SCWMssOS::Commit changes completed.
TRACE::2025-06-08.17:05:14::SCWPlatform::Trying to open the hw design at C:/Users/saber/Desktop/share/DanDike_NewBoard/vitis1/system_wrapper/hw/system_wrapper.xsa
TRACE::2025-06-08.17:05:14::SCWPlatform::DSA given C:/Users/saber/Desktop/share/DanDike_NewBoard/vitis1/system_wrapper/hw/system_wrapper.xsa
TRACE::2025-06-08.17:05:14::SCWPlatform::DSA absoulate path C:/Users/saber/Desktop/share/DanDike_NewBoard/vitis1/system_wrapper/hw/system_wrapper.xsa
TRACE::2025-06-08.17:05:14::SCWPlatform::DSA directory C:/Users/saber/Desktop/share/DanDike_NewBoard/vitis1/system_wrapper/hw
TRACE::2025-06-08.17:05:14::SCWPlatform:: Platform Path C:/Users/saber/Desktop/share/DanDike_NewBoard/vitis1/system_wrapper/hw/system_wrapper.xsa
TRACE::2025-06-08.17:05:14::SCWPlatform:: Unique name xilinx:::0.0
TRACE::2025-06-08.17:05:14::SCWPlatform::Trying to set the existing hwdb with name system_wrapper_0
TRACE::2025-06-08.17:05:14::SCWPlatform::Opened existing hwdb system_wrapper_0
TRACE::2025-06-08.17:05:14::SCWPlatform::Found the Hw Db part of the input DSA
TRACE::2025-06-08.17:05:14::SCWMssOS::Checking the sw design at  C:/Users/saber/Desktop/share/DanDike_NewBoard/vitis1/system_wrapper/zynq_fsbl/zynq_fsbl_bsp/system.mss
TRACE::2025-06-08.17:05:14::SCWMssOS::DEBUG:  swdes dump  C:/Users/saber/Desktop/share/DanDike_NewBoard/vitis1/system_wrapper/ps7_cortexa9_1/standalone_ps7_cortexa9_1/bsp/system.mss|system_0||
C:/Users/saber/Desktop/share/DanDike_NewBoard/vitis1/system_wrapper/zynq_fsbl/zynq_fsbl_bsp/system.mss|system||

TRACE::2025-06-08.17:05:14::SCWMssOS::Sw design exists and opened at  C:/Users/saber/Desktop/share/DanDike_NewBoard/vitis1/system_wrapper/zynq_fsbl/zynq_fsbl_bsp/system.mss
TRACE::2025-06-08.17:05:14::SCWPlatform::Trying to open the hw design at C:/Users/saber/Desktop/share/DanDike_NewBoard/vitis1/system_wrapper/hw/system_wrapper.xsa
TRACE::2025-06-08.17:05:14::SCWPlatform::DSA given C:/Users/saber/Desktop/share/DanDike_NewBoard/vitis1/system_wrapper/hw/system_wrapper.xsa
TRACE::2025-06-08.17:05:14::SCWPlatform::DSA absoulate path C:/Users/saber/Desktop/share/DanDike_NewBoard/vitis1/system_wrapper/hw/system_wrapper.xsa
TRACE::2025-06-08.17:05:14::SCWPlatform::DSA directory C:/Users/saber/Desktop/share/DanDike_NewBoard/vitis1/system_wrapper/hw
TRACE::2025-06-08.17:05:14::SCWPlatform:: Platform Path C:/Users/saber/Desktop/share/DanDike_NewBoard/vitis1/system_wrapper/hw/system_wrapper.xsa
TRACE::2025-06-08.17:05:14::SCWPlatform:: Unique name xilinx:::0.0
TRACE::2025-06-08.17:05:14::SCWPlatform::Trying to set the existing hwdb with name system_wrapper_0
TRACE::2025-06-08.17:05:14::SCWPlatform::Opened existing hwdb system_wrapper_0
TRACE::2025-06-08.17:05:14::SCWPlatform::Found the Hw Db part of the input DSA
TRACE::2025-06-08.17:05:14::SCWMssOS::Checking the sw design at  C:/Users/saber/Desktop/share/DanDike_NewBoard/vitis1/system_wrapper/zynq_fsbl/zynq_fsbl_bsp/system.mss
TRACE::2025-06-08.17:05:14::SCWMssOS::DEBUG:  swdes dump  C:/Users/saber/Desktop/share/DanDike_NewBoard/vitis1/system_wrapper/ps7_cortexa9_1/standalone_ps7_cortexa9_1/bsp/system.mss|system_0||
C:/Users/saber/Desktop/share/DanDike_NewBoard/vitis1/system_wrapper/zynq_fsbl/zynq_fsbl_bsp/system.mss|system||

TRACE::2025-06-08.17:05:14::SCWMssOS::Sw design exists and opened at  C:/Users/saber/Desktop/share/DanDike_NewBoard/vitis1/system_wrapper/zynq_fsbl/zynq_fsbl_bsp/system.mss
TRACE::2025-06-08.17:05:14::SCWPlatform::Trying to open the hw design at C:/Users/saber/Desktop/share/DanDike_NewBoard/vitis1/system_wrapper/hw/system_wrapper.xsa
TRACE::2025-06-08.17:05:14::SCWPlatform::DSA given C:/Users/saber/Desktop/share/DanDike_NewBoard/vitis1/system_wrapper/hw/system_wrapper.xsa
TRACE::2025-06-08.17:05:14::SCWPlatform::DSA absoulate path C:/Users/saber/Desktop/share/DanDike_NewBoard/vitis1/system_wrapper/hw/system_wrapper.xsa
TRACE::2025-06-08.17:05:14::SCWPlatform::DSA directory C:/Users/saber/Desktop/share/DanDike_NewBoard/vitis1/system_wrapper/hw
TRACE::2025-06-08.17:05:14::SCWPlatform:: Platform Path C:/Users/saber/Desktop/share/DanDike_NewBoard/vitis1/system_wrapper/hw/system_wrapper.xsa
TRACE::2025-06-08.17:05:14::SCWPlatform:: Unique name xilinx:::0.0
TRACE::2025-06-08.17:05:14::SCWPlatform::Trying to set the existing hwdb with name system_wrapper_0
TRACE::2025-06-08.17:05:14::SCWPlatform::Opened existing hwdb system_wrapper_0
TRACE::2025-06-08.17:05:14::SCWPlatform::Found the Hw Db part of the input DSA
TRACE::2025-06-08.17:05:14::SCWMssOS::Checking the sw design at  C:/Users/saber/Desktop/share/DanDike_NewBoard/vitis1/system_wrapper/zynq_fsbl/zynq_fsbl_bsp/system.mss
TRACE::2025-06-08.17:05:14::SCWMssOS::DEBUG:  swdes dump  C:/Users/saber/Desktop/share/DanDike_NewBoard/vitis1/system_wrapper/ps7_cortexa9_1/standalone_ps7_cortexa9_1/bsp/system.mss|system_0||
C:/Users/saber/Desktop/share/DanDike_NewBoard/vitis1/system_wrapper/zynq_fsbl/zynq_fsbl_bsp/system.mss|system||

TRACE::2025-06-08.17:05:14::SCWMssOS::Sw design exists and opened at  C:/Users/saber/Desktop/share/DanDike_NewBoard/vitis1/system_wrapper/zynq_fsbl/zynq_fsbl_bsp/system.mss
TRACE::2025-06-08.17:05:14::SCWPlatform::Trying to open the hw design at C:/Users/saber/Desktop/share/DanDike_NewBoard/vitis1/system_wrapper/hw/system_wrapper.xsa
TRACE::2025-06-08.17:05:14::SCWPlatform::DSA given C:/Users/saber/Desktop/share/DanDike_NewBoard/vitis1/system_wrapper/hw/system_wrapper.xsa
TRACE::2025-06-08.17:05:14::SCWPlatform::DSA absoulate path C:/Users/saber/Desktop/share/DanDike_NewBoard/vitis1/system_wrapper/hw/system_wrapper.xsa
TRACE::2025-06-08.17:05:14::SCWPlatform::DSA directory C:/Users/saber/Desktop/share/DanDike_NewBoard/vitis1/system_wrapper/hw
TRACE::2025-06-08.17:05:14::SCWPlatform:: Platform Path C:/Users/saber/Desktop/share/DanDike_NewBoard/vitis1/system_wrapper/hw/system_wrapper.xsa
TRACE::2025-06-08.17:05:14::SCWPlatform:: Unique name xilinx:::0.0
TRACE::2025-06-08.17:05:14::SCWPlatform::Trying to set the existing hwdb with name system_wrapper_0
TRACE::2025-06-08.17:05:14::SCWPlatform::Opened existing hwdb system_wrapper_0
TRACE::2025-06-08.17:05:14::SCWPlatform::Found the Hw Db part of the input DSA
TRACE::2025-06-08.17:05:14::SCWMssOS::Checking the sw design at  C:/Users/saber/Desktop/share/DanDike_NewBoard/vitis1/system_wrapper/ps7_cortexa9_1/standalone_ps7_cortexa9_1/bsp/system.mss
TRACE::2025-06-08.17:05:14::SCWMssOS::DEBUG:  swdes dump  C:/Users/saber/Desktop/share/DanDike_NewBoard/vitis1/system_wrapper/ps7_cortexa9_1/standalone_ps7_cortexa9_1/bsp/system.mss|system_0||
C:/Users/saber/Desktop/share/DanDike_NewBoard/vitis1/system_wrapper/zynq_fsbl/zynq_fsbl_bsp/system.mss|system||

TRACE::2025-06-08.17:05:14::SCWMssOS::Sw design exists and opened at  C:/Users/saber/Desktop/share/DanDike_NewBoard/vitis1/system_wrapper/ps7_cortexa9_1/standalone_ps7_cortexa9_1/bsp/system.mss
TRACE::2025-06-08.17:05:14::SCWPlatform::Trying to open the hw design at C:/Users/saber/Desktop/share/DanDike_NewBoard/vitis1/system_wrapper/hw/system_wrapper.xsa
TRACE::2025-06-08.17:05:14::SCWPlatform::DSA given C:/Users/saber/Desktop/share/DanDike_NewBoard/vitis1/system_wrapper/hw/system_wrapper.xsa
TRACE::2025-06-08.17:05:14::SCWPlatform::DSA absoulate path C:/Users/saber/Desktop/share/DanDike_NewBoard/vitis1/system_wrapper/hw/system_wrapper.xsa
TRACE::2025-06-08.17:05:14::SCWPlatform::DSA directory C:/Users/saber/Desktop/share/DanDike_NewBoard/vitis1/system_wrapper/hw
TRACE::2025-06-08.17:05:14::SCWPlatform:: Platform Path C:/Users/saber/Desktop/share/DanDike_NewBoard/vitis1/system_wrapper/hw/system_wrapper.xsa
TRACE::2025-06-08.17:05:14::SCWPlatform:: Unique name xilinx:::0.0
TRACE::2025-06-08.17:05:14::SCWPlatform::Trying to set the existing hwdb with name system_wrapper_0
TRACE::2025-06-08.17:05:14::SCWPlatform::Opened existing hwdb system_wrapper_0
TRACE::2025-06-08.17:05:14::SCWPlatform::Found the Hw Db part of the input DSA
TRACE::2025-06-08.17:05:14::SCWMssOS::Checking the sw design at  C:/Users/saber/Desktop/share/DanDike_NewBoard/vitis1/system_wrapper/ps7_cortexa9_1/standalone_ps7_cortexa9_1/bsp/system.mss
TRACE::2025-06-08.17:05:14::SCWMssOS::DEBUG:  swdes dump  C:/Users/saber/Desktop/share/DanDike_NewBoard/vitis1/system_wrapper/ps7_cortexa9_1/standalone_ps7_cortexa9_1/bsp/system.mss|system_0||
C:/Users/saber/Desktop/share/DanDike_NewBoard/vitis1/system_wrapper/zynq_fsbl/zynq_fsbl_bsp/system.mss|system||

TRACE::2025-06-08.17:05:14::SCWMssOS::Sw design exists and opened at  C:/Users/saber/Desktop/share/DanDike_NewBoard/vitis1/system_wrapper/ps7_cortexa9_1/standalone_ps7_cortexa9_1/bsp/system.mss
TRACE::2025-06-08.17:05:14::SCWPlatform::Trying to open the hw design at C:/Users/saber/Desktop/share/DanDike_NewBoard/vitis1/system_wrapper/hw/system_wrapper.xsa
TRACE::2025-06-08.17:05:14::SCWPlatform::DSA given C:/Users/saber/Desktop/share/DanDike_NewBoard/vitis1/system_wrapper/hw/system_wrapper.xsa
TRACE::2025-06-08.17:05:14::SCWPlatform::DSA absoulate path C:/Users/saber/Desktop/share/DanDike_NewBoard/vitis1/system_wrapper/hw/system_wrapper.xsa
TRACE::2025-06-08.17:05:14::SCWPlatform::DSA directory C:/Users/saber/Desktop/share/DanDike_NewBoard/vitis1/system_wrapper/hw
TRACE::2025-06-08.17:05:14::SCWPlatform:: Platform Path C:/Users/saber/Desktop/share/DanDike_NewBoard/vitis1/system_wrapper/hw/system_wrapper.xsa
TRACE::2025-06-08.17:05:14::SCWPlatform:: Unique name xilinx:::0.0
TRACE::2025-06-08.17:05:14::SCWPlatform::Trying to set the existing hwdb with name system_wrapper_0
TRACE::2025-06-08.17:05:14::SCWPlatform::Opened existing hwdb system_wrapper_0
TRACE::2025-06-08.17:05:14::SCWPlatform::Found the Hw Db part of the input DSA
TRACE::2025-06-08.17:05:14::SCWMssOS::Checking the sw design at  C:/Users/saber/Desktop/share/DanDike_NewBoard/vitis1/system_wrapper/ps7_cortexa9_1/standalone_ps7_cortexa9_1/bsp/system.mss
TRACE::2025-06-08.17:05:14::SCWMssOS::DEBUG:  swdes dump  C:/Users/saber/Desktop/share/DanDike_NewBoard/vitis1/system_wrapper/ps7_cortexa9_1/standalone_ps7_cortexa9_1/bsp/system.mss|system_0||
C:/Users/saber/Desktop/share/DanDike_NewBoard/vitis1/system_wrapper/zynq_fsbl/zynq_fsbl_bsp/system.mss|system||

TRACE::2025-06-08.17:05:14::SCWMssOS::Sw design exists and opened at  C:/Users/saber/Desktop/share/DanDike_NewBoard/vitis1/system_wrapper/ps7_cortexa9_1/standalone_ps7_cortexa9_1/bsp/system.mss
TRACE::2025-06-08.17:05:14::SCWWriter::formatted JSON is {
	"platformName":	"system_wrapper",
	"sprVersion":	"2.0",
	"mode":	"gui",
	"dsaType":	"Fixed",
	"platformDesc":	"system_wrapper",
	"platHandOff":	"<platformDir>.xsa",
	"platIntHandOff":	"<platformDir>/hw/system_wrapper.xsa",
	"deviceType":	"zynq",
	"platIsPrebuiltAutogen":	"false",
	"platIsNoBootBsp":	"false",
	"platFsblTarget":	"ps7_cortexa9_0",
	"hasFsblMakeHasChanges":	"false",
	"hasPmufwMakeHasChanges":	"false",
	"fsblExtraCompilerFlags":	"-MMD -MP       -mcpu=cortex-a9 -mfpu=vfpv3 -mfloat-abi=hard ",
	"platPreBuiltFlag":	false,
	"platformSamplesDir":	"",
	"platActiveSys":	"system_wrapper",
	"systems":	[{
			"systemName":	"system_wrapper",
			"systemDesc":	"system_wrapper",
			"sysIsBootAutoGen":	"true",
			"systemDispName":	"system_wrapper",
			"sysActiveDom":	"standalone_ps7_cortexa9_1",
			"sysDefaultDom":	"standalone_ps7_cortexa9_1",
			"domains":	[{
					"domainName":	"zynq_fsbl",
					"domainDispName":	"zynq_fsbl",
					"domainDesc":	"FSBL Application BSP - Auto Generated.",
					"processors":	"ps7_cortexa9_0",
					"os":	"standalone",
					"sdxOs":	"standalone",
					"debugEnable":	"",
					"domRuntimes":	["cpp"],
					"swRepo":	"",
					"mssOsVer":	"7.3",
					"mssFile":	"",
					"md5Digest":	"dacb7111ae2ca53c35e8ea57ed4ecb10",
					"compatibleApp":	"zynq_fsbl",
					"domType":	"bootDomain",
					"arch":	"32-bit",
					"appSettings":	{
						"appCompilerFlags":	"",
						"appLinkerFlags":	""
					},
					"addedLibs":	["xilffs:4.4", "xilrsa:1.6"],
					"libOptions":	{
						"libsContainingOptions":	[]
					},
					"prebuiltLibs":	{
						"prebuiltIncPath":	[],
						"prebuiltLibPath":	[]
					},
					"isolation":	{
					}
				}, {
					"domainName":	"standalone_ps7_cortexa9_1",
					"domainDispName":	"standalone_ps7_cortexa9_1",
					"domainDesc":	"standalone_ps7_cortexa9_1",
					"processors":	"ps7_cortexa9_1",
					"os":	"standalone",
					"sdxOs":	"standalone",
					"qemuArgs":	"E:/vivado/Vitis/2020.2/data/emulation/platforms/zynq/sw/a9_standalone/qemu/qemu_args.txt",
					"qemuData":	"E:/vivado/Vitis/2020.2/data/emulation/platforms/zynq/sw/a9_standalone/qemu/",
					"debugEnable":	"False",
					"domRuntimes":	["cpp"],
					"swRepo":	"",
					"mssOsVer":	"7.3",
					"mssFile":	"",
					"md5Digest":	"8c6de1f5ed47dac36dac89cdb928e6a4",
					"compatibleApp":	"empty_application",
					"domType":	"mssDomain",
					"arch":	"32-bit",
					"appSettings":	{
						"appCompilerFlags":	"",
						"appLinkerFlags":	""
					},
					"addedLibs":	[],
					"libOptions":	{
						"libsContainingOptions":	[]
					},
					"prebuiltLibs":	{
						"prebuiltIncPath":	[],
						"prebuiltLibPath":	[]
					},
					"isolation":	{
					}
				}]
		}]
}
KEYINFO::2025-06-08.17:05:14::SCWPlatform::updated the xpfm file.
TRACE::2025-06-08.17:05:14::SCWPlatform::Trying to open the hw design at C:/Users/saber/Desktop/share/DanDike_NewBoard/vitis1/system_wrapper/hw/system_wrapper.xsa
TRACE::2025-06-08.17:05:14::SCWPlatform::DSA given C:/Users/saber/Desktop/share/DanDike_NewBoard/vitis1/system_wrapper/hw/system_wrapper.xsa
TRACE::2025-06-08.17:05:14::SCWPlatform::DSA absoulate path C:/Users/saber/Desktop/share/DanDike_NewBoard/vitis1/system_wrapper/hw/system_wrapper.xsa
TRACE::2025-06-08.17:05:14::SCWPlatform::DSA directory C:/Users/saber/Desktop/share/DanDike_NewBoard/vitis1/system_wrapper/hw
TRACE::2025-06-08.17:05:14::SCWPlatform:: Platform Path C:/Users/saber/Desktop/share/DanDike_NewBoard/vitis1/system_wrapper/hw/system_wrapper.xsa
TRACE::2025-06-08.17:05:14::SCWPlatform:: Unique name xilinx:::0.0
TRACE::2025-06-08.17:05:14::SCWPlatform::Trying to set the existing hwdb with name system_wrapper_0
TRACE::2025-06-08.17:05:14::SCWPlatform::Opened existing hwdb system_wrapper_0
TRACE::2025-06-08.17:05:14::SCWPlatform::Found the Hw Db part of the input DSA
TRACE::2025-06-08.17:05:14::SCWMssOS::Checking the sw design at  C:/Users/saber/Desktop/share/DanDike_NewBoard/vitis1/system_wrapper/ps7_cortexa9_1/standalone_ps7_cortexa9_1/bsp/system.mss
TRACE::2025-06-08.17:05:14::SCWMssOS::DEBUG:  swdes dump  C:/Users/saber/Desktop/share/DanDike_NewBoard/vitis1/system_wrapper/ps7_cortexa9_1/standalone_ps7_cortexa9_1/bsp/system.mss|system_0||
C:/Users/saber/Desktop/share/DanDike_NewBoard/vitis1/system_wrapper/zynq_fsbl/zynq_fsbl_bsp/system.mss|system||

TRACE::2025-06-08.17:05:14::SCWMssOS::Sw design exists and opened at  C:/Users/saber/Desktop/share/DanDike_NewBoard/vitis1/system_wrapper/ps7_cortexa9_1/standalone_ps7_cortexa9_1/bsp/system.mss
TRACE::2025-06-08.17:05:14::SCWMssOS::Saving the mss changes C:/Users/saber/Desktop/share/DanDike_NewBoard/vitis1/system_wrapper/zynq_fsbl/zynq_fsbl_bsp/system.mss
TRACE::2025-06-08.17:05:14::SCWMssOS::Found a swdesign opened with the mssfile.
TRACE::2025-06-08.17:05:14::SCWMssOS::Completed writemss as part of save.
TRACE::2025-06-08.17:05:14::SCWMssOS::Commit changes completed.
TRACE::2025-06-08.17:05:14::SCWMssOS::Saving the mss changes C:/Users/saber/Desktop/share/DanDike_NewBoard/vitis1/system_wrapper/ps7_cortexa9_1/standalone_ps7_cortexa9_1/bsp/system.mss
TRACE::2025-06-08.17:05:14::SCWMssOS::Found a swdesign opened with the mssfile.
TRACE::2025-06-08.17:05:14::SCWMssOS::Completed writemss as part of save.
TRACE::2025-06-08.17:05:14::SCWMssOS::Commit changes completed.
TRACE::2025-06-08.17:05:14::SCWPlatform::Trying to open the hw design at C:/Users/saber/Desktop/share/DanDike_NewBoard/vitis1/system_wrapper/hw/system_wrapper.xsa
TRACE::2025-06-08.17:05:14::SCWPlatform::DSA given C:/Users/saber/Desktop/share/DanDike_NewBoard/vitis1/system_wrapper/hw/system_wrapper.xsa
TRACE::2025-06-08.17:05:14::SCWPlatform::DSA absoulate path C:/Users/saber/Desktop/share/DanDike_NewBoard/vitis1/system_wrapper/hw/system_wrapper.xsa
TRACE::2025-06-08.17:05:14::SCWPlatform::DSA directory C:/Users/saber/Desktop/share/DanDike_NewBoard/vitis1/system_wrapper/hw
TRACE::2025-06-08.17:05:14::SCWPlatform:: Platform Path C:/Users/saber/Desktop/share/DanDike_NewBoard/vitis1/system_wrapper/hw/system_wrapper.xsa
TRACE::2025-06-08.17:05:14::SCWPlatform:: Unique name xilinx:::0.0
TRACE::2025-06-08.17:05:14::SCWPlatform::Trying to set the existing hwdb with name system_wrapper_0
TRACE::2025-06-08.17:05:14::SCWPlatform::Opened existing hwdb system_wrapper_0
TRACE::2025-06-08.17:05:14::SCWPlatform::Found the Hw Db part of the input DSA
TRACE::2025-06-08.17:05:14::SCWMssOS::Checking the sw design at  C:/Users/saber/Desktop/share/DanDike_NewBoard/vitis1/system_wrapper/zynq_fsbl/zynq_fsbl_bsp/system.mss
TRACE::2025-06-08.17:05:14::SCWMssOS::DEBUG:  swdes dump  C:/Users/saber/Desktop/share/DanDike_NewBoard/vitis1/system_wrapper/ps7_cortexa9_1/standalone_ps7_cortexa9_1/bsp/system.mss|system_0||
C:/Users/saber/Desktop/share/DanDike_NewBoard/vitis1/system_wrapper/zynq_fsbl/zynq_fsbl_bsp/system.mss|system||

TRACE::2025-06-08.17:05:14::SCWMssOS::Sw design exists and opened at  C:/Users/saber/Desktop/share/DanDike_NewBoard/vitis1/system_wrapper/zynq_fsbl/zynq_fsbl_bsp/system.mss
TRACE::2025-06-08.17:05:14::SCWPlatform::Trying to open the hw design at C:/Users/saber/Desktop/share/DanDike_NewBoard/vitis1/system_wrapper/hw/system_wrapper.xsa
TRACE::2025-06-08.17:05:14::SCWPlatform::DSA given C:/Users/saber/Desktop/share/DanDike_NewBoard/vitis1/system_wrapper/hw/system_wrapper.xsa
TRACE::2025-06-08.17:05:14::SCWPlatform::DSA absoulate path C:/Users/saber/Desktop/share/DanDike_NewBoard/vitis1/system_wrapper/hw/system_wrapper.xsa
TRACE::2025-06-08.17:05:14::SCWPlatform::DSA directory C:/Users/saber/Desktop/share/DanDike_NewBoard/vitis1/system_wrapper/hw
TRACE::2025-06-08.17:05:14::SCWPlatform:: Platform Path C:/Users/saber/Desktop/share/DanDike_NewBoard/vitis1/system_wrapper/hw/system_wrapper.xsa
TRACE::2025-06-08.17:05:14::SCWPlatform:: Unique name xilinx:::0.0
TRACE::2025-06-08.17:05:14::SCWPlatform::Trying to set the existing hwdb with name system_wrapper_0
TRACE::2025-06-08.17:05:14::SCWPlatform::Opened existing hwdb system_wrapper_0
TRACE::2025-06-08.17:05:14::SCWPlatform::Found the Hw Db part of the input DSA
TRACE::2025-06-08.17:05:14::SCWMssOS::Checking the sw design at  C:/Users/saber/Desktop/share/DanDike_NewBoard/vitis1/system_wrapper/zynq_fsbl/zynq_fsbl_bsp/system.mss
TRACE::2025-06-08.17:05:14::SCWMssOS::DEBUG:  swdes dump  C:/Users/saber/Desktop/share/DanDike_NewBoard/vitis1/system_wrapper/ps7_cortexa9_1/standalone_ps7_cortexa9_1/bsp/system.mss|system_0||
C:/Users/saber/Desktop/share/DanDike_NewBoard/vitis1/system_wrapper/zynq_fsbl/zynq_fsbl_bsp/system.mss|system||

TRACE::2025-06-08.17:05:14::SCWMssOS::Sw design exists and opened at  C:/Users/saber/Desktop/share/DanDike_NewBoard/vitis1/system_wrapper/zynq_fsbl/zynq_fsbl_bsp/system.mss
TRACE::2025-06-08.17:05:14::SCWPlatform::Trying to open the hw design at C:/Users/saber/Desktop/share/DanDike_NewBoard/vitis1/system_wrapper/hw/system_wrapper.xsa
TRACE::2025-06-08.17:05:14::SCWPlatform::DSA given C:/Users/saber/Desktop/share/DanDike_NewBoard/vitis1/system_wrapper/hw/system_wrapper.xsa
TRACE::2025-06-08.17:05:14::SCWPlatform::DSA absoulate path C:/Users/saber/Desktop/share/DanDike_NewBoard/vitis1/system_wrapper/hw/system_wrapper.xsa
TRACE::2025-06-08.17:05:14::SCWPlatform::DSA directory C:/Users/saber/Desktop/share/DanDike_NewBoard/vitis1/system_wrapper/hw
TRACE::2025-06-08.17:05:14::SCWPlatform:: Platform Path C:/Users/saber/Desktop/share/DanDike_NewBoard/vitis1/system_wrapper/hw/system_wrapper.xsa
TRACE::2025-06-08.17:05:14::SCWPlatform:: Unique name xilinx:::0.0
TRACE::2025-06-08.17:05:14::SCWPlatform::Trying to set the existing hwdb with name system_wrapper_0
TRACE::2025-06-08.17:05:14::SCWPlatform::Opened existing hwdb system_wrapper_0
TRACE::2025-06-08.17:05:14::SCWPlatform::Found the Hw Db part of the input DSA
TRACE::2025-06-08.17:05:14::SCWMssOS::Checking the sw design at  C:/Users/saber/Desktop/share/DanDike_NewBoard/vitis1/system_wrapper/zynq_fsbl/zynq_fsbl_bsp/system.mss
TRACE::2025-06-08.17:05:14::SCWMssOS::DEBUG:  swdes dump  C:/Users/saber/Desktop/share/DanDike_NewBoard/vitis1/system_wrapper/ps7_cortexa9_1/standalone_ps7_cortexa9_1/bsp/system.mss|system_0||
C:/Users/saber/Desktop/share/DanDike_NewBoard/vitis1/system_wrapper/zynq_fsbl/zynq_fsbl_bsp/system.mss|system||

TRACE::2025-06-08.17:05:14::SCWMssOS::Sw design exists and opened at  C:/Users/saber/Desktop/share/DanDike_NewBoard/vitis1/system_wrapper/zynq_fsbl/zynq_fsbl_bsp/system.mss
TRACE::2025-06-08.17:05:14::SCWPlatform::Trying to open the hw design at C:/Users/saber/Desktop/share/DanDike_NewBoard/vitis1/system_wrapper/hw/system_wrapper.xsa
TRACE::2025-06-08.17:05:14::SCWPlatform::DSA given C:/Users/saber/Desktop/share/DanDike_NewBoard/vitis1/system_wrapper/hw/system_wrapper.xsa
TRACE::2025-06-08.17:05:14::SCWPlatform::DSA absoulate path C:/Users/saber/Desktop/share/DanDike_NewBoard/vitis1/system_wrapper/hw/system_wrapper.xsa
TRACE::2025-06-08.17:05:14::SCWPlatform::DSA directory C:/Users/saber/Desktop/share/DanDike_NewBoard/vitis1/system_wrapper/hw
TRACE::2025-06-08.17:05:14::SCWPlatform:: Platform Path C:/Users/saber/Desktop/share/DanDike_NewBoard/vitis1/system_wrapper/hw/system_wrapper.xsa
TRACE::2025-06-08.17:05:14::SCWPlatform:: Unique name xilinx:::0.0
TRACE::2025-06-08.17:05:14::SCWPlatform::Trying to set the existing hwdb with name system_wrapper_0
TRACE::2025-06-08.17:05:14::SCWPlatform::Opened existing hwdb system_wrapper_0
TRACE::2025-06-08.17:05:14::SCWPlatform::Found the Hw Db part of the input DSA
TRACE::2025-06-08.17:05:14::SCWMssOS::Checking the sw design at  C:/Users/saber/Desktop/share/DanDike_NewBoard/vitis1/system_wrapper/ps7_cortexa9_1/standalone_ps7_cortexa9_1/bsp/system.mss
TRACE::2025-06-08.17:05:14::SCWMssOS::DEBUG:  swdes dump  C:/Users/saber/Desktop/share/DanDike_NewBoard/vitis1/system_wrapper/ps7_cortexa9_1/standalone_ps7_cortexa9_1/bsp/system.mss|system_0||
C:/Users/saber/Desktop/share/DanDike_NewBoard/vitis1/system_wrapper/zynq_fsbl/zynq_fsbl_bsp/system.mss|system||

TRACE::2025-06-08.17:05:14::SCWMssOS::Sw design exists and opened at  C:/Users/saber/Desktop/share/DanDike_NewBoard/vitis1/system_wrapper/ps7_cortexa9_1/standalone_ps7_cortexa9_1/bsp/system.mss
TRACE::2025-06-08.17:05:14::SCWPlatform::Trying to open the hw design at C:/Users/saber/Desktop/share/DanDike_NewBoard/vitis1/system_wrapper/hw/system_wrapper.xsa
TRACE::2025-06-08.17:05:14::SCWPlatform::DSA given C:/Users/saber/Desktop/share/DanDike_NewBoard/vitis1/system_wrapper/hw/system_wrapper.xsa
TRACE::2025-06-08.17:05:14::SCWPlatform::DSA absoulate path C:/Users/saber/Desktop/share/DanDike_NewBoard/vitis1/system_wrapper/hw/system_wrapper.xsa
TRACE::2025-06-08.17:05:14::SCWPlatform::DSA directory C:/Users/saber/Desktop/share/DanDike_NewBoard/vitis1/system_wrapper/hw
TRACE::2025-06-08.17:05:14::SCWPlatform:: Platform Path C:/Users/saber/Desktop/share/DanDike_NewBoard/vitis1/system_wrapper/hw/system_wrapper.xsa
TRACE::2025-06-08.17:05:14::SCWPlatform:: Unique name xilinx:::0.0
TRACE::2025-06-08.17:05:14::SCWPlatform::Trying to set the existing hwdb with name system_wrapper_0
TRACE::2025-06-08.17:05:14::SCWPlatform::Opened existing hwdb system_wrapper_0
TRACE::2025-06-08.17:05:14::SCWPlatform::Found the Hw Db part of the input DSA
TRACE::2025-06-08.17:05:14::SCWMssOS::Checking the sw design at  C:/Users/saber/Desktop/share/DanDike_NewBoard/vitis1/system_wrapper/ps7_cortexa9_1/standalone_ps7_cortexa9_1/bsp/system.mss
TRACE::2025-06-08.17:05:14::SCWMssOS::DEBUG:  swdes dump  C:/Users/saber/Desktop/share/DanDike_NewBoard/vitis1/system_wrapper/ps7_cortexa9_1/standalone_ps7_cortexa9_1/bsp/system.mss|system_0||
C:/Users/saber/Desktop/share/DanDike_NewBoard/vitis1/system_wrapper/zynq_fsbl/zynq_fsbl_bsp/system.mss|system||

TRACE::2025-06-08.17:05:14::SCWMssOS::Sw design exists and opened at  C:/Users/saber/Desktop/share/DanDike_NewBoard/vitis1/system_wrapper/ps7_cortexa9_1/standalone_ps7_cortexa9_1/bsp/system.mss
TRACE::2025-06-08.17:05:14::SCWPlatform::Trying to open the hw design at C:/Users/saber/Desktop/share/DanDike_NewBoard/vitis1/system_wrapper/hw/system_wrapper.xsa
TRACE::2025-06-08.17:05:14::SCWPlatform::DSA given C:/Users/saber/Desktop/share/DanDike_NewBoard/vitis1/system_wrapper/hw/system_wrapper.xsa
TRACE::2025-06-08.17:05:14::SCWPlatform::DSA absoulate path C:/Users/saber/Desktop/share/DanDike_NewBoard/vitis1/system_wrapper/hw/system_wrapper.xsa
TRACE::2025-06-08.17:05:14::SCWPlatform::DSA directory C:/Users/saber/Desktop/share/DanDike_NewBoard/vitis1/system_wrapper/hw
TRACE::2025-06-08.17:05:14::SCWPlatform:: Platform Path C:/Users/saber/Desktop/share/DanDike_NewBoard/vitis1/system_wrapper/hw/system_wrapper.xsa
TRACE::2025-06-08.17:05:14::SCWPlatform:: Unique name xilinx:::0.0
TRACE::2025-06-08.17:05:14::SCWPlatform::Trying to set the existing hwdb with name system_wrapper_0
TRACE::2025-06-08.17:05:14::SCWPlatform::Opened existing hwdb system_wrapper_0
TRACE::2025-06-08.17:05:14::SCWPlatform::Found the Hw Db part of the input DSA
TRACE::2025-06-08.17:05:14::SCWMssOS::Checking the sw design at  C:/Users/saber/Desktop/share/DanDike_NewBoard/vitis1/system_wrapper/ps7_cortexa9_1/standalone_ps7_cortexa9_1/bsp/system.mss
TRACE::2025-06-08.17:05:14::SCWMssOS::DEBUG:  swdes dump  C:/Users/saber/Desktop/share/DanDike_NewBoard/vitis1/system_wrapper/ps7_cortexa9_1/standalone_ps7_cortexa9_1/bsp/system.mss|system_0||
C:/Users/saber/Desktop/share/DanDike_NewBoard/vitis1/system_wrapper/zynq_fsbl/zynq_fsbl_bsp/system.mss|system||

TRACE::2025-06-08.17:05:14::SCWMssOS::Sw design exists and opened at  C:/Users/saber/Desktop/share/DanDike_NewBoard/vitis1/system_wrapper/ps7_cortexa9_1/standalone_ps7_cortexa9_1/bsp/system.mss
TRACE::2025-06-08.17:05:14::SCWWriter::formatted JSON is {
	"platformName":	"system_wrapper",
	"sprVersion":	"2.0",
	"mode":	"gui",
	"dsaType":	"Fixed",
	"platformDesc":	"system_wrapper",
	"platHandOff":	"<platformDir>.xsa",
	"platIntHandOff":	"<platformDir>/hw/system_wrapper.xsa",
	"deviceType":	"zynq",
	"platIsPrebuiltAutogen":	"false",
	"platIsNoBootBsp":	"false",
	"platFsblTarget":	"ps7_cortexa9_0",
	"hasFsblMakeHasChanges":	"false",
	"hasPmufwMakeHasChanges":	"false",
	"fsblExtraCompilerFlags":	"-MMD -MP       -mcpu=cortex-a9 -mfpu=vfpv3 -mfloat-abi=hard ",
	"platPreBuiltFlag":	false,
	"platformSamplesDir":	"",
	"platActiveSys":	"system_wrapper",
	"systems":	[{
			"systemName":	"system_wrapper",
			"systemDesc":	"system_wrapper",
			"sysIsBootAutoGen":	"true",
			"systemDispName":	"system_wrapper",
			"sysActiveDom":	"standalone_ps7_cortexa9_1",
			"sysDefaultDom":	"standalone_ps7_cortexa9_1",
			"domains":	[{
					"domainName":	"zynq_fsbl",
					"domainDispName":	"zynq_fsbl",
					"domainDesc":	"FSBL Application BSP - Auto Generated.",
					"processors":	"ps7_cortexa9_0",
					"os":	"standalone",
					"sdxOs":	"standalone",
					"debugEnable":	"",
					"domRuntimes":	["cpp"],
					"swRepo":	"",
					"mssOsVer":	"7.3",
					"mssFile":	"",
					"md5Digest":	"dacb7111ae2ca53c35e8ea57ed4ecb10",
					"compatibleApp":	"zynq_fsbl",
					"domType":	"bootDomain",
					"arch":	"32-bit",
					"appSettings":	{
						"appCompilerFlags":	"",
						"appLinkerFlags":	""
					},
					"addedLibs":	["xilffs:4.4", "xilrsa:1.6"],
					"libOptions":	{
						"libsContainingOptions":	[]
					},
					"prebuiltLibs":	{
						"prebuiltIncPath":	[],
						"prebuiltLibPath":	[]
					},
					"isolation":	{
					}
				}, {
					"domainName":	"standalone_ps7_cortexa9_1",
					"domainDispName":	"standalone_ps7_cortexa9_1",
					"domainDesc":	"standalone_ps7_cortexa9_1",
					"processors":	"ps7_cortexa9_1",
					"os":	"standalone",
					"sdxOs":	"standalone",
					"qemuArgs":	"E:/vivado/Vitis/2020.2/data/emulation/platforms/zynq/sw/a9_standalone/qemu/qemu_args.txt",
					"qemuData":	"E:/vivado/Vitis/2020.2/data/emulation/platforms/zynq/sw/a9_standalone/qemu/",
					"debugEnable":	"False",
					"domRuntimes":	["cpp"],
					"swRepo":	"",
					"mssOsVer":	"7.3",
					"mssFile":	"",
					"md5Digest":	"8c6de1f5ed47dac36dac89cdb928e6a4",
					"compatibleApp":	"empty_application",
					"domType":	"mssDomain",
					"arch":	"32-bit",
					"appSettings":	{
						"appCompilerFlags":	"",
						"appLinkerFlags":	""
					},
					"addedLibs":	[],
					"libOptions":	{
						"libsContainingOptions":	[]
					},
					"prebuiltLibs":	{
						"prebuiltIncPath":	[],
						"prebuiltLibPath":	[]
					},
					"isolation":	{
					}
				}]
		}]
}
TRACE::2025-06-08.17:05:14::SCWPlatform::Trying to open the hw design at C:/Users/saber/Desktop/share/DanDike_NewBoard/vitis1/system_wrapper/hw/system_wrapper.xsa
TRACE::2025-06-08.17:05:14::SCWPlatform::DSA given C:/Users/saber/Desktop/share/DanDike_NewBoard/vitis1/system_wrapper/hw/system_wrapper.xsa
TRACE::2025-06-08.17:05:14::SCWPlatform::DSA absoulate path C:/Users/saber/Desktop/share/DanDike_NewBoard/vitis1/system_wrapper/hw/system_wrapper.xsa
TRACE::2025-06-08.17:05:14::SCWPlatform::DSA directory C:/Users/saber/Desktop/share/DanDike_NewBoard/vitis1/system_wrapper/hw
TRACE::2025-06-08.17:05:14::SCWPlatform:: Platform Path C:/Users/saber/Desktop/share/DanDike_NewBoard/vitis1/system_wrapper/hw/system_wrapper.xsa
TRACE::2025-06-08.17:05:14::SCWPlatform:: Unique name xilinx:::0.0
TRACE::2025-06-08.17:05:14::SCWPlatform::Trying to set the existing hwdb with name system_wrapper_0
TRACE::2025-06-08.17:05:14::SCWPlatform::Opened existing hwdb system_wrapper_0
TRACE::2025-06-08.17:05:14::SCWPlatform::Found the Hw Db part of the input DSA
TRACE::2025-06-08.17:05:14::SCWMssOS::Checking the sw design at  C:/Users/saber/Desktop/share/DanDike_NewBoard/vitis1/system_wrapper/ps7_cortexa9_1/standalone_ps7_cortexa9_1/bsp/system.mss
TRACE::2025-06-08.17:05:14::SCWMssOS::DEBUG:  swdes dump  C:/Users/saber/Desktop/share/DanDike_NewBoard/vitis1/system_wrapper/ps7_cortexa9_1/standalone_ps7_cortexa9_1/bsp/system.mss|system_0||
C:/Users/saber/Desktop/share/DanDike_NewBoard/vitis1/system_wrapper/zynq_fsbl/zynq_fsbl_bsp/system.mss|system||

TRACE::2025-06-08.17:05:14::SCWMssOS::Sw design exists and opened at  C:/Users/saber/Desktop/share/DanDike_NewBoard/vitis1/system_wrapper/ps7_cortexa9_1/standalone_ps7_cortexa9_1/bsp/system.mss
TRACE::2025-06-08.17:05:14::SCWPlatform::Trying to open the hw design at C:/Users/saber/Desktop/share/DanDike_NewBoard/vitis1/system_wrapper/hw/system_wrapper.xsa
TRACE::2025-06-08.17:05:14::SCWPlatform::DSA given C:/Users/saber/Desktop/share/DanDike_NewBoard/vitis1/system_wrapper/hw/system_wrapper.xsa
TRACE::2025-06-08.17:05:14::SCWPlatform::DSA absoulate path C:/Users/saber/Desktop/share/DanDike_NewBoard/vitis1/system_wrapper/hw/system_wrapper.xsa
TRACE::2025-06-08.17:05:14::SCWPlatform::DSA directory C:/Users/saber/Desktop/share/DanDike_NewBoard/vitis1/system_wrapper/hw
TRACE::2025-06-08.17:05:14::SCWPlatform:: Platform Path C:/Users/saber/Desktop/share/DanDike_NewBoard/vitis1/system_wrapper/hw/system_wrapper.xsa
TRACE::2025-06-08.17:05:14::SCWPlatform:: Unique name xilinx:::0.0
TRACE::2025-06-08.17:05:14::SCWPlatform::Trying to set the existing hwdb with name system_wrapper_0
TRACE::2025-06-08.17:05:14::SCWPlatform::Opened existing hwdb system_wrapper_0
TRACE::2025-06-08.17:05:14::SCWPlatform::Found the Hw Db part of the input DSA
TRACE::2025-06-08.17:05:14::SCWMssOS::Checking the sw design at  C:/Users/saber/Desktop/share/DanDike_NewBoard/vitis1/system_wrapper/ps7_cortexa9_1/standalone_ps7_cortexa9_1/bsp/system.mss
TRACE::2025-06-08.17:05:14::SCWMssOS::DEBUG:  swdes dump  C:/Users/saber/Desktop/share/DanDike_NewBoard/vitis1/system_wrapper/ps7_cortexa9_1/standalone_ps7_cortexa9_1/bsp/system.mss|system_0||
C:/Users/saber/Desktop/share/DanDike_NewBoard/vitis1/system_wrapper/zynq_fsbl/zynq_fsbl_bsp/system.mss|system||

TRACE::2025-06-08.17:05:14::SCWMssOS::Sw design exists and opened at  C:/Users/saber/Desktop/share/DanDike_NewBoard/vitis1/system_wrapper/ps7_cortexa9_1/standalone_ps7_cortexa9_1/bsp/system.mss
TRACE::2025-06-08.17:05:14::SCWMssOS::Saving the mss changes C:/Users/saber/Desktop/share/DanDike_NewBoard/vitis1/system_wrapper/zynq_fsbl/zynq_fsbl_bsp/system.mss
TRACE::2025-06-08.17:05:14::SCWMssOS::Found a swdesign opened with the mssfile.
TRACE::2025-06-08.17:05:14::SCWMssOS::Completed writemss as part of save.
TRACE::2025-06-08.17:05:14::SCWMssOS::Commit changes completed.
TRACE::2025-06-08.17:05:14::SCWMssOS::Saving the mss changes C:/Users/saber/Desktop/share/DanDike_NewBoard/vitis1/system_wrapper/ps7_cortexa9_1/standalone_ps7_cortexa9_1/bsp/system.mss
TRACE::2025-06-08.17:05:14::SCWMssOS::Found a swdesign opened with the mssfile.
TRACE::2025-06-08.17:05:14::SCWMssOS::Completed writemss as part of save.
TRACE::2025-06-08.17:05:14::SCWMssOS::Commit changes completed.
TRACE::2025-06-08.17:05:14::SCWPlatform::Trying to open the hw design at C:/Users/saber/Desktop/share/DanDike_NewBoard/vitis1/system_wrapper/hw/system_wrapper.xsa
TRACE::2025-06-08.17:05:14::SCWPlatform::DSA given C:/Users/saber/Desktop/share/DanDike_NewBoard/vitis1/system_wrapper/hw/system_wrapper.xsa
TRACE::2025-06-08.17:05:14::SCWPlatform::DSA absoulate path C:/Users/saber/Desktop/share/DanDike_NewBoard/vitis1/system_wrapper/hw/system_wrapper.xsa
TRACE::2025-06-08.17:05:14::SCWPlatform::DSA directory C:/Users/saber/Desktop/share/DanDike_NewBoard/vitis1/system_wrapper/hw
TRACE::2025-06-08.17:05:14::SCWPlatform:: Platform Path C:/Users/saber/Desktop/share/DanDike_NewBoard/vitis1/system_wrapper/hw/system_wrapper.xsa
TRACE::2025-06-08.17:05:14::SCWPlatform:: Unique name xilinx:::0.0
TRACE::2025-06-08.17:05:14::SCWPlatform::Trying to set the existing hwdb with name system_wrapper_0
TRACE::2025-06-08.17:05:14::SCWPlatform::Opened existing hwdb system_wrapper_0
TRACE::2025-06-08.17:05:14::SCWPlatform::Found the Hw Db part of the input DSA
TRACE::2025-06-08.17:05:14::SCWMssOS::Checking the sw design at  C:/Users/saber/Desktop/share/DanDike_NewBoard/vitis1/system_wrapper/zynq_fsbl/zynq_fsbl_bsp/system.mss
TRACE::2025-06-08.17:05:14::SCWMssOS::DEBUG:  swdes dump  C:/Users/saber/Desktop/share/DanDike_NewBoard/vitis1/system_wrapper/ps7_cortexa9_1/standalone_ps7_cortexa9_1/bsp/system.mss|system_0||
C:/Users/saber/Desktop/share/DanDike_NewBoard/vitis1/system_wrapper/zynq_fsbl/zynq_fsbl_bsp/system.mss|system||

TRACE::2025-06-08.17:05:14::SCWMssOS::Sw design exists and opened at  C:/Users/saber/Desktop/share/DanDike_NewBoard/vitis1/system_wrapper/zynq_fsbl/zynq_fsbl_bsp/system.mss
TRACE::2025-06-08.17:05:14::SCWPlatform::Trying to open the hw design at C:/Users/saber/Desktop/share/DanDike_NewBoard/vitis1/system_wrapper/hw/system_wrapper.xsa
TRACE::2025-06-08.17:05:14::SCWPlatform::DSA given C:/Users/saber/Desktop/share/DanDike_NewBoard/vitis1/system_wrapper/hw/system_wrapper.xsa
TRACE::2025-06-08.17:05:14::SCWPlatform::DSA absoulate path C:/Users/saber/Desktop/share/DanDike_NewBoard/vitis1/system_wrapper/hw/system_wrapper.xsa
TRACE::2025-06-08.17:05:14::SCWPlatform::DSA directory C:/Users/saber/Desktop/share/DanDike_NewBoard/vitis1/system_wrapper/hw
TRACE::2025-06-08.17:05:14::SCWPlatform:: Platform Path C:/Users/saber/Desktop/share/DanDike_NewBoard/vitis1/system_wrapper/hw/system_wrapper.xsa
TRACE::2025-06-08.17:05:14::SCWPlatform:: Unique name xilinx:::0.0
TRACE::2025-06-08.17:05:14::SCWPlatform::Trying to set the existing hwdb with name system_wrapper_0
TRACE::2025-06-08.17:05:14::SCWPlatform::Opened existing hwdb system_wrapper_0
TRACE::2025-06-08.17:05:14::SCWPlatform::Found the Hw Db part of the input DSA
TRACE::2025-06-08.17:05:14::SCWMssOS::Checking the sw design at  C:/Users/saber/Desktop/share/DanDike_NewBoard/vitis1/system_wrapper/zynq_fsbl/zynq_fsbl_bsp/system.mss
TRACE::2025-06-08.17:05:14::SCWMssOS::DEBUG:  swdes dump  C:/Users/saber/Desktop/share/DanDike_NewBoard/vitis1/system_wrapper/ps7_cortexa9_1/standalone_ps7_cortexa9_1/bsp/system.mss|system_0||
C:/Users/saber/Desktop/share/DanDike_NewBoard/vitis1/system_wrapper/zynq_fsbl/zynq_fsbl_bsp/system.mss|system||

TRACE::2025-06-08.17:05:14::SCWMssOS::Sw design exists and opened at  C:/Users/saber/Desktop/share/DanDike_NewBoard/vitis1/system_wrapper/zynq_fsbl/zynq_fsbl_bsp/system.mss
TRACE::2025-06-08.17:05:14::SCWPlatform::Trying to open the hw design at C:/Users/saber/Desktop/share/DanDike_NewBoard/vitis1/system_wrapper/hw/system_wrapper.xsa
TRACE::2025-06-08.17:05:14::SCWPlatform::DSA given C:/Users/saber/Desktop/share/DanDike_NewBoard/vitis1/system_wrapper/hw/system_wrapper.xsa
TRACE::2025-06-08.17:05:14::SCWPlatform::DSA absoulate path C:/Users/saber/Desktop/share/DanDike_NewBoard/vitis1/system_wrapper/hw/system_wrapper.xsa
TRACE::2025-06-08.17:05:14::SCWPlatform::DSA directory C:/Users/saber/Desktop/share/DanDike_NewBoard/vitis1/system_wrapper/hw
TRACE::2025-06-08.17:05:14::SCWPlatform:: Platform Path C:/Users/saber/Desktop/share/DanDike_NewBoard/vitis1/system_wrapper/hw/system_wrapper.xsa
TRACE::2025-06-08.17:05:14::SCWPlatform:: Unique name xilinx:::0.0
TRACE::2025-06-08.17:05:14::SCWPlatform::Trying to set the existing hwdb with name system_wrapper_0
TRACE::2025-06-08.17:05:14::SCWPlatform::Opened existing hwdb system_wrapper_0
TRACE::2025-06-08.17:05:14::SCWPlatform::Found the Hw Db part of the input DSA
TRACE::2025-06-08.17:05:14::SCWMssOS::Checking the sw design at  C:/Users/saber/Desktop/share/DanDike_NewBoard/vitis1/system_wrapper/zynq_fsbl/zynq_fsbl_bsp/system.mss
TRACE::2025-06-08.17:05:14::SCWMssOS::DEBUG:  swdes dump  C:/Users/saber/Desktop/share/DanDike_NewBoard/vitis1/system_wrapper/ps7_cortexa9_1/standalone_ps7_cortexa9_1/bsp/system.mss|system_0||
C:/Users/saber/Desktop/share/DanDike_NewBoard/vitis1/system_wrapper/zynq_fsbl/zynq_fsbl_bsp/system.mss|system||

TRACE::2025-06-08.17:05:14::SCWMssOS::Sw design exists and opened at  C:/Users/saber/Desktop/share/DanDike_NewBoard/vitis1/system_wrapper/zynq_fsbl/zynq_fsbl_bsp/system.mss
TRACE::2025-06-08.17:05:14::SCWPlatform::Trying to open the hw design at C:/Users/saber/Desktop/share/DanDike_NewBoard/vitis1/system_wrapper/hw/system_wrapper.xsa
TRACE::2025-06-08.17:05:14::SCWPlatform::DSA given C:/Users/saber/Desktop/share/DanDike_NewBoard/vitis1/system_wrapper/hw/system_wrapper.xsa
TRACE::2025-06-08.17:05:14::SCWPlatform::DSA absoulate path C:/Users/saber/Desktop/share/DanDike_NewBoard/vitis1/system_wrapper/hw/system_wrapper.xsa
TRACE::2025-06-08.17:05:14::SCWPlatform::DSA directory C:/Users/saber/Desktop/share/DanDike_NewBoard/vitis1/system_wrapper/hw
TRACE::2025-06-08.17:05:14::SCWPlatform:: Platform Path C:/Users/saber/Desktop/share/DanDike_NewBoard/vitis1/system_wrapper/hw/system_wrapper.xsa
TRACE::2025-06-08.17:05:14::SCWPlatform:: Unique name xilinx:::0.0
TRACE::2025-06-08.17:05:14::SCWPlatform::Trying to set the existing hwdb with name system_wrapper_0
TRACE::2025-06-08.17:05:14::SCWPlatform::Opened existing hwdb system_wrapper_0
TRACE::2025-06-08.17:05:14::SCWPlatform::Found the Hw Db part of the input DSA
TRACE::2025-06-08.17:05:14::SCWMssOS::Checking the sw design at  C:/Users/saber/Desktop/share/DanDike_NewBoard/vitis1/system_wrapper/ps7_cortexa9_1/standalone_ps7_cortexa9_1/bsp/system.mss
TRACE::2025-06-08.17:05:14::SCWMssOS::DEBUG:  swdes dump  C:/Users/saber/Desktop/share/DanDike_NewBoard/vitis1/system_wrapper/ps7_cortexa9_1/standalone_ps7_cortexa9_1/bsp/system.mss|system_0||
C:/Users/saber/Desktop/share/DanDike_NewBoard/vitis1/system_wrapper/zynq_fsbl/zynq_fsbl_bsp/system.mss|system||

TRACE::2025-06-08.17:05:14::SCWMssOS::Sw design exists and opened at  C:/Users/saber/Desktop/share/DanDike_NewBoard/vitis1/system_wrapper/ps7_cortexa9_1/standalone_ps7_cortexa9_1/bsp/system.mss
TRACE::2025-06-08.17:05:14::SCWPlatform::Trying to open the hw design at C:/Users/saber/Desktop/share/DanDike_NewBoard/vitis1/system_wrapper/hw/system_wrapper.xsa
TRACE::2025-06-08.17:05:14::SCWPlatform::DSA given C:/Users/saber/Desktop/share/DanDike_NewBoard/vitis1/system_wrapper/hw/system_wrapper.xsa
TRACE::2025-06-08.17:05:14::SCWPlatform::DSA absoulate path C:/Users/saber/Desktop/share/DanDike_NewBoard/vitis1/system_wrapper/hw/system_wrapper.xsa
TRACE::2025-06-08.17:05:14::SCWPlatform::DSA directory C:/Users/saber/Desktop/share/DanDike_NewBoard/vitis1/system_wrapper/hw
TRACE::2025-06-08.17:05:14::SCWPlatform:: Platform Path C:/Users/saber/Desktop/share/DanDike_NewBoard/vitis1/system_wrapper/hw/system_wrapper.xsa
TRACE::2025-06-08.17:05:14::SCWPlatform:: Unique name xilinx:::0.0
TRACE::2025-06-08.17:05:14::SCWPlatform::Trying to set the existing hwdb with name system_wrapper_0
TRACE::2025-06-08.17:05:14::SCWPlatform::Opened existing hwdb system_wrapper_0
TRACE::2025-06-08.17:05:14::SCWPlatform::Found the Hw Db part of the input DSA
TRACE::2025-06-08.17:05:14::SCWMssOS::Checking the sw design at  C:/Users/saber/Desktop/share/DanDike_NewBoard/vitis1/system_wrapper/ps7_cortexa9_1/standalone_ps7_cortexa9_1/bsp/system.mss
TRACE::2025-06-08.17:05:14::SCWMssOS::DEBUG:  swdes dump  C:/Users/saber/Desktop/share/DanDike_NewBoard/vitis1/system_wrapper/ps7_cortexa9_1/standalone_ps7_cortexa9_1/bsp/system.mss|system_0||
C:/Users/saber/Desktop/share/DanDike_NewBoard/vitis1/system_wrapper/zynq_fsbl/zynq_fsbl_bsp/system.mss|system||

TRACE::2025-06-08.17:05:14::SCWMssOS::Sw design exists and opened at  C:/Users/saber/Desktop/share/DanDike_NewBoard/vitis1/system_wrapper/ps7_cortexa9_1/standalone_ps7_cortexa9_1/bsp/system.mss
TRACE::2025-06-08.17:05:14::SCWPlatform::Trying to open the hw design at C:/Users/saber/Desktop/share/DanDike_NewBoard/vitis1/system_wrapper/hw/system_wrapper.xsa
TRACE::2025-06-08.17:05:14::SCWPlatform::DSA given C:/Users/saber/Desktop/share/DanDike_NewBoard/vitis1/system_wrapper/hw/system_wrapper.xsa
TRACE::2025-06-08.17:05:14::SCWPlatform::DSA absoulate path C:/Users/saber/Desktop/share/DanDike_NewBoard/vitis1/system_wrapper/hw/system_wrapper.xsa
TRACE::2025-06-08.17:05:14::SCWPlatform::DSA directory C:/Users/saber/Desktop/share/DanDike_NewBoard/vitis1/system_wrapper/hw
TRACE::2025-06-08.17:05:14::SCWPlatform:: Platform Path C:/Users/saber/Desktop/share/DanDike_NewBoard/vitis1/system_wrapper/hw/system_wrapper.xsa
TRACE::2025-06-08.17:05:14::SCWPlatform:: Unique name xilinx:::0.0
TRACE::2025-06-08.17:05:14::SCWPlatform::Trying to set the existing hwdb with name system_wrapper_0
TRACE::2025-06-08.17:05:14::SCWPlatform::Opened existing hwdb system_wrapper_0
TRACE::2025-06-08.17:05:14::SCWPlatform::Found the Hw Db part of the input DSA
TRACE::2025-06-08.17:05:14::SCWMssOS::Checking the sw design at  C:/Users/saber/Desktop/share/DanDike_NewBoard/vitis1/system_wrapper/ps7_cortexa9_1/standalone_ps7_cortexa9_1/bsp/system.mss
TRACE::2025-06-08.17:05:14::SCWMssOS::DEBUG:  swdes dump  C:/Users/saber/Desktop/share/DanDike_NewBoard/vitis1/system_wrapper/ps7_cortexa9_1/standalone_ps7_cortexa9_1/bsp/system.mss|system_0||
C:/Users/saber/Desktop/share/DanDike_NewBoard/vitis1/system_wrapper/zynq_fsbl/zynq_fsbl_bsp/system.mss|system||

TRACE::2025-06-08.17:05:14::SCWMssOS::Sw design exists and opened at  C:/Users/saber/Desktop/share/DanDike_NewBoard/vitis1/system_wrapper/ps7_cortexa9_1/standalone_ps7_cortexa9_1/bsp/system.mss
TRACE::2025-06-08.17:05:14::SCWWriter::formatted JSON is {
	"platformName":	"system_wrapper",
	"sprVersion":	"2.0",
	"mode":	"gui",
	"dsaType":	"Fixed",
	"platformDesc":	"system_wrapper",
	"platHandOff":	"<platformDir>.xsa",
	"platIntHandOff":	"<platformDir>/hw/system_wrapper.xsa",
	"deviceType":	"zynq",
	"platIsPrebuiltAutogen":	"false",
	"platIsNoBootBsp":	"false",
	"platFsblTarget":	"ps7_cortexa9_0",
	"hasFsblMakeHasChanges":	"false",
	"hasPmufwMakeHasChanges":	"false",
	"fsblExtraCompilerFlags":	"-MMD -MP       -mcpu=cortex-a9 -mfpu=vfpv3 -mfloat-abi=hard ",
	"platPreBuiltFlag":	false,
	"platformSamplesDir":	"",
	"platActiveSys":	"system_wrapper",
	"systems":	[{
			"systemName":	"system_wrapper",
			"systemDesc":	"system_wrapper",
			"sysIsBootAutoGen":	"true",
			"systemDispName":	"system_wrapper",
			"sysActiveDom":	"standalone_ps7_cortexa9_1",
			"sysDefaultDom":	"standalone_ps7_cortexa9_1",
			"domains":	[{
					"domainName":	"zynq_fsbl",
					"domainDispName":	"zynq_fsbl",
					"domainDesc":	"FSBL Application BSP - Auto Generated.",
					"processors":	"ps7_cortexa9_0",
					"os":	"standalone",
					"sdxOs":	"standalone",
					"debugEnable":	"",
					"domRuntimes":	["cpp"],
					"swRepo":	"",
					"mssOsVer":	"7.3",
					"mssFile":	"",
					"md5Digest":	"dacb7111ae2ca53c35e8ea57ed4ecb10",
					"compatibleApp":	"zynq_fsbl",
					"domType":	"bootDomain",
					"arch":	"32-bit",
					"appSettings":	{
						"appCompilerFlags":	"",
						"appLinkerFlags":	""
					},
					"addedLibs":	["xilffs:4.4", "xilrsa:1.6"],
					"libOptions":	{
						"libsContainingOptions":	[]
					},
					"prebuiltLibs":	{
						"prebuiltIncPath":	[],
						"prebuiltLibPath":	[]
					},
					"isolation":	{
					}
				}, {
					"domainName":	"standalone_ps7_cortexa9_1",
					"domainDispName":	"standalone_ps7_cortexa9_1",
					"domainDesc":	"standalone_ps7_cortexa9_1",
					"processors":	"ps7_cortexa9_1",
					"os":	"standalone",
					"sdxOs":	"standalone",
					"qemuArgs":	"E:/vivado/Vitis/2020.2/data/emulation/platforms/zynq/sw/a9_standalone/qemu/qemu_args.txt",
					"qemuData":	"E:/vivado/Vitis/2020.2/data/emulation/platforms/zynq/sw/a9_standalone/qemu/",
					"debugEnable":	"False",
					"domRuntimes":	["cpp"],
					"swRepo":	"",
					"mssOsVer":	"7.3",
					"mssFile":	"",
					"md5Digest":	"8c6de1f5ed47dac36dac89cdb928e6a4",
					"compatibleApp":	"empty_application",
					"domType":	"mssDomain",
					"arch":	"32-bit",
					"appSettings":	{
						"appCompilerFlags":	"",
						"appLinkerFlags":	""
					},
					"addedLibs":	[],
					"libOptions":	{
						"libsContainingOptions":	[]
					},
					"prebuiltLibs":	{
						"prebuiltIncPath":	[],
						"prebuiltLibPath":	[]
					},
					"isolation":	{
					}
				}]
		}]
}
LOG::2025-06-08.17:05:14::SCWPlatform::Started generating the artifacts platform system_wrapper
TRACE::2025-06-08.17:05:14::SCWPlatform::Sanity checking of platform is completed
LOG::2025-06-08.17:05:14::SCWPlatform::Started generating the artifacts for system configuration system_wrapper
LOG::2025-06-08.17:05:14::SCWSystem::Started Processing the domain standalone_ps7_cortexa9_1
TRACE::2025-06-08.17:05:14::SCWDomain::Generating domain artifcats
TRACE::2025-06-08.17:05:14::SCWMssOS::Generating standalone artifcats
TRACE::2025-06-08.17:05:14::SCWMssOS::Copying the qemu file from  E:/vivado/Vitis/2020.2/data/emulation/platforms/zynq/sw/a9_standalone/qemu/qemu_args.txt To C:/Users/saber/Desktop/share/DanDike_NewBoard/vitis1/system_wrapper/export/system_wrapper/sw/system_wrapper/qemu/
TRACE::2025-06-08.17:05:14::SCWMssOS::Copying the qemu file from  E:/vivado/Vitis/2020.2/data/emulation/platforms/zynq/sw/a9_standalone/qemu/qemu_args.txt To C:/Users/saber/Desktop/share/DanDike_NewBoard/vitis1/system_wrapper/export/system_wrapper/sw/system_wrapper/standalone_ps7_cortexa9_1/qemu/
TRACE::2025-06-08.17:05:14::SCWMssOS:: Copying the user libraries. 
TRACE::2025-06-08.17:05:14::SCWPlatform::Trying to open the hw design at C:/Users/saber/Desktop/share/DanDike_NewBoard/vitis1/system_wrapper/hw/system_wrapper.xsa
TRACE::2025-06-08.17:05:14::SCWPlatform::DSA given C:/Users/saber/Desktop/share/DanDike_NewBoard/vitis1/system_wrapper/hw/system_wrapper.xsa
TRACE::2025-06-08.17:05:14::SCWPlatform::DSA absoulate path C:/Users/saber/Desktop/share/DanDike_NewBoard/vitis1/system_wrapper/hw/system_wrapper.xsa
TRACE::2025-06-08.17:05:14::SCWPlatform::DSA directory C:/Users/saber/Desktop/share/DanDike_NewBoard/vitis1/system_wrapper/hw
TRACE::2025-06-08.17:05:14::SCWPlatform:: Platform Path C:/Users/saber/Desktop/share/DanDike_NewBoard/vitis1/system_wrapper/hw/system_wrapper.xsa
TRACE::2025-06-08.17:05:14::SCWPlatform:: Unique name xilinx:::0.0
TRACE::2025-06-08.17:05:14::SCWPlatform::Trying to set the existing hwdb with name system_wrapper_0
TRACE::2025-06-08.17:05:14::SCWPlatform::Opened existing hwdb system_wrapper_0
TRACE::2025-06-08.17:05:14::SCWPlatform::Found the Hw Db part of the input DSA
TRACE::2025-06-08.17:05:14::SCWMssOS::Checking the sw design at  C:/Users/saber/Desktop/share/DanDike_NewBoard/vitis1/system_wrapper/ps7_cortexa9_1/standalone_ps7_cortexa9_1/bsp/system.mss
TRACE::2025-06-08.17:05:14::SCWMssOS::DEBUG:  swdes dump  C:/Users/saber/Desktop/share/DanDike_NewBoard/vitis1/system_wrapper/ps7_cortexa9_1/standalone_ps7_cortexa9_1/bsp/system.mss|system_0||
C:/Users/saber/Desktop/share/DanDike_NewBoard/vitis1/system_wrapper/zynq_fsbl/zynq_fsbl_bsp/system.mss|system||

TRACE::2025-06-08.17:05:14::SCWMssOS::Sw design exists and opened at  C:/Users/saber/Desktop/share/DanDike_NewBoard/vitis1/system_wrapper/ps7_cortexa9_1/standalone_ps7_cortexa9_1/bsp/system.mss
TRACE::2025-06-08.17:05:14::SCWMssOS::Completed writing the mss file at C:/Users/saber/Desktop/share/DanDike_NewBoard/vitis1/system_wrapper/ps7_cortexa9_1/standalone_ps7_cortexa9_1/bsp
TRACE::2025-06-08.17:05:14::SCWMssOS::Mss edits present, copying mssfile into export location C:/Users/saber/Desktop/share/DanDike_NewBoard/vitis1/system_wrapper/ps7_cortexa9_1/standalone_ps7_cortexa9_1/bsp/system.mss
TRACE::2025-06-08.17:05:14::SCWMssOS::bsp generated is upto date with the mss file. Skipping bsp generation.
TRACE::2025-06-08.17:05:14::SCWMssOS::BSP is already built. skipping the bsp build ... 
TRACE::2025-06-08.17:05:14::SCWDomain::Building the domain as part of full build :  standalone_ps7_cortexa9_1
TRACE::2025-06-08.17:05:14::SCWMssOS::skipping the bsp build ... 
TRACE::2025-06-08.17:05:14::SCWMssOS::Copying to export directory.
TRACE::2025-06-08.17:05:14::SCWMssOS:: Checking if to create the Supporting Applications
TRACE::2025-06-08.17:05:14::SCWMssOS:: No Linux domain exists, trying to generate FSBL 
TRACE::2025-06-08.17:05:14::SCWMssOS:: Completed Standalone Artifacts creation 
LOG::2025-06-08.17:05:14::SCWSystem::Completed Processing the domain standalone_ps7_cortexa9_1
LOG::2025-06-08.17:05:14::SCWSystem::Completed Processing the sysconfig system_wrapper
LOG::2025-06-08.17:05:14::SCWPlatform::Completed generating the artifacts for system configuration system_wrapper
TRACE::2025-06-08.17:05:14::SCWPlatform::Started preparing the platform 
TRACE::2025-06-08.17:05:14::SCWSystem::Writing the bif file for system config system_wrapper
TRACE::2025-06-08.17:05:14::SCWSystem::dir created 
TRACE::2025-06-08.17:05:14::SCWSystem::Writing the bif 
TRACE::2025-06-08.17:05:14::SCWPlatform::Started writing the spfm file 
TRACE::2025-06-08.17:05:14::SCWPlatform::Started writing the xpfm file 
TRACE::2025-06-08.17:05:14::SCWPlatform::Completed generating the platform
TRACE::2025-06-08.17:05:14::SCWMssOS::Saving the mss changes C:/Users/saber/Desktop/share/DanDike_NewBoard/vitis1/system_wrapper/zynq_fsbl/zynq_fsbl_bsp/system.mss
TRACE::2025-06-08.17:05:14::SCWMssOS::Found a swdesign opened with the mssfile.
TRACE::2025-06-08.17:05:14::SCWMssOS::Completed writemss as part of save.
TRACE::2025-06-08.17:05:14::SCWMssOS::Commit changes completed.
TRACE::2025-06-08.17:05:14::SCWMssOS::Saving the mss changes C:/Users/saber/Desktop/share/DanDike_NewBoard/vitis1/system_wrapper/ps7_cortexa9_1/standalone_ps7_cortexa9_1/bsp/system.mss
TRACE::2025-06-08.17:05:14::SCWMssOS::Found a swdesign opened with the mssfile.
TRACE::2025-06-08.17:05:14::SCWMssOS::Completed writemss as part of save.
TRACE::2025-06-08.17:05:14::SCWMssOS::Commit changes completed.
TRACE::2025-06-08.17:05:14::SCWPlatform::Trying to open the hw design at C:/Users/saber/Desktop/share/DanDike_NewBoard/vitis1/system_wrapper/hw/system_wrapper.xsa
TRACE::2025-06-08.17:05:14::SCWPlatform::DSA given C:/Users/saber/Desktop/share/DanDike_NewBoard/vitis1/system_wrapper/hw/system_wrapper.xsa
TRACE::2025-06-08.17:05:14::SCWPlatform::DSA absoulate path C:/Users/saber/Desktop/share/DanDike_NewBoard/vitis1/system_wrapper/hw/system_wrapper.xsa
TRACE::2025-06-08.17:05:14::SCWPlatform::DSA directory C:/Users/saber/Desktop/share/DanDike_NewBoard/vitis1/system_wrapper/hw
TRACE::2025-06-08.17:05:14::SCWPlatform:: Platform Path C:/Users/saber/Desktop/share/DanDike_NewBoard/vitis1/system_wrapper/hw/system_wrapper.xsa
TRACE::2025-06-08.17:05:14::SCWPlatform:: Unique name xilinx:::0.0
TRACE::2025-06-08.17:05:14::SCWPlatform::Trying to set the existing hwdb with name system_wrapper_0
TRACE::2025-06-08.17:05:14::SCWPlatform::Opened existing hwdb system_wrapper_0
TRACE::2025-06-08.17:05:14::SCWPlatform::Found the Hw Db part of the input DSA
TRACE::2025-06-08.17:05:14::SCWMssOS::Checking the sw design at  C:/Users/saber/Desktop/share/DanDike_NewBoard/vitis1/system_wrapper/zynq_fsbl/zynq_fsbl_bsp/system.mss
TRACE::2025-06-08.17:05:14::SCWMssOS::DEBUG:  swdes dump  C:/Users/saber/Desktop/share/DanDike_NewBoard/vitis1/system_wrapper/ps7_cortexa9_1/standalone_ps7_cortexa9_1/bsp/system.mss|system_0||
C:/Users/saber/Desktop/share/DanDike_NewBoard/vitis1/system_wrapper/zynq_fsbl/zynq_fsbl_bsp/system.mss|system||

TRACE::2025-06-08.17:05:14::SCWMssOS::Sw design exists and opened at  C:/Users/saber/Desktop/share/DanDike_NewBoard/vitis1/system_wrapper/zynq_fsbl/zynq_fsbl_bsp/system.mss
TRACE::2025-06-08.17:05:14::SCWPlatform::Trying to open the hw design at C:/Users/saber/Desktop/share/DanDike_NewBoard/vitis1/system_wrapper/hw/system_wrapper.xsa
TRACE::2025-06-08.17:05:14::SCWPlatform::DSA given C:/Users/saber/Desktop/share/DanDike_NewBoard/vitis1/system_wrapper/hw/system_wrapper.xsa
TRACE::2025-06-08.17:05:14::SCWPlatform::DSA absoulate path C:/Users/saber/Desktop/share/DanDike_NewBoard/vitis1/system_wrapper/hw/system_wrapper.xsa
TRACE::2025-06-08.17:05:14::SCWPlatform::DSA directory C:/Users/saber/Desktop/share/DanDike_NewBoard/vitis1/system_wrapper/hw
TRACE::2025-06-08.17:05:14::SCWPlatform:: Platform Path C:/Users/saber/Desktop/share/DanDike_NewBoard/vitis1/system_wrapper/hw/system_wrapper.xsa
TRACE::2025-06-08.17:05:14::SCWPlatform:: Unique name xilinx:::0.0
TRACE::2025-06-08.17:05:14::SCWPlatform::Trying to set the existing hwdb with name system_wrapper_0
TRACE::2025-06-08.17:05:14::SCWPlatform::Opened existing hwdb system_wrapper_0
TRACE::2025-06-08.17:05:14::SCWPlatform::Found the Hw Db part of the input DSA
TRACE::2025-06-08.17:05:14::SCWMssOS::Checking the sw design at  C:/Users/saber/Desktop/share/DanDike_NewBoard/vitis1/system_wrapper/zynq_fsbl/zynq_fsbl_bsp/system.mss
TRACE::2025-06-08.17:05:14::SCWMssOS::DEBUG:  swdes dump  C:/Users/saber/Desktop/share/DanDike_NewBoard/vitis1/system_wrapper/ps7_cortexa9_1/standalone_ps7_cortexa9_1/bsp/system.mss|system_0||
C:/Users/saber/Desktop/share/DanDike_NewBoard/vitis1/system_wrapper/zynq_fsbl/zynq_fsbl_bsp/system.mss|system||

TRACE::2025-06-08.17:05:14::SCWMssOS::Sw design exists and opened at  C:/Users/saber/Desktop/share/DanDike_NewBoard/vitis1/system_wrapper/zynq_fsbl/zynq_fsbl_bsp/system.mss
TRACE::2025-06-08.17:05:14::SCWPlatform::Trying to open the hw design at C:/Users/saber/Desktop/share/DanDike_NewBoard/vitis1/system_wrapper/hw/system_wrapper.xsa
TRACE::2025-06-08.17:05:14::SCWPlatform::DSA given C:/Users/saber/Desktop/share/DanDike_NewBoard/vitis1/system_wrapper/hw/system_wrapper.xsa
TRACE::2025-06-08.17:05:14::SCWPlatform::DSA absoulate path C:/Users/saber/Desktop/share/DanDike_NewBoard/vitis1/system_wrapper/hw/system_wrapper.xsa
TRACE::2025-06-08.17:05:14::SCWPlatform::DSA directory C:/Users/saber/Desktop/share/DanDike_NewBoard/vitis1/system_wrapper/hw
TRACE::2025-06-08.17:05:14::SCWPlatform:: Platform Path C:/Users/saber/Desktop/share/DanDike_NewBoard/vitis1/system_wrapper/hw/system_wrapper.xsa
TRACE::2025-06-08.17:05:14::SCWPlatform:: Unique name xilinx:::0.0
TRACE::2025-06-08.17:05:14::SCWPlatform::Trying to set the existing hwdb with name system_wrapper_0
TRACE::2025-06-08.17:05:14::SCWPlatform::Opened existing hwdb system_wrapper_0
TRACE::2025-06-08.17:05:14::SCWPlatform::Found the Hw Db part of the input DSA
TRACE::2025-06-08.17:05:14::SCWMssOS::Checking the sw design at  C:/Users/saber/Desktop/share/DanDike_NewBoard/vitis1/system_wrapper/zynq_fsbl/zynq_fsbl_bsp/system.mss
TRACE::2025-06-08.17:05:14::SCWMssOS::DEBUG:  swdes dump  C:/Users/saber/Desktop/share/DanDike_NewBoard/vitis1/system_wrapper/ps7_cortexa9_1/standalone_ps7_cortexa9_1/bsp/system.mss|system_0||
C:/Users/saber/Desktop/share/DanDike_NewBoard/vitis1/system_wrapper/zynq_fsbl/zynq_fsbl_bsp/system.mss|system||

TRACE::2025-06-08.17:05:14::SCWMssOS::Sw design exists and opened at  C:/Users/saber/Desktop/share/DanDike_NewBoard/vitis1/system_wrapper/zynq_fsbl/zynq_fsbl_bsp/system.mss
TRACE::2025-06-08.17:05:14::SCWPlatform::Trying to open the hw design at C:/Users/saber/Desktop/share/DanDike_NewBoard/vitis1/system_wrapper/hw/system_wrapper.xsa
TRACE::2025-06-08.17:05:14::SCWPlatform::DSA given C:/Users/saber/Desktop/share/DanDike_NewBoard/vitis1/system_wrapper/hw/system_wrapper.xsa
TRACE::2025-06-08.17:05:14::SCWPlatform::DSA absoulate path C:/Users/saber/Desktop/share/DanDike_NewBoard/vitis1/system_wrapper/hw/system_wrapper.xsa
TRACE::2025-06-08.17:05:14::SCWPlatform::DSA directory C:/Users/saber/Desktop/share/DanDike_NewBoard/vitis1/system_wrapper/hw
TRACE::2025-06-08.17:05:14::SCWPlatform:: Platform Path C:/Users/saber/Desktop/share/DanDike_NewBoard/vitis1/system_wrapper/hw/system_wrapper.xsa
TRACE::2025-06-08.17:05:14::SCWPlatform:: Unique name xilinx:::0.0
TRACE::2025-06-08.17:05:14::SCWPlatform::Trying to set the existing hwdb with name system_wrapper_0
TRACE::2025-06-08.17:05:14::SCWPlatform::Opened existing hwdb system_wrapper_0
TRACE::2025-06-08.17:05:14::SCWPlatform::Found the Hw Db part of the input DSA
TRACE::2025-06-08.17:05:14::SCWMssOS::Checking the sw design at  C:/Users/saber/Desktop/share/DanDike_NewBoard/vitis1/system_wrapper/ps7_cortexa9_1/standalone_ps7_cortexa9_1/bsp/system.mss
TRACE::2025-06-08.17:05:14::SCWMssOS::DEBUG:  swdes dump  C:/Users/saber/Desktop/share/DanDike_NewBoard/vitis1/system_wrapper/ps7_cortexa9_1/standalone_ps7_cortexa9_1/bsp/system.mss|system_0||
C:/Users/saber/Desktop/share/DanDike_NewBoard/vitis1/system_wrapper/zynq_fsbl/zynq_fsbl_bsp/system.mss|system||

TRACE::2025-06-08.17:05:14::SCWMssOS::Sw design exists and opened at  C:/Users/saber/Desktop/share/DanDike_NewBoard/vitis1/system_wrapper/ps7_cortexa9_1/standalone_ps7_cortexa9_1/bsp/system.mss
TRACE::2025-06-08.17:05:14::SCWPlatform::Trying to open the hw design at C:/Users/saber/Desktop/share/DanDike_NewBoard/vitis1/system_wrapper/hw/system_wrapper.xsa
TRACE::2025-06-08.17:05:14::SCWPlatform::DSA given C:/Users/saber/Desktop/share/DanDike_NewBoard/vitis1/system_wrapper/hw/system_wrapper.xsa
TRACE::2025-06-08.17:05:14::SCWPlatform::DSA absoulate path C:/Users/saber/Desktop/share/DanDike_NewBoard/vitis1/system_wrapper/hw/system_wrapper.xsa
TRACE::2025-06-08.17:05:14::SCWPlatform::DSA directory C:/Users/saber/Desktop/share/DanDike_NewBoard/vitis1/system_wrapper/hw
TRACE::2025-06-08.17:05:14::SCWPlatform:: Platform Path C:/Users/saber/Desktop/share/DanDike_NewBoard/vitis1/system_wrapper/hw/system_wrapper.xsa
TRACE::2025-06-08.17:05:14::SCWPlatform:: Unique name xilinx:::0.0
TRACE::2025-06-08.17:05:14::SCWPlatform::Trying to set the existing hwdb with name system_wrapper_0
TRACE::2025-06-08.17:05:14::SCWPlatform::Opened existing hwdb system_wrapper_0
TRACE::2025-06-08.17:05:14::SCWPlatform::Found the Hw Db part of the input DSA
TRACE::2025-06-08.17:05:14::SCWMssOS::Checking the sw design at  C:/Users/saber/Desktop/share/DanDike_NewBoard/vitis1/system_wrapper/ps7_cortexa9_1/standalone_ps7_cortexa9_1/bsp/system.mss
TRACE::2025-06-08.17:05:14::SCWMssOS::DEBUG:  swdes dump  C:/Users/saber/Desktop/share/DanDike_NewBoard/vitis1/system_wrapper/ps7_cortexa9_1/standalone_ps7_cortexa9_1/bsp/system.mss|system_0||
C:/Users/saber/Desktop/share/DanDike_NewBoard/vitis1/system_wrapper/zynq_fsbl/zynq_fsbl_bsp/system.mss|system||

TRACE::2025-06-08.17:05:14::SCWMssOS::Sw design exists and opened at  C:/Users/saber/Desktop/share/DanDike_NewBoard/vitis1/system_wrapper/ps7_cortexa9_1/standalone_ps7_cortexa9_1/bsp/system.mss
TRACE::2025-06-08.17:05:14::SCWPlatform::Trying to open the hw design at C:/Users/saber/Desktop/share/DanDike_NewBoard/vitis1/system_wrapper/hw/system_wrapper.xsa
TRACE::2025-06-08.17:05:14::SCWPlatform::DSA given C:/Users/saber/Desktop/share/DanDike_NewBoard/vitis1/system_wrapper/hw/system_wrapper.xsa
TRACE::2025-06-08.17:05:14::SCWPlatform::DSA absoulate path C:/Users/saber/Desktop/share/DanDike_NewBoard/vitis1/system_wrapper/hw/system_wrapper.xsa
TRACE::2025-06-08.17:05:14::SCWPlatform::DSA directory C:/Users/saber/Desktop/share/DanDike_NewBoard/vitis1/system_wrapper/hw
TRACE::2025-06-08.17:05:14::SCWPlatform:: Platform Path C:/Users/saber/Desktop/share/DanDike_NewBoard/vitis1/system_wrapper/hw/system_wrapper.xsa
TRACE::2025-06-08.17:05:14::SCWPlatform:: Unique name xilinx:::0.0
TRACE::2025-06-08.17:05:14::SCWPlatform::Trying to set the existing hwdb with name system_wrapper_0
TRACE::2025-06-08.17:05:14::SCWPlatform::Opened existing hwdb system_wrapper_0
TRACE::2025-06-08.17:05:14::SCWPlatform::Found the Hw Db part of the input DSA
TRACE::2025-06-08.17:05:14::SCWMssOS::Checking the sw design at  C:/Users/saber/Desktop/share/DanDike_NewBoard/vitis1/system_wrapper/ps7_cortexa9_1/standalone_ps7_cortexa9_1/bsp/system.mss
TRACE::2025-06-08.17:05:14::SCWMssOS::DEBUG:  swdes dump  C:/Users/saber/Desktop/share/DanDike_NewBoard/vitis1/system_wrapper/ps7_cortexa9_1/standalone_ps7_cortexa9_1/bsp/system.mss|system_0||
C:/Users/saber/Desktop/share/DanDike_NewBoard/vitis1/system_wrapper/zynq_fsbl/zynq_fsbl_bsp/system.mss|system||

TRACE::2025-06-08.17:05:14::SCWMssOS::Sw design exists and opened at  C:/Users/saber/Desktop/share/DanDike_NewBoard/vitis1/system_wrapper/ps7_cortexa9_1/standalone_ps7_cortexa9_1/bsp/system.mss
TRACE::2025-06-08.17:05:14::SCWWriter::formatted JSON is {
	"platformName":	"system_wrapper",
	"sprVersion":	"2.0",
	"mode":	"gui",
	"dsaType":	"Fixed",
	"platformDesc":	"system_wrapper",
	"platHandOff":	"<platformDir>.xsa",
	"platIntHandOff":	"<platformDir>/hw/system_wrapper.xsa",
	"deviceType":	"zynq",
	"platIsPrebuiltAutogen":	"false",
	"platIsNoBootBsp":	"false",
	"platFsblTarget":	"ps7_cortexa9_0",
	"hasFsblMakeHasChanges":	"false",
	"hasPmufwMakeHasChanges":	"false",
	"fsblExtraCompilerFlags":	"-MMD -MP       -mcpu=cortex-a9 -mfpu=vfpv3 -mfloat-abi=hard ",
	"platPreBuiltFlag":	false,
	"platformSamplesDir":	"",
	"platActiveSys":	"system_wrapper",
	"systems":	[{
			"systemName":	"system_wrapper",
			"systemDesc":	"system_wrapper",
			"sysIsBootAutoGen":	"true",
			"systemDispName":	"system_wrapper",
			"sysActiveDom":	"standalone_ps7_cortexa9_1",
			"sysDefaultDom":	"standalone_ps7_cortexa9_1",
			"domains":	[{
					"domainName":	"zynq_fsbl",
					"domainDispName":	"zynq_fsbl",
					"domainDesc":	"FSBL Application BSP - Auto Generated.",
					"processors":	"ps7_cortexa9_0",
					"os":	"standalone",
					"sdxOs":	"standalone",
					"debugEnable":	"",
					"domRuntimes":	["cpp"],
					"swRepo":	"",
					"mssOsVer":	"7.3",
					"mssFile":	"",
					"md5Digest":	"dacb7111ae2ca53c35e8ea57ed4ecb10",
					"compatibleApp":	"zynq_fsbl",
					"domType":	"bootDomain",
					"arch":	"32-bit",
					"appSettings":	{
						"appCompilerFlags":	"",
						"appLinkerFlags":	""
					},
					"addedLibs":	["xilffs:4.4", "xilrsa:1.6"],
					"libOptions":	{
						"libsContainingOptions":	[]
					},
					"prebuiltLibs":	{
						"prebuiltIncPath":	[],
						"prebuiltLibPath":	[]
					},
					"isolation":	{
					}
				}, {
					"domainName":	"standalone_ps7_cortexa9_1",
					"domainDispName":	"standalone_ps7_cortexa9_1",
					"domainDesc":	"standalone_ps7_cortexa9_1",
					"processors":	"ps7_cortexa9_1",
					"os":	"standalone",
					"sdxOs":	"standalone",
					"qemuArgs":	"E:/vivado/Vitis/2020.2/data/emulation/platforms/zynq/sw/a9_standalone/qemu/qemu_args.txt",
					"qemuData":	"E:/vivado/Vitis/2020.2/data/emulation/platforms/zynq/sw/a9_standalone/qemu/",
					"debugEnable":	"False",
					"domRuntimes":	["cpp"],
					"swRepo":	"",
					"mssOsVer":	"7.3",
					"mssFile":	"",
					"md5Digest":	"8c6de1f5ed47dac36dac89cdb928e6a4",
					"compatibleApp":	"empty_application",
					"domType":	"mssDomain",
					"arch":	"32-bit",
					"appSettings":	{
						"appCompilerFlags":	"",
						"appLinkerFlags":	""
					},
					"addedLibs":	[],
					"libOptions":	{
						"libsContainingOptions":	[]
					},
					"prebuiltLibs":	{
						"prebuiltIncPath":	[],
						"prebuiltLibPath":	[]
					},
					"isolation":	{
					}
				}]
		}]
}
KEYINFO::2025-06-08.17:05:14::SCWPlatform::updated the xpfm file.
LOG::2025-06-08.17:07:14::SCWPlatform::Started generating the artifacts platform system_wrapper
TRACE::2025-06-08.17:07:14::SCWPlatform::Sanity checking of platform is completed
LOG::2025-06-08.17:07:14::SCWPlatform::Started generating the artifacts for system configuration system_wrapper
LOG::2025-06-08.17:07:14::SCWSystem::Checking the domain zynq_fsbl
LOG::2025-06-08.17:07:14::SCWSystem::Doing application build for :  zynq_fsbl
TRACE::2025-06-08.17:07:14::SCWBDomain::Not a forced makefile updation, No changes are present. 
TRACE::2025-06-08.17:07:14::SCWDomain::Building the domain as part of full build :  zynq_fsbl
TRACE::2025-06-08.17:07:14::SCWPlatform::Trying to open the hw design at C:/Users/saber/Desktop/share/DanDike_NewBoard/vitis1/system_wrapper/hw/system_wrapper.xsa
TRACE::2025-06-08.17:07:14::SCWPlatform::DSA given C:/Users/saber/Desktop/share/DanDike_NewBoard/vitis1/system_wrapper/hw/system_wrapper.xsa
TRACE::2025-06-08.17:07:14::SCWPlatform::DSA absoulate path C:/Users/saber/Desktop/share/DanDike_NewBoard/vitis1/system_wrapper/hw/system_wrapper.xsa
TRACE::2025-06-08.17:07:14::SCWPlatform::DSA directory C:/Users/saber/Desktop/share/DanDike_NewBoard/vitis1/system_wrapper/hw
TRACE::2025-06-08.17:07:14::SCWPlatform:: Platform Path C:/Users/saber/Desktop/share/DanDike_NewBoard/vitis1/system_wrapper/hw/system_wrapper.xsa
TRACE::2025-06-08.17:07:14::SCWPlatform:: Unique name xilinx:::0.0
TRACE::2025-06-08.17:07:14::SCWPlatform::Trying to set the existing hwdb with name system_wrapper_0
TRACE::2025-06-08.17:07:14::SCWPlatform::Opened existing hwdb system_wrapper_0
TRACE::2025-06-08.17:07:14::SCWPlatform::Found the Hw Db part of the input DSA
TRACE::2025-06-08.17:07:14::SCWMssOS::Checking the sw design at  C:/Users/saber/Desktop/share/DanDike_NewBoard/vitis1/system_wrapper/zynq_fsbl/zynq_fsbl_bsp/system.mss
TRACE::2025-06-08.17:07:14::SCWMssOS::DEBUG:  swdes dump  C:/Users/saber/Desktop/share/DanDike_NewBoard/vitis1/system_wrapper/ps7_cortexa9_1/standalone_ps7_cortexa9_1/bsp/system.mss|system_0||
C:/Users/saber/Desktop/share/DanDike_NewBoard/vitis1/system_wrapper/zynq_fsbl/zynq_fsbl_bsp/system.mss|system||

TRACE::2025-06-08.17:07:14::SCWMssOS::Sw design exists and opened at  C:/Users/saber/Desktop/share/DanDike_NewBoard/vitis1/system_wrapper/zynq_fsbl/zynq_fsbl_bsp/system.mss
TRACE::2025-06-08.17:07:14::SCWBDomain::Completed writing the mss file at C:/Users/saber/Desktop/share/DanDike_NewBoard/vitis1/system_wrapper/zynq_fsbl/zynq_fsbl_bsp
TRACE::2025-06-08.17:07:14::SCWBDomain::bsp generated is upto date with the mss file. Skipping bsp generation.
TRACE::2025-06-08.17:07:14::SCWBDomain::Not a forced makefile updation, No changes are present. 
TRACE::2025-06-08.17:07:14::SCWBDomain::System Command Ran  C:&  cd  C:/Users/saber/Desktop/share/DanDike_NewBoard/vitis1/system_wrapper/zynq_fsbl& make -C  zynq_fsbl_bsp & make 
TRACE::2025-06-08.17:07:14::SCWBDomain::make: Entering directory 'C:/Users/saber/Desktop/share/DanDike_NewBoard/vitis1/system_wrapper/zynq_fsbl/zynq_fsbl_bsp'

TRACE::2025-06-08.17:07:14::SCWBDomain::make --no-print-directory seq_libs

TRACE::2025-06-08.17:07:14::SCWBDomain::"Running Make include in ps7_cortexa9_0/libsrc/axidma_v9_12/src"

TRACE::2025-06-08.17:07:14::SCWBDomain::make -C ps7_cortexa9_0/libsrc/axidma_v9_12/src -s include  "SHELL=CMD" "COMPILER=arm-none-eabi-gcc" "ASSEMBLER=arm-none-eabi-as
TRACE::2025-06-08.17:07:14::SCWBDomain::" "ARCHIVER=arm-none-eabi-ar" "COMPILER_FLAGS=  -O2 -c" "EXTRA_COMPILER_FLAGS=-mcpu=cortex-a9 -mfpu=vfpv3 -mfloat-abi=hard -nos
TRACE::2025-06-08.17:07:14::SCWBDomain::tartfiles -g -Wall -Wextra"

TRACE::2025-06-08.17:07:14::SCWBDomain::"Running Make include in ps7_cortexa9_0/libsrc/axivdma_v6_8/src"

TRACE::2025-06-08.17:07:14::SCWBDomain::make -C ps7_cortexa9_0/libsrc/axivdma_v6_8/src -s include  "SHELL=CMD" "COMPILER=arm-none-eabi-gcc" "ASSEMBLER=arm-none-eabi-as
TRACE::2025-06-08.17:07:14::SCWBDomain::" "ARCHIVER=arm-none-eabi-ar" "COMPILER_FLAGS=  -O2 -c" "EXTRA_COMPILER_FLAGS=-mcpu=cortex-a9 -mfpu=vfpv3 -mfloat-abi=hard -nos
TRACE::2025-06-08.17:07:14::SCWBDomain::tartfiles -g -Wall -Wextra"

TRACE::2025-06-08.17:07:14::SCWBDomain::"Running Make include in ps7_cortexa9_0/libsrc/bram_v4_5/src"

TRACE::2025-06-08.17:07:14::SCWBDomain::make -C ps7_cortexa9_0/libsrc/bram_v4_5/src -s include  "SHELL=CMD" "COMPILER=arm-none-eabi-gcc" "ASSEMBLER=arm-none-eabi-as" "
TRACE::2025-06-08.17:07:14::SCWBDomain::ARCHIVER=arm-none-eabi-ar" "COMPILER_FLAGS=  -O2 -c" "EXTRA_COMPILER_FLAGS=-mcpu=cortex-a9 -mfpu=vfpv3 -mfloat-abi=hard -nostar
TRACE::2025-06-08.17:07:14::SCWBDomain::tfiles -g -Wall -Wextra"

TRACE::2025-06-08.17:07:15::SCWBDomain::"Running Make include in ps7_cortexa9_0/libsrc/clk_wiz_v1_4/src"

TRACE::2025-06-08.17:07:15::SCWBDomain::make -C ps7_cortexa9_0/libsrc/clk_wiz_v1_4/src -s include  "SHELL=CMD" "COMPILER=arm-none-eabi-gcc" "ASSEMBLER=arm-none-eabi-as
TRACE::2025-06-08.17:07:15::SCWBDomain::" "ARCHIVER=arm-none-eabi-ar" "COMPILER_FLAGS=  -O2 -c" "EXTRA_COMPILER_FLAGS=-mcpu=cortex-a9 -mfpu=vfpv3 -mfloat-abi=hard -nos
TRACE::2025-06-08.17:07:15::SCWBDomain::tartfiles -g -Wall -Wextra"

TRACE::2025-06-08.17:07:15::SCWBDomain::"Running Make include in ps7_cortexa9_0/libsrc/coder_v1_0/src"

TRACE::2025-06-08.17:07:15::SCWBDomain::make -C ps7_cortexa9_0/libsrc/coder_v1_0/src -s include  "SHELL=CMD" "COMPILER=arm-none-eabi-gcc" "ASSEMBLER=arm-none-eabi-as" 
TRACE::2025-06-08.17:07:15::SCWBDomain::"ARCHIVER=arm-none-eabi-ar" "COMPILER_FLAGS=  -O2 -c" "EXTRA_COMPILER_FLAGS=-mcpu=cortex-a9 -mfpu=vfpv3 -mfloat-abi=hard -nosta
TRACE::2025-06-08.17:07:15::SCWBDomain::rtfiles -g -Wall -Wextra"

TRACE::2025-06-08.17:07:15::SCWBDomain::"Running Make include in ps7_cortexa9_0/libsrc/coresightps_dcc_v1_8/src"

TRACE::2025-06-08.17:07:15::SCWBDomain::make -C ps7_cortexa9_0/libsrc/coresightps_dcc_v1_8/src -s include  "SHELL=CMD" "COMPILER=arm-none-eabi-gcc" "ASSEMBLER=arm-none
TRACE::2025-06-08.17:07:15::SCWBDomain::-eabi-as" "ARCHIVER=arm-none-eabi-ar" "COMPILER_FLAGS=  -O2 -c" "EXTRA_COMPILER_FLAGS=-mcpu=cortex-a9 -mfpu=vfpv3 -mfloat-abi=h
TRACE::2025-06-08.17:07:15::SCWBDomain::ard -nostartfiles -g -Wall -Wextra"

TRACE::2025-06-08.17:07:15::SCWBDomain::"Running Make include in ps7_cortexa9_0/libsrc/cpu_cortexa9_v2_10/src"

TRACE::2025-06-08.17:07:15::SCWBDomain::make -C ps7_cortexa9_0/libsrc/cpu_cortexa9_v2_10/src -s include  "SHELL=CMD" "COMPILER=arm-none-eabi-gcc" "ASSEMBLER=arm-none-e
TRACE::2025-06-08.17:07:15::SCWBDomain::abi-as" "ARCHIVER=arm-none-eabi-ar" "COMPILER_FLAGS=  -O2 -c" "EXTRA_COMPILER_FLAGS=-mcpu=cortex-a9 -mfpu=vfpv3 -mfloat-abi=har
TRACE::2025-06-08.17:07:15::SCWBDomain::d -nostartfiles -g -Wall -Wextra"

TRACE::2025-06-08.17:07:15::SCWBDomain::"Running Make include in ps7_cortexa9_0/libsrc/ddrps_v1_2/src"

TRACE::2025-06-08.17:07:15::SCWBDomain::make -C ps7_cortexa9_0/libsrc/ddrps_v1_2/src -s include  "SHELL=CMD" "COMPILER=arm-none-eabi-gcc" "ASSEMBLER=arm-none-eabi-as" 
TRACE::2025-06-08.17:07:15::SCWBDomain::"ARCHIVER=arm-none-eabi-ar" "COMPILER_FLAGS=  -O2 -c" "EXTRA_COMPILER_FLAGS=-mcpu=cortex-a9 -mfpu=vfpv3 -mfloat-abi=hard -nosta
TRACE::2025-06-08.17:07:15::SCWBDomain::rtfiles -g -Wall -Wextra"

TRACE::2025-06-08.17:07:15::SCWBDomain::"Running Make include in ps7_cortexa9_0/libsrc/devcfg_v3_7/src"

TRACE::2025-06-08.17:07:15::SCWBDomain::make -C ps7_cortexa9_0/libsrc/devcfg_v3_7/src -s include  "SHELL=CMD" "COMPILER=arm-none-eabi-gcc" "ASSEMBLER=arm-none-eabi-as"
TRACE::2025-06-08.17:07:15::SCWBDomain:: "ARCHIVER=arm-none-eabi-ar" "COMPILER_FLAGS=  -O2 -c" "EXTRA_COMPILER_FLAGS=-mcpu=cortex-a9 -mfpu=vfpv3 -mfloat-abi=hard -nost
TRACE::2025-06-08.17:07:15::SCWBDomain::artfiles -g -Wall -Wextra"

TRACE::2025-06-08.17:07:15::SCWBDomain::"Running Make include in ps7_cortexa9_0/libsrc/dmaps_v2_7/src"

TRACE::2025-06-08.17:07:15::SCWBDomain::make -C ps7_cortexa9_0/libsrc/dmaps_v2_7/src -s include  "SHELL=CMD" "COMPILER=arm-none-eabi-gcc" "ASSEMBLER=arm-none-eabi-as" 
TRACE::2025-06-08.17:07:15::SCWBDomain::"ARCHIVER=arm-none-eabi-ar" "COMPILER_FLAGS=  -O2 -c" "EXTRA_COMPILER_FLAGS=-mcpu=cortex-a9 -mfpu=vfpv3 -mfloat-abi=hard -nosta
TRACE::2025-06-08.17:07:15::SCWBDomain::rtfiles -g -Wall -Wextra"

TRACE::2025-06-08.17:07:15::SCWBDomain::"Running Make include in ps7_cortexa9_0/libsrc/emacps_v3_12/src"

TRACE::2025-06-08.17:07:15::SCWBDomain::make -C ps7_cortexa9_0/libsrc/emacps_v3_12/src -s include  "SHELL=CMD" "COMPILER=arm-none-eabi-gcc" "ASSEMBLER=arm-none-eabi-as
TRACE::2025-06-08.17:07:15::SCWBDomain::" "ARCHIVER=arm-none-eabi-ar" "COMPILER_FLAGS=  -O2 -c" "EXTRA_COMPILER_FLAGS=-mcpu=cortex-a9 -mfpu=vfpv3 -mfloat-abi=hard -nos
TRACE::2025-06-08.17:07:15::SCWBDomain::tartfiles -g -Wall -Wextra"

TRACE::2025-06-08.17:07:15::SCWBDomain::"Running Make include in ps7_cortexa9_0/libsrc/gpiops_v3_8/src"

TRACE::2025-06-08.17:07:15::SCWBDomain::make -C ps7_cortexa9_0/libsrc/gpiops_v3_8/src -s include  "SHELL=CMD" "COMPILER=arm-none-eabi-gcc" "ASSEMBLER=arm-none-eabi-as"
TRACE::2025-06-08.17:07:15::SCWBDomain:: "ARCHIVER=arm-none-eabi-ar" "COMPILER_FLAGS=  -O2 -c" "EXTRA_COMPILER_FLAGS=-mcpu=cortex-a9 -mfpu=vfpv3 -mfloat-abi=hard -nost
TRACE::2025-06-08.17:07:15::SCWBDomain::artfiles -g -Wall -Wextra"

TRACE::2025-06-08.17:07:16::SCWBDomain::"Running Make include in ps7_cortexa9_0/libsrc/gpio_v4_7/src"

TRACE::2025-06-08.17:07:16::SCWBDomain::make -C ps7_cortexa9_0/libsrc/gpio_v4_7/src -s include  "SHELL=CMD" "COMPILER=arm-none-eabi-gcc" "ASSEMBLER=arm-none-eabi-as" "
TRACE::2025-06-08.17:07:16::SCWBDomain::ARCHIVER=arm-none-eabi-ar" "COMPILER_FLAGS=  -O2 -c" "EXTRA_COMPILER_FLAGS=-mcpu=cortex-a9 -mfpu=vfpv3 -mfloat-abi=hard -nostar
TRACE::2025-06-08.17:07:16::SCWBDomain::tfiles -g -Wall -Wextra"

TRACE::2025-06-08.17:07:16::SCWBDomain::"Running Make include in ps7_cortexa9_0/libsrc/iicps_v3_12/src"

TRACE::2025-06-08.17:07:16::SCWBDomain::make -C ps7_cortexa9_0/libsrc/iicps_v3_12/src -s include  "SHELL=CMD" "COMPILER=arm-none-eabi-gcc" "ASSEMBLER=arm-none-eabi-as"
TRACE::2025-06-08.17:07:16::SCWBDomain:: "ARCHIVER=arm-none-eabi-ar" "COMPILER_FLAGS=  -O2 -c" "EXTRA_COMPILER_FLAGS=-mcpu=cortex-a9 -mfpu=vfpv3 -mfloat-abi=hard -nost
TRACE::2025-06-08.17:07:16::SCWBDomain::artfiles -g -Wall -Wextra"

TRACE::2025-06-08.17:07:16::SCWBDomain::"Running Make include in ps7_cortexa9_0/libsrc/iic_v3_7/src"

TRACE::2025-06-08.17:07:16::SCWBDomain::make -C ps7_cortexa9_0/libsrc/iic_v3_7/src -s include  "SHELL=CMD" "COMPILER=arm-none-eabi-gcc" "ASSEMBLER=arm-none-eabi-as" "A
TRACE::2025-06-08.17:07:16::SCWBDomain::RCHIVER=arm-none-eabi-ar" "COMPILER_FLAGS=  -O2 -c" "EXTRA_COMPILER_FLAGS=-mcpu=cortex-a9 -mfpu=vfpv3 -mfloat-abi=hard -nostart
TRACE::2025-06-08.17:07:16::SCWBDomain::files -g -Wall -Wextra"

TRACE::2025-06-08.17:07:16::SCWBDomain::"Running Make include in ps7_cortexa9_0/libsrc/PWM_v1_0/src"

TRACE::2025-06-08.17:07:16::SCWBDomain::make -C ps7_cortexa9_0/libsrc/PWM_v1_0/src -s include  "SHELL=CMD" "COMPILER=arm-none-eabi-gcc" "ASSEMBLER=arm-none-eabi-as" "A
TRACE::2025-06-08.17:07:16::SCWBDomain::RCHIVER=arm-none-eabi-ar" "COMPILER_FLAGS=  -O2 -c" "EXTRA_COMPILER_FLAGS=-mcpu=cortex-a9 -mfpu=vfpv3 -mfloat-abi=hard -nostart
TRACE::2025-06-08.17:07:16::SCWBDomain::files -g -Wall -Wextra"

TRACE::2025-06-08.17:07:16::SCWBDomain::"Running Make include in ps7_cortexa9_0/libsrc/qspips_v3_8/src"

TRACE::2025-06-08.17:07:16::SCWBDomain::make -C ps7_cortexa9_0/libsrc/qspips_v3_8/src -s include  "SHELL=CMD" "COMPILER=arm-none-eabi-gcc" "ASSEMBLER=arm-none-eabi-as"
TRACE::2025-06-08.17:07:16::SCWBDomain:: "ARCHIVER=arm-none-eabi-ar" "COMPILER_FLAGS=  -O2 -c" "EXTRA_COMPILER_FLAGS=-mcpu=cortex-a9 -mfpu=vfpv3 -mfloat-abi=hard -nost
TRACE::2025-06-08.17:07:16::SCWBDomain::artfiles -g -Wall -Wextra"

TRACE::2025-06-08.17:07:16::SCWBDomain::"Running Make include in ps7_cortexa9_0/libsrc/scugic_v4_3/src"

TRACE::2025-06-08.17:07:16::SCWBDomain::make -C ps7_cortexa9_0/libsrc/scugic_v4_3/src -s include  "SHELL=CMD" "COMPILER=arm-none-eabi-gcc" "ASSEMBLER=arm-none-eabi-as"
TRACE::2025-06-08.17:07:16::SCWBDomain:: "ARCHIVER=arm-none-eabi-ar" "COMPILER_FLAGS=  -O2 -c" "EXTRA_COMPILER_FLAGS=-mcpu=cortex-a9 -mfpu=vfpv3 -mfloat-abi=hard -nost
TRACE::2025-06-08.17:07:16::SCWBDomain::artfiles -g -Wall -Wextra"

TRACE::2025-06-08.17:07:16::SCWBDomain::"Running Make include in ps7_cortexa9_0/libsrc/scutimer_v2_3/src"

TRACE::2025-06-08.17:07:16::SCWBDomain::make -C ps7_cortexa9_0/libsrc/scutimer_v2_3/src -s include  "SHELL=CMD" "COMPILER=arm-none-eabi-gcc" "ASSEMBLER=arm-none-eabi-a
TRACE::2025-06-08.17:07:16::SCWBDomain::s" "ARCHIVER=arm-none-eabi-ar" "COMPILER_FLAGS=  -O2 -c" "EXTRA_COMPILER_FLAGS=-mcpu=cortex-a9 -mfpu=vfpv3 -mfloat-abi=hard -no
TRACE::2025-06-08.17:07:16::SCWBDomain::startfiles -g -Wall -Wextra"

TRACE::2025-06-08.17:07:16::SCWBDomain::"Running Make include in ps7_cortexa9_0/libsrc/scuwdt_v2_3/src"

TRACE::2025-06-08.17:07:16::SCWBDomain::make -C ps7_cortexa9_0/libsrc/scuwdt_v2_3/src -s include  "SHELL=CMD" "COMPILER=arm-none-eabi-gcc" "ASSEMBLER=arm-none-eabi-as"
TRACE::2025-06-08.17:07:16::SCWBDomain:: "ARCHIVER=arm-none-eabi-ar" "COMPILER_FLAGS=  -O2 -c" "EXTRA_COMPILER_FLAGS=-mcpu=cortex-a9 -mfpu=vfpv3 -mfloat-abi=hard -nost
TRACE::2025-06-08.17:07:16::SCWBDomain::artfiles -g -Wall -Wextra"

TRACE::2025-06-08.17:07:16::SCWBDomain::"Running Make include in ps7_cortexa9_0/libsrc/sdps_v3_10/src"

TRACE::2025-06-08.17:07:16::SCWBDomain::make -C ps7_cortexa9_0/libsrc/sdps_v3_10/src -s include  "SHELL=CMD" "COMPILER=arm-none-eabi-gcc" "ASSEMBLER=arm-none-eabi-as" 
TRACE::2025-06-08.17:07:16::SCWBDomain::"ARCHIVER=arm-none-eabi-ar" "COMPILER_FLAGS=  -O2 -c" "EXTRA_COMPILER_FLAGS=-mcpu=cortex-a9 -mfpu=vfpv3 -mfloat-abi=hard -nosta
TRACE::2025-06-08.17:07:16::SCWBDomain::rtfiles -g -Wall -Wextra"

TRACE::2025-06-08.17:07:17::SCWBDomain::"Running Make include in ps7_cortexa9_0/libsrc/standalone_v7_3/src"

TRACE::2025-06-08.17:07:17::SCWBDomain::make -C ps7_cortexa9_0/libsrc/standalone_v7_3/src -s include  "SHELL=CMD" "COMPILER=arm-none-eabi-gcc" "ASSEMBLER=arm-none-eabi
TRACE::2025-06-08.17:07:17::SCWBDomain::-as" "ARCHIVER=arm-none-eabi-ar" "COMPILER_FLAGS=  -O2 -c" "EXTRA_COMPILER_FLAGS=-mcpu=cortex-a9 -mfpu=vfpv3 -mfloat-abi=hard -
TRACE::2025-06-08.17:07:17::SCWBDomain::nostartfiles -g -Wall -Wextra"

TRACE::2025-06-08.17:07:17::SCWBDomain::"Running Make include in ps7_cortexa9_0/libsrc/ttcps_v3_12/src"

TRACE::2025-06-08.17:07:17::SCWBDomain::make -C ps7_cortexa9_0/libsrc/ttcps_v3_12/src -s include  "SHELL=CMD" "COMPILER=arm-none-eabi-gcc" "ASSEMBLER=arm-none-eabi-as"
TRACE::2025-06-08.17:07:17::SCWBDomain:: "ARCHIVER=arm-none-eabi-ar" "COMPILER_FLAGS=  -O2 -c" "EXTRA_COMPILER_FLAGS=-mcpu=cortex-a9 -mfpu=vfpv3 -mfloat-abi=hard -nost
TRACE::2025-06-08.17:07:17::SCWBDomain::artfiles -g -Wall -Wextra"

TRACE::2025-06-08.17:07:18::SCWBDomain::"Running Make include in ps7_cortexa9_0/libsrc/uartlite_v3_5/src"

TRACE::2025-06-08.17:07:18::SCWBDomain::make -C ps7_cortexa9_0/libsrc/uartlite_v3_5/src -s include  "SHELL=CMD" "COMPILER=arm-none-eabi-gcc" "ASSEMBLER=arm-none-eabi-a
TRACE::2025-06-08.17:07:18::SCWBDomain::s" "ARCHIVER=arm-none-eabi-ar" "COMPILER_FLAGS=  -O2 -c" "EXTRA_COMPILER_FLAGS=-mcpu=cortex-a9 -mfpu=vfpv3 -mfloat-abi=hard -no
TRACE::2025-06-08.17:07:18::SCWBDomain::startfiles -g -Wall -Wextra"

TRACE::2025-06-08.17:07:18::SCWBDomain::"Running Make include in ps7_cortexa9_0/libsrc/uartps_v3_10/src"

TRACE::2025-06-08.17:07:18::SCWBDomain::make -C ps7_cortexa9_0/libsrc/uartps_v3_10/src -s include  "SHELL=CMD" "COMPILER=arm-none-eabi-gcc" "ASSEMBLER=arm-none-eabi-as
TRACE::2025-06-08.17:07:18::SCWBDomain::" "ARCHIVER=arm-none-eabi-ar" "COMPILER_FLAGS=  -O2 -c" "EXTRA_COMPILER_FLAGS=-mcpu=cortex-a9 -mfpu=vfpv3 -mfloat-abi=hard -nos
TRACE::2025-06-08.17:07:18::SCWBDomain::tartfiles -g -Wall -Wextra"

TRACE::2025-06-08.17:07:18::SCWBDomain::"Running Make include in ps7_cortexa9_0/libsrc/usbps_v2_6/src"

TRACE::2025-06-08.17:07:18::SCWBDomain::make -C ps7_cortexa9_0/libsrc/usbps_v2_6/src -s include  "SHELL=CMD" "COMPILER=arm-none-eabi-gcc" "ASSEMBLER=arm-none-eabi-as" 
TRACE::2025-06-08.17:07:18::SCWBDomain::"ARCHIVER=arm-none-eabi-ar" "COMPILER_FLAGS=  -O2 -c" "EXTRA_COMPILER_FLAGS=-mcpu=cortex-a9 -mfpu=vfpv3 -mfloat-abi=hard -nosta
TRACE::2025-06-08.17:07:18::SCWBDomain::rtfiles -g -Wall -Wextra"

TRACE::2025-06-08.17:07:18::SCWBDomain::"Running Make include in ps7_cortexa9_0/libsrc/vtc_v8_3/src"

TRACE::2025-06-08.17:07:18::SCWBDomain::make -C ps7_cortexa9_0/libsrc/vtc_v8_3/src -s include  "SHELL=CMD" "COMPILER=arm-none-eabi-gcc" "ASSEMBLER=arm-none-eabi-as" "A
TRACE::2025-06-08.17:07:18::SCWBDomain::RCHIVER=arm-none-eabi-ar" "COMPILER_FLAGS=  -O2 -c" "EXTRA_COMPILER_FLAGS=-mcpu=cortex-a9 -mfpu=vfpv3 -mfloat-abi=hard -nostart
TRACE::2025-06-08.17:07:18::SCWBDomain::files -g -Wall -Wextra"

TRACE::2025-06-08.17:07:18::SCWBDomain::"Running Make include in ps7_cortexa9_0/libsrc/xadcps_v2_5/src"

TRACE::2025-06-08.17:07:18::SCWBDomain::make -C ps7_cortexa9_0/libsrc/xadcps_v2_5/src -s include  "SHELL=CMD" "COMPILER=arm-none-eabi-gcc" "ASSEMBLER=arm-none-eabi-as"
TRACE::2025-06-08.17:07:18::SCWBDomain:: "ARCHIVER=arm-none-eabi-ar" "COMPILER_FLAGS=  -O2 -c" "EXTRA_COMPILER_FLAGS=-mcpu=cortex-a9 -mfpu=vfpv3 -mfloat-abi=hard -nost
TRACE::2025-06-08.17:07:18::SCWBDomain::artfiles -g -Wall -Wextra"

TRACE::2025-06-08.17:07:18::SCWBDomain::"Running Make include in ps7_cortexa9_0/libsrc/xilffs_v4_4/src"

TRACE::2025-06-08.17:07:18::SCWBDomain::make -C ps7_cortexa9_0/libsrc/xilffs_v4_4/src -s include  "SHELL=CMD" "COMPILER=arm-none-eabi-gcc" "ASSEMBLER=arm-none-eabi-as"
TRACE::2025-06-08.17:07:18::SCWBDomain:: "ARCHIVER=arm-none-eabi-ar" "COMPILER_FLAGS=  -O2 -c" "EXTRA_COMPILER_FLAGS=-mcpu=cortex-a9 -mfpu=vfpv3 -mfloat-abi=hard -nost
TRACE::2025-06-08.17:07:18::SCWBDomain::artfiles -g -Wall -Wextra"

TRACE::2025-06-08.17:07:18::SCWBDomain::"Running Make include in ps7_cortexa9_0/libsrc/xilrsa_v1_6/src"

TRACE::2025-06-08.17:07:18::SCWBDomain::make -C ps7_cortexa9_0/libsrc/xilrsa_v1_6/src -s include  "SHELL=CMD" "COMPILER=arm-none-eabi-gcc" "ASSEMBLER=arm-none-eabi-as"
TRACE::2025-06-08.17:07:18::SCWBDomain:: "ARCHIVER=arm-none-eabi-ar" "COMPILER_FLAGS=  -O2 -c" "EXTRA_COMPILER_FLAGS=-mcpu=cortex-a9 -mfpu=vfpv3 -mfloat-abi=hard -nost
TRACE::2025-06-08.17:07:18::SCWBDomain::artfiles -g -Wall -Wextra"

TRACE::2025-06-08.17:07:18::SCWBDomain::"Running Make libs in ps7_cortexa9_0/libsrc/coder_v1_0/src"

TRACE::2025-06-08.17:07:18::SCWBDomain::make -C ps7_cortexa9_0/libsrc/coder_v1_0/src -s libs  "SHELL=CMD" "COMPILER=arm-none-eabi-gcc" "ASSEMBLER=arm-none-eabi-as" "AR
TRACE::2025-06-08.17:07:18::SCWBDomain::CHIVER=arm-none-eabi-ar" "COMPILER_FLAGS=  -O2 -c" "EXTRA_COMPILER_FLAGS=-mcpu=cortex-a9 -mfpu=vfpv3 -mfloat-abi=hard -nostartf
TRACE::2025-06-08.17:07:18::SCWBDomain::iles -g -Wall -Wextra"

TRACE::2025-06-08.17:07:18::SCWBDomain::"Compiling coder..."

TRACE::2025-06-08.17:07:19::SCWBDomain::"Running Make libs in ps7_cortexa9_0/libsrc/PWM_v1_0/src"

TRACE::2025-06-08.17:07:19::SCWBDomain::make -C ps7_cortexa9_0/libsrc/PWM_v1_0/src -s libs  "SHELL=CMD" "COMPILER=arm-none-eabi-gcc" "ASSEMBLER=arm-none-eabi-as" "ARCH
TRACE::2025-06-08.17:07:19::SCWBDomain::IVER=arm-none-eabi-ar" "COMPILER_FLAGS=  -O2 -c" "EXTRA_COMPILER_FLAGS=-mcpu=cortex-a9 -mfpu=vfpv3 -mfloat-abi=hard -nostartfil
TRACE::2025-06-08.17:07:19::SCWBDomain::es -g -Wall -Wextra"

TRACE::2025-06-08.17:07:19::SCWBDomain::"Compiling PWM..."

TRACE::2025-06-08.17:07:19::SCWBDomain::"Running Make libs in ps7_cortexa9_0/libsrc/xilrsa_v1_6/src"

TRACE::2025-06-08.17:07:19::SCWBDomain::make -C ps7_cortexa9_0/libsrc/xilrsa_v1_6/src -s libs  "SHELL=CMD" "COMPILER=arm-none-eabi-gcc" "ASSEMBLER=arm-none-eabi-as" "A
TRACE::2025-06-08.17:07:19::SCWBDomain::RCHIVER=arm-none-eabi-ar" "COMPILER_FLAGS=  -O2 -c" "EXTRA_COMPILER_FLAGS=-mcpu=cortex-a9 -mfpu=vfpv3 -mfloat-abi=hard -nostart
TRACE::2025-06-08.17:07:19::SCWBDomain::files -g -Wall -Wextra"

TRACE::2025-06-08.17:07:19::SCWBDomain::'Finished building libraries sequentially.'

TRACE::2025-06-08.17:07:19::SCWBDomain::make -j --no-print-directory par_libs

TRACE::2025-06-08.17:07:19::SCWBDomain::"Running Make include in ps7_cortexa9_0/libsrc/axidma_v9_12/src"

TRACE::2025-06-08.17:07:19::SCWBDomain::make -C ps7_cortexa9_0/libsrc/axidma_v9_12/src -s include  "SHELL=CMD" "COMPILER=arm-none-eabi-gcc" "ASSEMBLER=arm-none-eabi-as
TRACE::2025-06-08.17:07:19::SCWBDomain::" "ARCHIVER=arm-none-eabi-ar" "COMPILER_FLAGS=  -O2 -c" "EXTRA_COMPILER_FLAGS=-mcpu=cortex-a9 -mfpu=vfpv3 -mfloat-abi=hard -nos
TRACE::2025-06-08.17:07:19::SCWBDomain::tartfiles -g -Wall -Wextra"

TRACE::2025-06-08.17:07:19::SCWBDomain::"Running Make include in ps7_cortexa9_0/libsrc/axivdma_v6_8/src"

TRACE::2025-06-08.17:07:19::SCWBDomain::make -C ps7_cortexa9_0/libsrc/axivdma_v6_8/src -s include  "SHELL=CMD" "COMPILER=arm-none-eabi-gcc" "ASSEMBLER=arm-none-eabi-as
TRACE::2025-06-08.17:07:19::SCWBDomain::" "ARCHIVER=arm-none-eabi-ar" "COMPILER_FLAGS=  -O2 -c" "EXTRA_COMPILER_FLAGS=-mcpu=cortex-a9 -mfpu=vfpv3 -mfloat-abi=hard -nos
TRACE::2025-06-08.17:07:19::SCWBDomain::tartfiles -g -Wall -Wextra"

TRACE::2025-06-08.17:07:19::SCWBDomain::"Running Make include in ps7_cortexa9_0/libsrc/bram_v4_5/src"

TRACE::2025-06-08.17:07:19::SCWBDomain::make -C ps7_cortexa9_0/libsrc/bram_v4_5/src -s include  "SHELL=CMD" "COMPILER=arm-none-eabi-gcc" "ASSEMBLER=arm-none-eabi-as" "
TRACE::2025-06-08.17:07:19::SCWBDomain::ARCHIVER=arm-none-eabi-ar" "COMPILER_FLAGS=  -O2 -c" "EXTRA_COMPILER_FLAGS=-mcpu=cortex-a9 -mfpu=vfpv3 -mfloat-abi=hard -nostar
TRACE::2025-06-08.17:07:19::SCWBDomain::tfiles -g -Wall -Wextra"

TRACE::2025-06-08.17:07:19::SCWBDomain::"Running Make include in ps7_cortexa9_0/libsrc/clk_wiz_v1_4/src"

TRACE::2025-06-08.17:07:19::SCWBDomain::make -C ps7_cortexa9_0/libsrc/clk_wiz_v1_4/src -s include  "SHELL=CMD" "COMPILER=arm-none-eabi-gcc" "ASSEMBLER=arm-none-eabi-as
TRACE::2025-06-08.17:07:19::SCWBDomain::" "ARCHIVER=arm-none-eabi-ar" "COMPILER_FLAGS=  -O2 -c" "EXTRA_COMPILER_FLAGS=-mcpu=cortex-a9 -mfpu=vfpv3 -mfloat-abi=hard -nos
TRACE::2025-06-08.17:07:19::SCWBDomain::tartfiles -g -Wall -Wextra"

TRACE::2025-06-08.17:07:19::SCWBDomain::"Running Make include in ps7_cortexa9_0/libsrc/coder_v1_0/src"

TRACE::2025-06-08.17:07:19::SCWBDomain::make -C ps7_cortexa9_0/libsrc/coder_v1_0/src -s include  "SHELL=CMD" "COMPILER=arm-none-eabi-gcc" "ASSEMBLER=arm-none-eabi-as" 
TRACE::2025-06-08.17:07:19::SCWBDomain::"ARCHIVER=arm-none-eabi-ar" "COMPILER_FLAGS=  -O2 -c" "EXTRA_COMPILER_FLAGS=-mcpu=cortex-a9 -mfpu=vfpv3 -mfloat-abi=hard -nosta
TRACE::2025-06-08.17:07:19::SCWBDomain::rtfiles -g -Wall -Wextra"

TRACE::2025-06-08.17:07:19::SCWBDomain::"Running Make include in ps7_cortexa9_0/libsrc/coresightps_dcc_v1_8/src"

TRACE::2025-06-08.17:07:19::SCWBDomain::make -C ps7_cortexa9_0/libsrc/coresightps_dcc_v1_8/src -s include  "SHELL=CMD" "COMPILER=arm-none-eabi-gcc" "ASSEMBLER=arm-none
TRACE::2025-06-08.17:07:19::SCWBDomain::-eabi-as" "ARCHIVER=arm-none-eabi-ar" "COMPILER_FLAGS=  -O2 -c" "EXTRA_COMPILER_FLAGS=-mcpu=cortex-a9 -mfpu=vfpv3 -mfloat-abi=h
TRACE::2025-06-08.17:07:19::SCWBDomain::ard -nostartfiles -g -Wall -Wextra"

TRACE::2025-06-08.17:07:19::SCWBDomain::"Running Make include in ps7_cortexa9_0/libsrc/cpu_cortexa9_v2_10/src"

TRACE::2025-06-08.17:07:19::SCWBDomain::make -C ps7_cortexa9_0/libsrc/cpu_cortexa9_v2_10/src -s include  "SHELL=CMD" "COMPILER=arm-none-eabi-gcc" "ASSEMBLER=arm-none-e
TRACE::2025-06-08.17:07:19::SCWBDomain::abi-as" "ARCHIVER=arm-none-eabi-ar" "COMPILER_FLAGS=  -O2 -c" "EXTRA_COMPILER_FLAGS=-mcpu=cortex-a9 -mfpu=vfpv3 -mfloat-abi=har
TRACE::2025-06-08.17:07:19::SCWBDomain::d -nostartfiles -g -Wall -Wextra"

TRACE::2025-06-08.17:07:20::SCWBDomain::"Running Make include in ps7_cortexa9_0/libsrc/ddrps_v1_2/src"

TRACE::2025-06-08.17:07:20::SCWBDomain::make -C ps7_cortexa9_0/libsrc/ddrps_v1_2/src -s include  "SHELL=CMD" "COMPILER=arm-none-eabi-gcc" "ASSEMBLER=arm-none-eabi-as" 
TRACE::2025-06-08.17:07:20::SCWBDomain::"ARCHIVER=arm-none-eabi-ar" "COMPILER_FLAGS=  -O2 -c" "EXTRA_COMPILER_FLAGS=-mcpu=cortex-a9 -mfpu=vfpv3 -mfloat-abi=hard -nosta
TRACE::2025-06-08.17:07:20::SCWBDomain::rtfiles -g -Wall -Wextra"

TRACE::2025-06-08.17:07:20::SCWBDomain::"Running Make include in ps7_cortexa9_0/libsrc/devcfg_v3_7/src"

TRACE::2025-06-08.17:07:20::SCWBDomain::make -C ps7_cortexa9_0/libsrc/devcfg_v3_7/src -s include  "SHELL=CMD" "COMPILER=arm-none-eabi-gcc" "ASSEMBLER=arm-none-eabi-as"
TRACE::2025-06-08.17:07:20::SCWBDomain:: "ARCHIVER=arm-none-eabi-ar" "COMPILER_FLAGS=  -O2 -c" "EXTRA_COMPILER_FLAGS=-mcpu=cortex-a9 -mfpu=vfpv3 -mfloat-abi=hard -nost
TRACE::2025-06-08.17:07:20::SCWBDomain::artfiles -g -Wall -Wextra"

TRACE::2025-06-08.17:07:20::SCWBDomain::"Running Make include in ps7_cortexa9_0/libsrc/dmaps_v2_7/src"

TRACE::2025-06-08.17:07:20::SCWBDomain::make -C ps7_cortexa9_0/libsrc/dmaps_v2_7/src -s include  "SHELL=CMD" "COMPILER=arm-none-eabi-gcc" "ASSEMBLER=arm-none-eabi-as" 
TRACE::2025-06-08.17:07:20::SCWBDomain::"ARCHIVER=arm-none-eabi-ar" "COMPILER_FLAGS=  -O2 -c" "EXTRA_COMPILER_FLAGS=-mcpu=cortex-a9 -mfpu=vfpv3 -mfloat-abi=hard -nosta
TRACE::2025-06-08.17:07:20::SCWBDomain::rtfiles -g -Wall -Wextra"

TRACE::2025-06-08.17:07:20::SCWBDomain::"Running Make include in ps7_cortexa9_0/libsrc/emacps_v3_12/src"

TRACE::2025-06-08.17:07:20::SCWBDomain::make -C ps7_cortexa9_0/libsrc/emacps_v3_12/src -s include  "SHELL=CMD" "COMPILER=arm-none-eabi-gcc" "ASSEMBLER=arm-none-eabi-as
TRACE::2025-06-08.17:07:20::SCWBDomain::" "ARCHIVER=arm-none-eabi-ar" "COMPILER_FLAGS=  -O2 -c" "EXTRA_COMPILER_FLAGS=-mcpu=cortex-a9 -mfpu=vfpv3 -mfloat-abi=hard -nos
TRACE::2025-06-08.17:07:20::SCWBDomain::tartfiles -g -Wall -Wextra"

TRACE::2025-06-08.17:07:20::SCWBDomain::"Running Make include in ps7_cortexa9_0/libsrc/gpiops_v3_8/src"

TRACE::2025-06-08.17:07:20::SCWBDomain::make -C ps7_cortexa9_0/libsrc/gpiops_v3_8/src -s include  "SHELL=CMD" "COMPILER=arm-none-eabi-gcc" "ASSEMBLER=arm-none-eabi-as"
TRACE::2025-06-08.17:07:20::SCWBDomain:: "ARCHIVER=arm-none-eabi-ar" "COMPILER_FLAGS=  -O2 -c" "EXTRA_COMPILER_FLAGS=-mcpu=cortex-a9 -mfpu=vfpv3 -mfloat-abi=hard -nost
TRACE::2025-06-08.17:07:20::SCWBDomain::artfiles -g -Wall -Wextra"

TRACE::2025-06-08.17:07:20::SCWBDomain::"Running Make include in ps7_cortexa9_0/libsrc/gpio_v4_7/src"

TRACE::2025-06-08.17:07:20::SCWBDomain::make -C ps7_cortexa9_0/libsrc/gpio_v4_7/src -s include  "SHELL=CMD" "COMPILER=arm-none-eabi-gcc" "ASSEMBLER=arm-none-eabi-as" "
TRACE::2025-06-08.17:07:20::SCWBDomain::ARCHIVER=arm-none-eabi-ar" "COMPILER_FLAGS=  -O2 -c" "EXTRA_COMPILER_FLAGS=-mcpu=cortex-a9 -mfpu=vfpv3 -mfloat-abi=hard -nostar
TRACE::2025-06-08.17:07:20::SCWBDomain::tfiles -g -Wall -Wextra"

TRACE::2025-06-08.17:07:20::SCWBDomain::"Running Make include in ps7_cortexa9_0/libsrc/iicps_v3_12/src"

TRACE::2025-06-08.17:07:20::SCWBDomain::make -C ps7_cortexa9_0/libsrc/iicps_v3_12/src -s include  "SHELL=CMD" "COMPILER=arm-none-eabi-gcc" "ASSEMBLER=arm-none-eabi-as"
TRACE::2025-06-08.17:07:20::SCWBDomain:: "ARCHIVER=arm-none-eabi-ar" "COMPILER_FLAGS=  -O2 -c" "EXTRA_COMPILER_FLAGS=-mcpu=cortex-a9 -mfpu=vfpv3 -mfloat-abi=hard -nost
TRACE::2025-06-08.17:07:20::SCWBDomain::artfiles -g -Wall -Wextra"

TRACE::2025-06-08.17:07:20::SCWBDomain::"Running Make include in ps7_cortexa9_0/libsrc/iic_v3_7/src"

TRACE::2025-06-08.17:07:20::SCWBDomain::make -C ps7_cortexa9_0/libsrc/iic_v3_7/src -s include  "SHELL=CMD" "COMPILER=arm-none-eabi-gcc" "ASSEMBLER=arm-none-eabi-as" "A
TRACE::2025-06-08.17:07:20::SCWBDomain::RCHIVER=arm-none-eabi-ar" "COMPILER_FLAGS=  -O2 -c" "EXTRA_COMPILER_FLAGS=-mcpu=cortex-a9 -mfpu=vfpv3 -mfloat-abi=hard -nostart
TRACE::2025-06-08.17:07:20::SCWBDomain::files -g -Wall -Wextra"

TRACE::2025-06-08.17:07:20::SCWBDomain::"Running Make include in ps7_cortexa9_0/libsrc/PWM_v1_0/src"

TRACE::2025-06-08.17:07:20::SCWBDomain::make -C ps7_cortexa9_0/libsrc/PWM_v1_0/src -s include  "SHELL=CMD" "COMPILER=arm-none-eabi-gcc" "ASSEMBLER=arm-none-eabi-as" "A
TRACE::2025-06-08.17:07:20::SCWBDomain::RCHIVER=arm-none-eabi-ar" "COMPILER_FLAGS=  -O2 -c" "EXTRA_COMPILER_FLAGS=-mcpu=cortex-a9 -mfpu=vfpv3 -mfloat-abi=hard -nostart
TRACE::2025-06-08.17:07:20::SCWBDomain::files -g -Wall -Wextra"

TRACE::2025-06-08.17:07:20::SCWBDomain::"Running Make include in ps7_cortexa9_0/libsrc/qspips_v3_8/src"

TRACE::2025-06-08.17:07:20::SCWBDomain::make -C ps7_cortexa9_0/libsrc/qspips_v3_8/src -s include  "SHELL=CMD" "COMPILER=arm-none-eabi-gcc" "ASSEMBLER=arm-none-eabi-as"
TRACE::2025-06-08.17:07:20::SCWBDomain:: "ARCHIVER=arm-none-eabi-ar" "COMPILER_FLAGS=  -O2 -c" "EXTRA_COMPILER_FLAGS=-mcpu=cortex-a9 -mfpu=vfpv3 -mfloat-abi=hard -nost
TRACE::2025-06-08.17:07:20::SCWBDomain::artfiles -g -Wall -Wextra"

TRACE::2025-06-08.17:07:20::SCWBDomain::"Running Make include in ps7_cortexa9_0/libsrc/scugic_v4_3/src"

TRACE::2025-06-08.17:07:20::SCWBDomain::make -C ps7_cortexa9_0/libsrc/scugic_v4_3/src -s include  "SHELL=CMD" "COMPILER=arm-none-eabi-gcc" "ASSEMBLER=arm-none-eabi-as"
TRACE::2025-06-08.17:07:20::SCWBDomain:: "ARCHIVER=arm-none-eabi-ar" "COMPILER_FLAGS=  -O2 -c" "EXTRA_COMPILER_FLAGS=-mcpu=cortex-a9 -mfpu=vfpv3 -mfloat-abi=hard -nost
TRACE::2025-06-08.17:07:20::SCWBDomain::artfiles -g -Wall -Wextra"

TRACE::2025-06-08.17:07:20::SCWBDomain::"Running Make include in ps7_cortexa9_0/libsrc/scutimer_v2_3/src"

TRACE::2025-06-08.17:07:20::SCWBDomain::make -C ps7_cortexa9_0/libsrc/scutimer_v2_3/src -s include  "SHELL=CMD" "COMPILER=arm-none-eabi-gcc" "ASSEMBLER=arm-none-eabi-a
TRACE::2025-06-08.17:07:20::SCWBDomain::s" "ARCHIVER=arm-none-eabi-ar" "COMPILER_FLAGS=  -O2 -c" "EXTRA_COMPILER_FLAGS=-mcpu=cortex-a9 -mfpu=vfpv3 -mfloat-abi=hard -no
TRACE::2025-06-08.17:07:20::SCWBDomain::startfiles -g -Wall -Wextra"

TRACE::2025-06-08.17:07:20::SCWBDomain::"Running Make include in ps7_cortexa9_0/libsrc/scuwdt_v2_3/src"

TRACE::2025-06-08.17:07:20::SCWBDomain::make -C ps7_cortexa9_0/libsrc/scuwdt_v2_3/src -s include  "SHELL=CMD" "COMPILER=arm-none-eabi-gcc" "ASSEMBLER=arm-none-eabi-as"
TRACE::2025-06-08.17:07:20::SCWBDomain:: "ARCHIVER=arm-none-eabi-ar" "COMPILER_FLAGS=  -O2 -c" "EXTRA_COMPILER_FLAGS=-mcpu=cortex-a9 -mfpu=vfpv3 -mfloat-abi=hard -nost
TRACE::2025-06-08.17:07:20::SCWBDomain::artfiles -g -Wall -Wextra"

TRACE::2025-06-08.17:07:20::SCWBDomain::"Running Make include in ps7_cortexa9_0/libsrc/sdps_v3_10/src"

TRACE::2025-06-08.17:07:20::SCWBDomain::make -C ps7_cortexa9_0/libsrc/sdps_v3_10/src -s include  "SHELL=CMD" "COMPILER=arm-none-eabi-gcc" "ASSEMBLER=arm-none-eabi-as" 
TRACE::2025-06-08.17:07:20::SCWBDomain::"ARCHIVER=arm-none-eabi-ar" "COMPILER_FLAGS=  -O2 -c" "EXTRA_COMPILER_FLAGS=-mcpu=cortex-a9 -mfpu=vfpv3 -mfloat-abi=hard -nosta
TRACE::2025-06-08.17:07:20::SCWBDomain::rtfiles -g -Wall -Wextra"

TRACE::2025-06-08.17:07:20::SCWBDomain::"Running Make include in ps7_cortexa9_0/libsrc/standalone_v7_3/src"

TRACE::2025-06-08.17:07:20::SCWBDomain::make -C ps7_cortexa9_0/libsrc/standalone_v7_3/src -s include  "SHELL=CMD" "COMPILER=arm-none-eabi-gcc" "ASSEMBLER=arm-none-eabi
TRACE::2025-06-08.17:07:20::SCWBDomain::-as" "ARCHIVER=arm-none-eabi-ar" "COMPILER_FLAGS=  -O2 -c" "EXTRA_COMPILER_FLAGS=-mcpu=cortex-a9 -mfpu=vfpv3 -mfloat-abi=hard -
TRACE::2025-06-08.17:07:20::SCWBDomain::nostartfiles -g -Wall -Wextra"

TRACE::2025-06-08.17:07:20::SCWBDomain::"Running Make include in ps7_cortexa9_0/libsrc/ttcps_v3_12/src"

TRACE::2025-06-08.17:07:20::SCWBDomain::make -C ps7_cortexa9_0/libsrc/ttcps_v3_12/src -s include  "SHELL=CMD" "COMPILER=arm-none-eabi-gcc" "ASSEMBLER=arm-none-eabi-as"
TRACE::2025-06-08.17:07:20::SCWBDomain:: "ARCHIVER=arm-none-eabi-ar" "COMPILER_FLAGS=  -O2 -c" "EXTRA_COMPILER_FLAGS=-mcpu=cortex-a9 -mfpu=vfpv3 -mfloat-abi=hard -nost
TRACE::2025-06-08.17:07:20::SCWBDomain::artfiles -g -Wall -Wextra"

TRACE::2025-06-08.17:07:20::SCWBDomain::"Running Make include in ps7_cortexa9_0/libsrc/uartlite_v3_5/src"

TRACE::2025-06-08.17:07:20::SCWBDomain::make -C ps7_cortexa9_0/libsrc/uartlite_v3_5/src -s include  "SHELL=CMD" "COMPILER=arm-none-eabi-gcc" "ASSEMBLER=arm-none-eabi-a
TRACE::2025-06-08.17:07:20::SCWBDomain::s" "ARCHIVER=arm-none-eabi-ar" "COMPILER_FLAGS=  -O2 -c" "EXTRA_COMPILER_FLAGS=-mcpu=cortex-a9 -mfpu=vfpv3 -mfloat-abi=hard -no
TRACE::2025-06-08.17:07:20::SCWBDomain::startfiles -g -Wall -Wextra"

TRACE::2025-06-08.17:07:20::SCWBDomain::"Running Make include in ps7_cortexa9_0/libsrc/uartps_v3_10/src"

TRACE::2025-06-08.17:07:20::SCWBDomain::make -C ps7_cortexa9_0/libsrc/uartps_v3_10/src -s include  "SHELL=CMD" "COMPILER=arm-none-eabi-gcc" "ASSEMBLER=arm-none-eabi-as
TRACE::2025-06-08.17:07:20::SCWBDomain::" "ARCHIVER=arm-none-eabi-ar" "COMPILER_FLAGS=  -O2 -c" "EXTRA_COMPILER_FLAGS=-mcpu=cortex-a9 -mfpu=vfpv3 -mfloat-abi=hard -nos
TRACE::2025-06-08.17:07:20::SCWBDomain::tartfiles -g -Wall -Wextra"

TRACE::2025-06-08.17:07:20::SCWBDomain::"Running Make include in ps7_cortexa9_0/libsrc/usbps_v2_6/src"

TRACE::2025-06-08.17:07:20::SCWBDomain::make -C ps7_cortexa9_0/libsrc/usbps_v2_6/src -s include  "SHELL=CMD" "COMPILER=arm-none-eabi-gcc" "ASSEMBLER=arm-none-eabi-as" 
TRACE::2025-06-08.17:07:20::SCWBDomain::"ARCHIVER=arm-none-eabi-ar" "COMPILER_FLAGS=  -O2 -c" "EXTRA_COMPILER_FLAGS=-mcpu=cortex-a9 -mfpu=vfpv3 -mfloat-abi=hard -nosta
TRACE::2025-06-08.17:07:20::SCWBDomain::rtfiles -g -Wall -Wextra"

TRACE::2025-06-08.17:07:20::SCWBDomain::"Running Make include in ps7_cortexa9_0/libsrc/vtc_v8_3/src"

TRACE::2025-06-08.17:07:20::SCWBDomain::make -C ps7_cortexa9_0/libsrc/vtc_v8_3/src -s include  "SHELL=CMD" "COMPILER=arm-none-eabi-gcc" "ASSEMBLER=arm-none-eabi-as" "A
TRACE::2025-06-08.17:07:20::SCWBDomain::RCHIVER=arm-none-eabi-ar" "COMPILER_FLAGS=  -O2 -c" "EXTRA_COMPILER_FLAGS=-mcpu=cortex-a9 -mfpu=vfpv3 -mfloat-abi=hard -nostart
TRACE::2025-06-08.17:07:20::SCWBDomain::files -g -Wall -Wextra"

TRACE::2025-06-08.17:07:20::SCWBDomain::"Running Make include in ps7_cortexa9_0/libsrc/xadcps_v2_5/src"

TRACE::2025-06-08.17:07:20::SCWBDomain::make -C ps7_cortexa9_0/libsrc/xadcps_v2_5/src -s include  "SHELL=CMD" "COMPILER=arm-none-eabi-gcc" "ASSEMBLER=arm-none-eabi-as"
TRACE::2025-06-08.17:07:20::SCWBDomain:: "ARCHIVER=arm-none-eabi-ar" "COMPILER_FLAGS=  -O2 -c" "EXTRA_COMPILER_FLAGS=-mcpu=cortex-a9 -mfpu=vfpv3 -mfloat-abi=hard -nost
TRACE::2025-06-08.17:07:20::SCWBDomain::artfiles -g -Wall -Wextra"

TRACE::2025-06-08.17:07:20::SCWBDomain::"Running Make include in ps7_cortexa9_0/libsrc/xilffs_v4_4/src"

TRACE::2025-06-08.17:07:20::SCWBDomain::make -C ps7_cortexa9_0/libsrc/xilffs_v4_4/src -s include  "SHELL=CMD" "COMPILER=arm-none-eabi-gcc" "ASSEMBLER=arm-none-eabi-as"
TRACE::2025-06-08.17:07:20::SCWBDomain:: "ARCHIVER=arm-none-eabi-ar" "COMPILER_FLAGS=  -O2 -c" "EXTRA_COMPILER_FLAGS=-mcpu=cortex-a9 -mfpu=vfpv3 -mfloat-abi=hard -nost
TRACE::2025-06-08.17:07:20::SCWBDomain::artfiles -g -Wall -Wextra"

TRACE::2025-06-08.17:07:20::SCWBDomain::"Running Make include in ps7_cortexa9_0/libsrc/xilrsa_v1_6/src"

TRACE::2025-06-08.17:07:20::SCWBDomain::make -C ps7_cortexa9_0/libsrc/xilrsa_v1_6/src -s include  "SHELL=CMD" "COMPILER=arm-none-eabi-gcc" "ASSEMBLER=arm-none-eabi-as"
TRACE::2025-06-08.17:07:20::SCWBDomain:: "ARCHIVER=arm-none-eabi-ar" "COMPILER_FLAGS=  -O2 -c" "EXTRA_COMPILER_FLAGS=-mcpu=cortex-a9 -mfpu=vfpv3 -mfloat-abi=hard -nost
TRACE::2025-06-08.17:07:20::SCWBDomain::artfiles -g -Wall -Wextra"

TRACE::2025-06-08.17:07:20::SCWBDomain::"Running Make libs in ps7_cortexa9_0/libsrc/axidma_v9_12/src"

TRACE::2025-06-08.17:07:20::SCWBDomain::make -C ps7_cortexa9_0/libsrc/axidma_v9_12/src -s libs  "SHELL=CMD" "COMPILER=arm-none-eabi-gcc" "ASSEMBLER=arm-none-eabi-as" "
TRACE::2025-06-08.17:07:20::SCWBDomain::ARCHIVER=arm-none-eabi-ar" "COMPILER_FLAGS=  -O2 -c" "EXTRA_COMPILER_FLAGS=-mcpu=cortex-a9 -mfpu=vfpv3 -mfloat-abi=hard -nostar
TRACE::2025-06-08.17:07:20::SCWBDomain::tfiles -g -Wall -Wextra"

TRACE::2025-06-08.17:07:20::SCWBDomain::"Running Make libs in ps7_cortexa9_0/libsrc/axivdma_v6_8/src"

TRACE::2025-06-08.17:07:20::SCWBDomain::make -C ps7_cortexa9_0/libsrc/axivdma_v6_8/src -s libs  "SHELL=CMD" "COMPILER=arm-none-eabi-gcc" "ASSEMBLER=arm-none-eabi-as" "
TRACE::2025-06-08.17:07:20::SCWBDomain::ARCHIVER=arm-none-eabi-ar" "COMPILER_FLAGS=  -O2 -c" "EXTRA_COMPILER_FLAGS=-mcpu=cortex-a9 -mfpu=vfpv3 -mfloat-abi=hard -nostar
TRACE::2025-06-08.17:07:20::SCWBDomain::tfiles -g -Wall -Wextra"

TRACE::2025-06-08.17:07:20::SCWBDomain::"Running Make libs in ps7_cortexa9_0/libsrc/bram_v4_5/src"

TRACE::2025-06-08.17:07:20::SCWBDomain::make -C ps7_cortexa9_0/libsrc/bram_v4_5/src -s libs  "SHELL=CMD" "COMPILER=arm-none-eabi-gcc" "ASSEMBLER=arm-none-eabi-as" "ARC
TRACE::2025-06-08.17:07:20::SCWBDomain::HIVER=arm-none-eabi-ar" "COMPILER_FLAGS=  -O2 -c" "EXTRA_COMPILER_FLAGS=-mcpu=cortex-a9 -mfpu=vfpv3 -mfloat-abi=hard -nostartfi
TRACE::2025-06-08.17:07:20::SCWBDomain::les -g -Wall -Wextra"

TRACE::2025-06-08.17:07:20::SCWBDomain::"Running Make libs in ps7_cortexa9_0/libsrc/clk_wiz_v1_4/src"

TRACE::2025-06-08.17:07:20::SCWBDomain::make -C ps7_cortexa9_0/libsrc/clk_wiz_v1_4/src -s libs  "SHELL=CMD" "COMPILER=arm-none-eabi-gcc" "ASSEMBLER=arm-none-eabi-as" "
TRACE::2025-06-08.17:07:20::SCWBDomain::ARCHIVER=arm-none-eabi-ar" "COMPILER_FLAGS=  -O2 -c" "EXTRA_COMPILER_FLAGS=-mcpu=cortex-a9 -mfpu=vfpv3 -mfloat-abi=hard -nostar
TRACE::2025-06-08.17:07:20::SCWBDomain::tfiles -g -Wall -Wextra"

TRACE::2025-06-08.17:07:20::SCWBDomain::"Running Make libs in ps7_cortexa9_0/libsrc/coresightps_dcc_v1_8/src"

TRACE::2025-06-08.17:07:20::SCWBDomain::make -C ps7_cortexa9_0/libsrc/coresightps_dcc_v1_8/src -s libs  "SHELL=CMD" "COMPILER=arm-none-eabi-gcc" "ASSEMBLER=arm-none-ea
TRACE::2025-06-08.17:07:20::SCWBDomain::bi-as" "ARCHIVER=arm-none-eabi-ar" "COMPILER_FLAGS=  -O2 -c" "EXTRA_COMPILER_FLAGS=-mcpu=cortex-a9 -mfpu=vfpv3 -mfloat-abi=hard
TRACE::2025-06-08.17:07:20::SCWBDomain:: -nostartfiles -g -Wall -Wextra"

TRACE::2025-06-08.17:07:21::SCWBDomain::"Running Make libs in ps7_cortexa9_0/libsrc/cpu_cortexa9_v2_10/src"

TRACE::2025-06-08.17:07:21::SCWBDomain::"Running Make libs in ps7_cortexa9_0/libsrc/ddrps_v1_2/src"

TRACE::2025-06-08.17:07:21::SCWBDomain::make -C ps7_cortexa9_0/libsrc/cpu_cortexa9_v2_10/src -s libs  "SHELL=CMD" "COMPILER=arm-none-eabi-gcc" "ASSEMBLER=arm-none-eabi
TRACE::2025-06-08.17:07:21::SCWBDomain::-as" "ARCHIVER=arm-none-eabi-ar" "COMPILER_FLAGS=  -O2 -c" "EXTRA_COMPILER_FLAGS=-mcpu=cortex-a9 -mfpu=vfpv3 -mfloat-abi=hard -
TRACE::2025-06-08.17:07:21::SCWBDomain::nostartfiles -g -Wall -Wextra"

TRACE::2025-06-08.17:07:21::SCWBDomain::make -C ps7_cortexa9_0/libsrc/ddrps_v1_2/src -s libs  "SHELL=CMD" "COMPILER=arm-none-eabi-gcc" "ASSEMBLER=arm-none-eabi-as" "AR
TRACE::2025-06-08.17:07:21::SCWBDomain::CHIVER=arm-none-eabi-ar" "COMPILER_FLAGS=  -O2 -c" "EXTRA_COMPILER_FLAGS=-mcpu=cortex-a9 -mfpu=vfpv3 -mfloat-abi=hard -nostartf
TRACE::2025-06-08.17:07:21::SCWBDomain::iles -g -Wall -Wextra"

TRACE::2025-06-08.17:07:21::SCWBDomain::"Running Make libs in ps7_cortexa9_0/libsrc/devcfg_v3_7/src"

TRACE::2025-06-08.17:07:21::SCWBDomain::make -C ps7_cortexa9_0/libsrc/devcfg_v3_7/src -s libs  "SHELL=CMD" "COMPILER=arm-none-eabi-gcc" "ASSEMBLER=arm-none-eabi-as" "A
TRACE::2025-06-08.17:07:21::SCWBDomain::RCHIVER=arm-none-eabi-ar" "COMPILER_FLAGS=  -O2 -c" "EXTRA_COMPILER_FLAGS=-mcpu=cortex-a9 -mfpu=vfpv3 -mfloat-abi=hard -nostart
TRACE::2025-06-08.17:07:21::SCWBDomain::files -g -Wall -Wextra"

TRACE::2025-06-08.17:07:21::SCWBDomain::"Running Make libs in ps7_cortexa9_0/libsrc/emacps_v3_12/src"

TRACE::2025-06-08.17:07:21::SCWBDomain::make -C ps7_cortexa9_0/libsrc/emacps_v3_12/src -s libs  "SHELL=CMD" "COMPILER=arm-none-eabi-gcc" "ASSEMBLER=arm-none-eabi-as" "
TRACE::2025-06-08.17:07:21::SCWBDomain::ARCHIVER=arm-none-eabi-ar" "COMPILER_FLAGS=  -O2 -c" "EXTRA_COMPILER_FLAGS=-mcpu=cortex-a9 -mfpu=vfpv3 -mfloat-abi=hard -nostar
TRACE::2025-06-08.17:07:21::SCWBDomain::tfiles -g -Wall -Wextra"

TRACE::2025-06-08.17:07:21::SCWBDomain::"Running Make libs in ps7_cortexa9_0/libsrc/dmaps_v2_7/src"

TRACE::2025-06-08.17:07:21::SCWBDomain::make -C ps7_cortexa9_0/libsrc/dmaps_v2_7/src -s libs  "SHELL=CMD" "COMPILER=arm-none-eabi-gcc" "ASSEMBLER=arm-none-eabi-as" "AR
TRACE::2025-06-08.17:07:21::SCWBDomain::CHIVER=arm-none-eabi-ar" "COMPILER_FLAGS=  -O2 -c" "EXTRA_COMPILER_FLAGS=-mcpu=cortex-a9 -mfpu=vfpv3 -mfloat-abi=hard -nostartf
TRACE::2025-06-08.17:07:21::SCWBDomain::iles -g -Wall -Wextra"

TRACE::2025-06-08.17:07:21::SCWBDomain::"Running Make libs in ps7_cortexa9_0/libsrc/scugic_v4_3/src"

TRACE::2025-06-08.17:07:21::SCWBDomain::"Running Make libs in ps7_cortexa9_0/libsrc/iicps_v3_12/src"

TRACE::2025-06-08.17:07:21::SCWBDomain::"Running Make libs in ps7_cortexa9_0/libsrc/gpiops_v3_8/src"

TRACE::2025-06-08.17:07:21::SCWBDomain::"Running Make libs in ps7_cortexa9_0/libsrc/gpio_v4_7/src"

TRACE::2025-06-08.17:07:21::SCWBDomain::make -C ps7_cortexa9_0/libsrc/gpiops_v3_8/src -s libs  "SHELL=CMD" "COMPILER=arm-none-eabi-gcc" "ASSEMBLER=arm-none-eabi-as" "A
TRACE::2025-06-08.17:07:21::SCWBDomain::RCHIVER=arm-none-eabi-ar" "COMPILER_FLAGS=  -O2 -c" "EXTRA_COMPILER_FLAGS=-mcpu=cortex-a9 -mfpu=vfpv3 -mfloat-abi=hard -nostart
TRACE::2025-06-08.17:07:21::SCWBDomain::files -g -Wall -Wextra"

TRACE::2025-06-08.17:07:21::SCWBDomain::make -C ps7_cortexa9_0/libsrc/gpio_v4_7/src -s libs  "SHELL=CMD" "COMPILER=arm-none-eabi-gcc" "ASSEMBLER=arm-none-eabi-as" "ARC
TRACE::2025-06-08.17:07:21::SCWBDomain::HIVER=arm-none-eabi-ar" "COMPILER_FLAGS=  -O2 -c" "EXTRA_COMPILER_FLAGS=-mcpu=cortex-a9 -mfpu=vfpv3 -mfloat-abi=hard -nostartfi
TRACE::2025-06-08.17:07:21::SCWBDomain::les -g -Wall -Wextra"

TRACE::2025-06-08.17:07:21::SCWBDomain::"Running Make libs in ps7_cortexa9_0/libsrc/iic_v3_7/src"

TRACE::2025-06-08.17:07:21::SCWBDomain::make -C ps7_cortexa9_0/libsrc/iicps_v3_12/src -s libs  "SHELL=CMD" "COMPILER=arm-none-eabi-gcc" "ASSEMBLER=arm-none-eabi-as" "A
TRACE::2025-06-08.17:07:21::SCWBDomain::RCHIVER=arm-none-eabi-ar" "COMPILER_FLAGS=  -O2 -c" "EXTRA_COMPILER_FLAGS=-mcpu=cortex-a9 -mfpu=vfpv3 -mfloat-abi=hard -nostart
TRACE::2025-06-08.17:07:21::SCWBDomain::files -g -Wall -Wextra"

TRACE::2025-06-08.17:07:21::SCWBDomain::make -C ps7_cortexa9_0/libsrc/scugic_v4_3/src -s libs  "SHELL=CMD" "COMPILER=arm-none-eabi-gcc" "ASSEMBLER=arm-none-eabi-as" "A
TRACE::2025-06-08.17:07:21::SCWBDomain::RCHIVER=arm-none-eabi-ar" "COMPILER_FLAGS=  -O2 -c" "EXTRA_COMPILER_FLAGS=-mcpu=cortex-a9 -mfpu=vfpv3 -mfloat-abi=hard -nostart
TRACE::2025-06-08.17:07:21::SCWBDomain::files -g -Wall -Wextra"

TRACE::2025-06-08.17:07:21::SCWBDomain::make -C ps7_cortexa9_0/libsrc/iic_v3_7/src -s libs  "SHELL=CMD" "COMPILER=arm-none-eabi-gcc" "ASSEMBLER=arm-none-eabi-as" "ARCH
TRACE::2025-06-08.17:07:21::SCWBDomain::IVER=arm-none-eabi-ar" "COMPILER_FLAGS=  -O2 -c" "EXTRA_COMPILER_FLAGS=-mcpu=cortex-a9 -mfpu=vfpv3 -mfloat-abi=hard -nostartfil
TRACE::2025-06-08.17:07:21::SCWBDomain::es -g -Wall -Wextra"

TRACE::2025-06-08.17:07:21::SCWBDomain::"Running Make libs in ps7_cortexa9_0/libsrc/qspips_v3_8/src"

TRACE::2025-06-08.17:07:21::SCWBDomain::make -C ps7_cortexa9_0/libsrc/qspips_v3_8/src -s libs  "SHELL=CMD" "COMPILER=arm-none-eabi-gcc" "ASSEMBLER=arm-none-eabi-as" "A
TRACE::2025-06-08.17:07:21::SCWBDomain::RCHIVER=arm-none-eabi-ar" "COMPILER_FLAGS=  -O2 -c" "EXTRA_COMPILER_FLAGS=-mcpu=cortex-a9 -mfpu=vfpv3 -mfloat-abi=hard -nostart
TRACE::2025-06-08.17:07:21::SCWBDomain::files -g -Wall -Wextra"

TRACE::2025-06-08.17:07:21::SCWBDomain::"Running Make libs in ps7_cortexa9_0/libsrc/scutimer_v2_3/src"

TRACE::2025-06-08.17:07:21::SCWBDomain::"Running Make libs in ps7_cortexa9_0/libsrc/scuwdt_v2_3/src"

TRACE::2025-06-08.17:07:21::SCWBDomain::make -C ps7_cortexa9_0/libsrc/scutimer_v2_3/src -s libs  "SHELL=CMD" "COMPILER=arm-none-eabi-gcc" "ASSEMBLER=arm-none-eabi-as" 
TRACE::2025-06-08.17:07:21::SCWBDomain::"ARCHIVER=arm-none-eabi-ar" "COMPILER_FLAGS=  -O2 -c" "EXTRA_COMPILER_FLAGS=-mcpu=cortex-a9 -mfpu=vfpv3 -mfloat-abi=hard -nosta
TRACE::2025-06-08.17:07:21::SCWBDomain::rtfiles -g -Wall -Wextra"

TRACE::2025-06-08.17:07:21::SCWBDomain::make -C ps7_cortexa9_0/libsrc/scuwdt_v2_3/src -s libs  "SHELL=CMD" "COMPILER=arm-none-eabi-gcc" "ASSEMBLER=arm-none-eabi-as" "A
TRACE::2025-06-08.17:07:21::SCWBDomain::RCHIVER=arm-none-eabi-ar" "COMPILER_FLAGS=  -O2 -c" "EXTRA_COMPILER_FLAGS=-mcpu=cortex-a9 -mfpu=vfpv3 -mfloat-abi=hard -nostart
TRACE::2025-06-08.17:07:21::SCWBDomain::files -g -Wall -Wextra"

TRACE::2025-06-08.17:07:21::SCWBDomain::"Running Make libs in ps7_cortexa9_0/libsrc/uartlite_v3_5/src"

TRACE::2025-06-08.17:07:21::SCWBDomain::make -C ps7_cortexa9_0/libsrc/uartlite_v3_5/src -s libs  "SHELL=CMD" "COMPILER=arm-none-eabi-gcc" "ASSEMBLER=arm-none-eabi-as" 
TRACE::2025-06-08.17:07:21::SCWBDomain::"ARCHIVER=arm-none-eabi-ar" "COMPILER_FLAGS=  -O2 -c" "EXTRA_COMPILER_FLAGS=-mcpu=cortex-a9 -mfpu=vfpv3 -mfloat-abi=hard -nosta
TRACE::2025-06-08.17:07:21::SCWBDomain::rtfiles -g -Wall -Wextra"

TRACE::2025-06-08.17:07:21::SCWBDomain::"Running Make libs in ps7_cortexa9_0/libsrc/uartps_v3_10/src"

TRACE::2025-06-08.17:07:21::SCWBDomain::make -C ps7_cortexa9_0/libsrc/uartps_v3_10/src -s libs  "SHELL=CMD" "COMPILER=arm-none-eabi-gcc" "ASSEMBLER=arm-none-eabi-as" "
TRACE::2025-06-08.17:07:21::SCWBDomain::ARCHIVER=arm-none-eabi-ar" "COMPILER_FLAGS=  -O2 -c" "EXTRA_COMPILER_FLAGS=-mcpu=cortex-a9 -mfpu=vfpv3 -mfloat-abi=hard -nostar
TRACE::2025-06-08.17:07:21::SCWBDomain::tfiles -g -Wall -Wextra"

TRACE::2025-06-08.17:07:21::SCWBDomain::"Running Make libs in ps7_cortexa9_0/libsrc/ttcps_v3_12/src"

TRACE::2025-06-08.17:07:21::SCWBDomain::"Running Make libs in ps7_cortexa9_0/libsrc/xadcps_v2_5/src"

TRACE::2025-06-08.17:07:21::SCWBDomain::make -C ps7_cortexa9_0/libsrc/ttcps_v3_12/src -s libs  "SHELL=CMD" "COMPILER=arm-none-eabi-gcc" "ASSEMBLER=arm-none-eabi-as" "A
TRACE::2025-06-08.17:07:21::SCWBDomain::RCHIVER=arm-none-eabi-ar" "COMPILER_FLAGS=  -O2 -c" "EXTRA_COMPILER_FLAGS=-mcpu=cortex-a9 -mfpu=vfpv3 -mfloat-abi=hard -nostart
TRACE::2025-06-08.17:07:21::SCWBDomain::files -g -Wall -Wextra"

TRACE::2025-06-08.17:07:22::SCWBDomain::"Running Make libs in ps7_cortexa9_0/libsrc/sdps_v3_10/src"

TRACE::2025-06-08.17:07:22::SCWBDomain::"Running Make libs in ps7_cortexa9_0/libsrc/standalone_v7_3/src"

TRACE::2025-06-08.17:07:22::SCWBDomain::make -C ps7_cortexa9_0/libsrc/xadcps_v2_5/src -s libs  "SHELL=CMD" "COMPILER=arm-none-eabi-gcc" "ASSEMBLER=arm-none-eabi-as" "A
TRACE::2025-06-08.17:07:22::SCWBDomain::RCHIVER=arm-none-eabi-ar" "COMPILER_FLAGS=  -O2 -c" "EXTRA_COMPILER_FLAGS=-mcpu=cortex-a9 -mfpu=vfpv3 -mfloat-abi=hard -nostart
TRACE::2025-06-08.17:07:22::SCWBDomain::files -g -Wall -Wextra"

TRACE::2025-06-08.17:07:22::SCWBDomain::make -C ps7_cortexa9_0/libsrc/standalone_v7_3/src -s libs  "SHELL=CMD" "COMPILER=arm-none-eabi-gcc" "ASSEMBLER=arm-none-eabi-as
TRACE::2025-06-08.17:07:22::SCWBDomain::" "ARCHIVER=arm-none-eabi-ar" "COMPILER_FLAGS=  -O2 -c" "EXTRA_COMPILER_FLAGS=-mcpu=cortex-a9 -mfpu=vfpv3 -mfloat-abi=hard -nos
TRACE::2025-06-08.17:07:22::SCWBDomain::tartfiles -g -Wall -Wextra"

TRACE::2025-06-08.17:07:22::SCWBDomain::make -C ps7_cortexa9_0/libsrc/sdps_v3_10/src -s libs  "SHELL=CMD" "COMPILER=arm-none-eabi-gcc" "ASSEMBLER=arm-none-eabi-as" "AR
TRACE::2025-06-08.17:07:22::SCWBDomain::CHIVER=arm-none-eabi-ar" "COMPILER_FLAGS=  -O2 -c" "EXTRA_COMPILER_FLAGS=-mcpu=cortex-a9 -mfpu=vfpv3 -mfloat-abi=hard -nostartf
TRACE::2025-06-08.17:07:22::SCWBDomain::iles -g -Wall -Wextra"

TRACE::2025-06-08.17:07:22::SCWBDomain::"Running Make libs in ps7_cortexa9_0/libsrc/xilffs_v4_4/src"

TRACE::2025-06-08.17:07:22::SCWBDomain::"Running Make libs in ps7_cortexa9_0/libsrc/usbps_v2_6/src"

TRACE::2025-06-08.17:07:22::SCWBDomain::"Running Make libs in ps7_cortexa9_0/libsrc/vtc_v8_3/src"

TRACE::2025-06-08.17:07:22::SCWBDomain::make -C ps7_cortexa9_0/libsrc/xilffs_v4_4/src -s libs  "SHELL=CMD" "COMPILER=arm-none-eabi-gcc" "ASSEMBLER=arm-none-eabi-as" "A
TRACE::2025-06-08.17:07:22::SCWBDomain::RCHIVER=arm-none-eabi-ar" "COMPILER_FLAGS=  -O2 -c" "EXTRA_COMPILER_FLAGS=-mcpu=cortex-a9 -mfpu=vfpv3 -mfloat-abi=hard -nostart
TRACE::2025-06-08.17:07:22::SCWBDomain::files -g -Wall -Wextra"

TRACE::2025-06-08.17:07:23::SCWBDomain::make -C ps7_cortexa9_0/libsrc/usbps_v2_6/src -s libs  "SHELL=CMD" "COMPILER=arm-none-eabi-gcc" "ASSEMBLER=arm-none-eabi-as" "AR
TRACE::2025-06-08.17:07:23::SCWBDomain::CHIVER=arm-none-eabi-ar" "COMPILER_FLAGS=  -O2 -c" "EXTRA_COMPILER_FLAGS=-mcpu=cortex-a9 -mfpu=vfpv3 -mfloat-abi=hard -nostartf
TRACE::2025-06-08.17:07:23::SCWBDomain::iles -g -Wall -Wextra"

TRACE::2025-06-08.17:07:23::SCWBDomain::make -C ps7_cortexa9_0/libsrc/vtc_v8_3/src -s libs  "SHELL=CMD" "COMPILER=arm-none-eabi-gcc" "ASSEMBLER=arm-none-eabi-as" "ARCH
TRACE::2025-06-08.17:07:23::SCWBDomain::IVER=arm-none-eabi-ar" "COMPILER_FLAGS=  -O2 -c" "EXTRA_COMPILER_FLAGS=-mcpu=cortex-a9 -mfpu=vfpv3 -mfloat-abi=hard -nostartfil
TRACE::2025-06-08.17:07:23::SCWBDomain::es -g -Wall -Wextra"

TRACE::2025-06-08.17:07:26::SCWBDomain::'Finished building libraries parallelly.'

TRACE::2025-06-08.17:07:26::SCWBDomain::make --no-print-directory archive

TRACE::2025-06-08.17:07:26::SCWBDomain::arm-none-eabi-ar -r  ps7_cortexa9_0/lib/libxil.a ps7_cortexa9_0/lib/xadcps_selftest.o ps7_cortexa9_0/lib/xplatform_info.o ps7_c
TRACE::2025-06-08.17:07:26::SCWBDomain::ortexa9_0/lib/xuartlite.o ps7_cortexa9_0/lib/xil_mem.o ps7_cortexa9_0/lib/xil_testio.o ps7_cortexa9_0/lib/isatty.o ps7_cortexa9
TRACE::2025-06-08.17:07:26::SCWBDomain::_0/lib/xdevcfg_hw.o ps7_cortexa9_0/lib/xil_sleeptimer.o ps7_cortexa9_0/lib/xqspips_options.o ps7_cortexa9_0/lib/xdmaps_g.o ps7_
TRACE::2025-06-08.17:07:26::SCWBDomain::cortexa9_0/lib/xscutimer_g.o ps7_cortexa9_0/lib/xil_misc_psreset_api.o ps7_cortexa9_0/lib/xdmaps_sinit.o ps7_cortexa9_0/lib/xsc
TRACE::2025-06-08.17:07:26::SCWBDomain::utimer_sinit.o ps7_cortexa9_0/lib/xemacps_hw.o ps7_cortexa9_0/lib/inbyte.o ps7_cortexa9_0/lib/xsdps_options.o ps7_cortexa9_0/li
TRACE::2025-06-08.17:07:26::SCWBDomain::b/xbram_g.o ps7_cortexa9_0/lib/xuartlite_stats.o ps7_cortexa9_0/lib/putnum.o ps7_cortexa9_0/lib/xttcps_selftest.o ps7_cortexa9_
TRACE::2025-06-08.17:07:26::SCWBDomain::0/lib/xbram_sinit.o ps7_cortexa9_0/lib/xgpiops_g.o ps7_cortexa9_0/lib/close.o ps7_cortexa9_0/lib/xemacps_g.o ps7_cortexa9_0/lib
TRACE::2025-06-08.17:07:26::SCWBDomain::/xbram_selftest.o ps7_cortexa9_0/lib/xgpiops_sinit.o ps7_cortexa9_0/lib/xsdps.o ps7_cortexa9_0/lib/xuartps.o ps7_cortexa9_0/lib
TRACE::2025-06-08.17:07:26::SCWBDomain::/xgpiops_selftest.o ps7_cortexa9_0/lib/xgpio_g.o ps7_cortexa9_0/lib/xscuwdt.o ps7_cortexa9_0/lib/xaxivdma_g.o ps7_cortexa9_0/li
TRACE::2025-06-08.17:07:26::SCWBDomain::b/xiicps_intr.o ps7_cortexa9_0/lib/xaxivdma_sinit.o ps7_cortexa9_0/lib/xuartps_sinit.o ps7_cortexa9_0/lib/xgpio_selftest.o ps7_
TRACE::2025-06-08.17:07:26::SCWBDomain::cortexa9_0/lib/xiic_intr.o ps7_cortexa9_0/lib/xaxivdma_selftest.o ps7_cortexa9_0/lib/xiicps_slave.o ps7_cortexa9_0/lib/xscugic.
TRACE::2025-06-08.17:07:26::SCWBDomain::o ps7_cortexa9_0/lib/xil_printf.o ps7_cortexa9_0/lib/xiic_g.o ps7_cortexa9_0/lib/xiicps_g.o ps7_cortexa9_0/lib/xadcps.o ps7_cor
TRACE::2025-06-08.17:07:26::SCWBDomain::texa9_0/lib/xiic_stats.o ps7_cortexa9_0/lib/xiicps_options.o ps7_cortexa9_0/lib/xdevcfg.o ps7_cortexa9_0/lib/xuartps_selftest.o
TRACE::2025-06-08.17:07:26::SCWBDomain:: ps7_cortexa9_0/lib/lseek.o ps7_cortexa9_0/lib/xil_testmem.o ps7_cortexa9_0/lib/xusbps_hw.o ps7_cortexa9_0/lib/xl2cc_counter.o 
TRACE::2025-06-08.17:07:26::SCWBDomain::ps7_cortexa9_0/lib/xiicps_hw.o ps7_cortexa9_0/lib/xiic_options.o ps7_cortexa9_0/lib/xuartps_g.o ps7_cortexa9_0/lib/xsdps_sinit.
TRACE::2025-06-08.17:07:26::SCWBDomain::o ps7_cortexa9_0/lib/asm_vectors.o ps7_cortexa9_0/lib/usleep.o ps7_cortexa9_0/lib/abort.o ps7_cortexa9_0/lib/xdevcfg_g.o ps7_co
TRACE::2025-06-08.17:07:26::SCWBDomain::rtexa9_0/lib/xuartlite_l.o ps7_cortexa9_0/lib/getpid.o ps7_cortexa9_0/lib/xil_testcache.o ps7_cortexa9_0/lib/xdevcfg_sinit.o ps
TRACE::2025-06-08.17:07:26::SCWBDomain::7_cortexa9_0/lib/xdmaps.o ps7_cortexa9_0/lib/xscutimer.o ps7_cortexa9_0/lib/xdevcfg_selftest.o ps7_cortexa9_0/lib/xvtc_intr.o p
TRACE::2025-06-08.17:07:26::SCWBDomain::s7_cortexa9_0/lib/xttcps.o ps7_cortexa9_0/lib/xpm_counter.o ps7_cortexa9_0/lib/xiicps.o ps7_cortexa9_0/lib/xbram.o ps7_cortexa9
TRACE::2025-06-08.17:07:26::SCWBDomain::_0/lib/xemacps_sinit.o ps7_cortexa9_0/lib/xuartlite_intr.o ps7_cortexa9_0/lib/xusbps_endpoint.o ps7_cortexa9_0/lib/xiicps_maste
TRACE::2025-06-08.17:07:26::SCWBDomain::r.o ps7_cortexa9_0/lib/xqspips_g.o ps7_cortexa9_0/lib/xgpiops.o ps7_cortexa9_0/lib/xemacps.o ps7_cortexa9_0/lib/xqspips_sinit.o
TRACE::2025-06-08.17:07:26::SCWBDomain:: ps7_cortexa9_0/lib/xiic_dyn_master.o ps7_cortexa9_0/lib/_sbrk.o ps7_cortexa9_0/lib/xqspips_selftest.o ps7_cortexa9_0/lib/xil_e
TRACE::2025-06-08.17:07:26::SCWBDomain::xception.o ps7_cortexa9_0/lib/sbrk.o ps7_cortexa9_0/lib/xaxivdma.o ps7_cortexa9_0/lib/xvtc_g.o ps7_cortexa9_0/lib/xemacps_contr
TRACE::2025-06-08.17:07:26::SCWBDomain::ol.o ps7_cortexa9_0/lib/xiic_master.o ps7_cortexa9_0/lib/open.o ps7_cortexa9_0/lib/xil_assert.o ps7_cortexa9_0/lib/xaxivdma_int
TRACE::2025-06-08.17:07:26::SCWBDomain::r.o ps7_cortexa9_0/lib/xusbps_intr.o ps7_cortexa9_0/lib/xsdps_host.o ps7_cortexa9_0/lib/xcoresightpsdcc.o ps7_cortexa9_0/lib/xi
TRACE::2025-06-08.17:07:26::SCWBDomain::icps_xfer.o ps7_cortexa9_0/lib/xscugic_hw.o ps7_cortexa9_0/lib/xiic.o ps7_cortexa9_0/lib/sleep.o ps7_cortexa9_0/lib/xil-crt0.o 
TRACE::2025-06-08.17:07:26::SCWBDomain::ps7_cortexa9_0/lib/xiic_selftest.o ps7_cortexa9_0/lib/cpputest_time.o ps7_cortexa9_0/lib/xvtc.o ps7_cortexa9_0/lib/fcntl.o ps7_
TRACE::2025-06-08.17:07:26::SCWBDomain::cortexa9_0/lib/kill.o ps7_cortexa9_0/lib/xttcps_options.o ps7_cortexa9_0/lib/print.o ps7_cortexa9_0/lib/xscugic_intr.o ps7_cort
TRACE::2025-06-08.17:07:26::SCWBDomain::exa9_0/lib/xadcps_intr.o ps7_cortexa9_0/lib/xqspips.o ps7_cortexa9_0/lib/xclk_wiz_g.o ps7_cortexa9_0/lib/xil_cache.o ps7_cortex
TRACE::2025-06-08.17:07:26::SCWBDomain::a9_0/lib/xclk_wiz_sinit.o ps7_cortexa9_0/lib/xvtc_sinit.o ps7_cortexa9_0/lib/xiic_multi_master.o ps7_cortexa9_0/lib/xuartps_int
TRACE::2025-06-08.17:07:26::SCWBDomain::r.o ps7_cortexa9_0/lib/unlink.o ps7_cortexa9_0/lib/xaxidma_g.o ps7_cortexa9_0/lib/xqspips_hw.o ps7_cortexa9_0/lib/xdmaps_selfte
TRACE::2025-06-08.17:07:26::SCWBDomain::st.o ps7_cortexa9_0/lib/xaxidma_sinit.o ps7_cortexa9_0/lib/_exit.o ps7_cortexa9_0/lib/translation_table.o ps7_cortexa9_0/lib/xa
TRACE::2025-06-08.17:07:26::SCWBDomain::xidma_selftest.o ps7_cortexa9_0/lib/_open.o ps7_cortexa9_0/lib/write.o ps7_cortexa9_0/lib/xil_mmu.o ps7_cortexa9_0/lib/boot.o p
TRACE::2025-06-08.17:07:26::SCWBDomain::s7_cortexa9_0/lib/xemacps_bdring.o ps7_cortexa9_0/lib/xaxivdma_channel.o ps7_cortexa9_0/lib/cpu_init.o ps7_cortexa9_0/lib/xil_u
TRACE::2025-06-08.17:07:26::SCWBDomain::til.o ps7_cortexa9_0/lib/xaxidma_bd.o ps7_cortexa9_0/lib/xbram_intr.o ps7_cortexa9_0/lib/xil_sleepcommon.o ps7_cortexa9_0/lib/x
TRACE::2025-06-08.17:07:26::SCWBDomain::gpiops_intr.o ps7_cortexa9_0/lib/xscugic_sinit.o ps7_cortexa9_0/lib/outbyte.o ps7_cortexa9_0/lib/xuartps_hw.o ps7_cortexa9_0/li
TRACE::2025-06-08.17:07:26::SCWBDomain::b/xgpio_intr.o ps7_cortexa9_0/lib/read.o ps7_cortexa9_0/lib/xttcps_g.o ps7_cortexa9_0/lib/xuartlite_g.o ps7_cortexa9_0/lib/xtim
TRACE::2025-06-08.17:07:26::SCWBDomain::e_l.o ps7_cortexa9_0/lib/xscugic_selftest.o ps7_cortexa9_0/lib/xuartlite_selftest.o ps7_cortexa9_0/lib/xgpio_sinit.o ps7_cortex
TRACE::2025-06-08.17:07:26::SCWBDomain::a9_0/lib/xscuwdt_sinit.o ps7_cortexa9_0/lib/xsdps_card.o ps7_cortexa9_0/lib/xdmaps_hw.o ps7_cortexa9_0/lib/xclk_wiz.o ps7_corte
TRACE::2025-06-08.17:07:26::SCWBDomain::xa9_0/lib/xttcps_sinit.o ps7_cortexa9_0/lib/xiic_l.o ps7_cortexa9_0/lib/xiic_slave.o ps7_cortexa9_0/lib/xiic_sinit.o ps7_cortex
TRACE::2025-06-08.17:07:26::SCWBDomain::a9_0/lib/xgpiops_hw.o ps7_cortexa9_0/lib/xsdps_g.o ps7_cortexa9_0/lib/fstat.o ps7_cortexa9_0/lib/xaxidma.o ps7_cortexa9_0/lib/e
TRACE::2025-06-08.17:07:26::SCWBDomain::rrno.o ps7_cortexa9_0/lib/xgpio.o ps7_cortexa9_0/lib/xscutimer_selftest.o ps7_cortexa9_0/lib/xdevcfg_intr.o ps7_cortexa9_0/lib/
TRACE::2025-06-08.17:07:26::SCWBDomain::xuartps_options.o ps7_cortexa9_0/lib/vectors.o ps7_cortexa9_0/lib/xusbps_g.o ps7_cortexa9_0/lib/xscuwdt_selftest.o ps7_cortexa9
TRACE::2025-06-08.17:07:26::SCWBDomain::_0/lib/xscuwdt_g.o ps7_cortexa9_0/lib/xvtc_selftest.o ps7_cortexa9_0/lib/xclk_wiz_intr.o ps7_cortexa9_0/lib/xil_clocking.o ps7_
TRACE::2025-06-08.17:07:26::SCWBDomain::cortexa9_0/lib/xusbps.o ps7_cortexa9_0/lib/xemacps_intr.o ps7_cortexa9_0/lib/xiicps_selftest.o ps7_cortexa9_0/lib/xgpio_extra.o
TRACE::2025-06-08.17:07:26::SCWBDomain:: ps7_cortexa9_0/lib/xusbps_sinit.o ps7_cortexa9_0/lib/xscugic_g.o ps7_cortexa9_0/lib/xiicps_sinit.o ps7_cortexa9_0/lib/xadcps_g
TRACE::2025-06-08.17:07:26::SCWBDomain::.o ps7_cortexa9_0/lib/xuartlite_sinit.o ps7_cortexa9_0/lib/xaxidma_bdring.o ps7_cortexa9_0/lib/xadcps_sinit.o

TRACE::2025-06-08.17:07:27::SCWBDomain::'Finished building libraries'

TRACE::2025-06-08.17:07:27::SCWBDomain::make: Leaving directory 'C:/Users/saber/Desktop/share/DanDike_NewBoard/vitis1/system_wrapper/zynq_fsbl/zynq_fsbl_bsp'

TRACE::2025-06-08.17:07:27::SCWBDomain::arm-none-eabi-gcc -MMD -MP       -mcpu=cortex-a9 -mfpu=vfpv3 -mfloat-abi=hard   -O2 -c -c sd.c -o sd.o -Izynq_fsbl_bsp/ps7_cort
TRACE::2025-06-08.17:07:27::SCWBDomain::exa9_0/include -I.

TRACE::2025-06-08.17:07:27::SCWBDomain::arm-none-eabi-gcc -MMD -MP       -mcpu=cortex-a9 -mfpu=vfpv3 -mfloat-abi=hard   -O2 -c -c nand.c -o nand.o -Izynq_fsbl_bsp/ps7_
TRACE::2025-06-08.17:07:27::SCWBDomain::cortexa9_0/include -I.

TRACE::2025-06-08.17:07:27::SCWBDomain::arm-none-eabi-gcc -MMD -MP       -mcpu=cortex-a9 -mfpu=vfpv3 -mfloat-abi=hard   -O2 -c -c nor.c -o nor.o -Izynq_fsbl_bsp/ps7_co
TRACE::2025-06-08.17:07:27::SCWBDomain::rtexa9_0/include -I.

TRACE::2025-06-08.17:07:28::SCWBDomain::arm-none-eabi-gcc -MMD -MP       -mcpu=cortex-a9 -mfpu=vfpv3 -mfloat-abi=hard   -O2 -c -c image_mover.c -o image_mover.o -Izynq
TRACE::2025-06-08.17:07:28::SCWBDomain::_fsbl_bsp/ps7_cortexa9_0/include -I.

TRACE::2025-06-08.17:07:28::SCWBDomain::arm-none-eabi-gcc -MMD -MP       -mcpu=cortex-a9 -mfpu=vfpv3 -mfloat-abi=hard   -O2 -c -c md5.c -o md5.o -Izynq_fsbl_bsp/ps7_co
TRACE::2025-06-08.17:07:28::SCWBDomain::rtexa9_0/include -I.

TRACE::2025-06-08.17:07:28::SCWBDomain::arm-none-eabi-gcc -MMD -MP       -mcpu=cortex-a9 -mfpu=vfpv3 -mfloat-abi=hard   -O2 -c -c fsbl_hooks.c -o fsbl_hooks.o -Izynq_f
TRACE::2025-06-08.17:07:28::SCWBDomain::sbl_bsp/ps7_cortexa9_0/include -I.

TRACE::2025-06-08.17:07:28::SCWBDomain::arm-none-eabi-gcc -MMD -MP       -mcpu=cortex-a9 -mfpu=vfpv3 -mfloat-abi=hard   -O2 -c -c main.c -o main.o -Izynq_fsbl_bsp/ps7_
TRACE::2025-06-08.17:07:28::SCWBDomain::cortexa9_0/include -I.

TRACE::2025-06-08.17:07:28::SCWBDomain::arm-none-eabi-gcc -MMD -MP       -mcpu=cortex-a9 -mfpu=vfpv3 -mfloat-abi=hard   -O2 -c -c rsa.c -o rsa.o -Izynq_fsbl_bsp/ps7_co
TRACE::2025-06-08.17:07:28::SCWBDomain::rtexa9_0/include -I.

TRACE::2025-06-08.17:07:29::SCWBDomain::arm-none-eabi-gcc -MMD -MP       -mcpu=cortex-a9 -mfpu=vfpv3 -mfloat-abi=hard   -O2 -c -c qspi.c -o qspi.o -Izynq_fsbl_bsp/ps7_
TRACE::2025-06-08.17:07:29::SCWBDomain::cortexa9_0/include -I.

TRACE::2025-06-08.17:07:29::SCWBDomain::arm-none-eabi-gcc -MMD -MP       -mcpu=cortex-a9 -mfpu=vfpv3 -mfloat-abi=hard   -O2 -c -c ps7_init.c -o ps7_init.o -Izynq_fsbl_
TRACE::2025-06-08.17:07:29::SCWBDomain::bsp/ps7_cortexa9_0/include -I.

TRACE::2025-06-08.17:07:29::SCWBDomain::arm-none-eabi-gcc -MMD -MP       -mcpu=cortex-a9 -mfpu=vfpv3 -mfloat-abi=hard   -O2 -c -c pcap.c -o pcap.o -Izynq_fsbl_bsp/ps7_
TRACE::2025-06-08.17:07:29::SCWBDomain::cortexa9_0/include -I.

TRACE::2025-06-08.17:07:29::SCWBDomain::arm-none-eabi-gcc -MMD -MP       -mcpu=cortex-a9 -mfpu=vfpv3 -mfloat-abi=hard   -O2 -c -c fsbl_handoff.S -o fsbl_handoff.o -Izy
TRACE::2025-06-08.17:07:29::SCWBDomain::nq_fsbl_bsp/ps7_cortexa9_0/include -I.

TRACE::2025-06-08.17:07:29::SCWBDomain::arm-none-eabi-gcc -o fsbl.elf  sd.o  nand.o  nor.o  image_mover.o  md5.o  fsbl_hooks.o  main.o  rsa.o  qspi.o  ps7_init.o  pcap
TRACE::2025-06-08.17:07:29::SCWBDomain::.o  fsbl_handoff.o -MMD -MP       -mcpu=cortex-a9 -mfpu=vfpv3 -mfloat-abi=hard   -mcpu=cortex-a9 -mfpu=vfpv3 -mfloat-abi=hard -
TRACE::2025-06-08.17:07:29::SCWBDomain::Wl,-build-id=none -specs=Xilinx.spec  -lrsa -Wl,--start-group,-lxil,-lgcc,-lc,--end-group -Wl,--start-group,-lxilffs,-lxil,-lgc
TRACE::2025-06-08.17:07:29::SCWBDomain::c,-lc,--end-group -Wl,--start-group,-lrsa,-lxil,-lgcc,-lc,--end-group                                                         -
TRACE::2025-06-08.17:07:29::SCWBDomain::Wl,--gc-sections -Lzynq_fsbl_bsp/ps7_cortexa9_0/lib -L./ -Tlscript.ld

LOG::2025-06-08.17:07:29::SCWSystem::Checking the domain standalone_ps7_cortexa9_1
LOG::2025-06-08.17:07:29::SCWSystem::Not a boot domain 
LOG::2025-06-08.17:07:29::SCWSystem::Started Processing the domain standalone_ps7_cortexa9_1
TRACE::2025-06-08.17:07:29::SCWDomain::Generating domain artifcats
TRACE::2025-06-08.17:07:29::SCWMssOS::Generating standalone artifcats
TRACE::2025-06-08.17:07:29::SCWMssOS::Copying the qemu file from  E:/vivado/Vitis/2020.2/data/emulation/platforms/zynq/sw/a9_standalone/qemu/qemu_args.txt To C:/Users/saber/Desktop/share/DanDike_NewBoard/vitis1/system_wrapper/export/system_wrapper/sw/system_wrapper/qemu/
TRACE::2025-06-08.17:07:29::SCWMssOS::Copying the qemu file from  E:/vivado/Vitis/2020.2/data/emulation/platforms/zynq/sw/a9_standalone/qemu/qemu_args.txt To C:/Users/saber/Desktop/share/DanDike_NewBoard/vitis1/system_wrapper/export/system_wrapper/sw/system_wrapper/standalone_ps7_cortexa9_1/qemu/
TRACE::2025-06-08.17:07:29::SCWMssOS:: Copying the user libraries. 
TRACE::2025-06-08.17:07:29::SCWPlatform::Trying to open the hw design at C:/Users/saber/Desktop/share/DanDike_NewBoard/vitis1/system_wrapper/hw/system_wrapper.xsa
TRACE::2025-06-08.17:07:29::SCWPlatform::DSA given C:/Users/saber/Desktop/share/DanDike_NewBoard/vitis1/system_wrapper/hw/system_wrapper.xsa
TRACE::2025-06-08.17:07:29::SCWPlatform::DSA absoulate path C:/Users/saber/Desktop/share/DanDike_NewBoard/vitis1/system_wrapper/hw/system_wrapper.xsa
TRACE::2025-06-08.17:07:29::SCWPlatform::DSA directory C:/Users/saber/Desktop/share/DanDike_NewBoard/vitis1/system_wrapper/hw
TRACE::2025-06-08.17:07:29::SCWPlatform:: Platform Path C:/Users/saber/Desktop/share/DanDike_NewBoard/vitis1/system_wrapper/hw/system_wrapper.xsa
TRACE::2025-06-08.17:07:29::SCWPlatform:: Unique name xilinx:::0.0
TRACE::2025-06-08.17:07:29::SCWPlatform::Trying to set the existing hwdb with name system_wrapper_0
TRACE::2025-06-08.17:07:29::SCWPlatform::Opened existing hwdb system_wrapper_0
TRACE::2025-06-08.17:07:29::SCWPlatform::Found the Hw Db part of the input DSA
TRACE::2025-06-08.17:07:29::SCWMssOS::Checking the sw design at  C:/Users/saber/Desktop/share/DanDike_NewBoard/vitis1/system_wrapper/ps7_cortexa9_1/standalone_ps7_cortexa9_1/bsp/system.mss
TRACE::2025-06-08.17:07:29::SCWMssOS::DEBUG:  swdes dump  C:/Users/saber/Desktop/share/DanDike_NewBoard/vitis1/system_wrapper/ps7_cortexa9_1/standalone_ps7_cortexa9_1/bsp/system.mss|system_0||
C:/Users/saber/Desktop/share/DanDike_NewBoard/vitis1/system_wrapper/zynq_fsbl/zynq_fsbl_bsp/system.mss|system||

TRACE::2025-06-08.17:07:29::SCWMssOS::Sw design exists and opened at  C:/Users/saber/Desktop/share/DanDike_NewBoard/vitis1/system_wrapper/ps7_cortexa9_1/standalone_ps7_cortexa9_1/bsp/system.mss
TRACE::2025-06-08.17:07:29::SCWMssOS::Completed writing the mss file at C:/Users/saber/Desktop/share/DanDike_NewBoard/vitis1/system_wrapper/ps7_cortexa9_1/standalone_ps7_cortexa9_1/bsp
TRACE::2025-06-08.17:07:29::SCWMssOS::Mss edits present, copying mssfile into export location C:/Users/saber/Desktop/share/DanDike_NewBoard/vitis1/system_wrapper/ps7_cortexa9_1/standalone_ps7_cortexa9_1/bsp/system.mss
TRACE::2025-06-08.17:07:29::SCWMssOS::bsp generated is upto date with the mss file. Skipping bsp generation.
TRACE::2025-06-08.17:07:29::SCWMssOS::BSP is already built. skipping the bsp build ... 
TRACE::2025-06-08.17:07:29::SCWDomain::Building the domain as part of full build :  standalone_ps7_cortexa9_1
TRACE::2025-06-08.17:07:29::SCWMssOS::doing bsp build ... 
TRACE::2025-06-08.17:07:29::SCWMssOS::System Command Ran  C: & cd  C:/Users/saber/Desktop/share/DanDike_NewBoard/vitis1/system_wrapper/ps7_cortexa9_1/standalone_ps7_cortexa9_1/bsp & make 
TRACE::2025-06-08.17:07:29::SCWMssOS::make --no-print-directory seq_libs

TRACE::2025-06-08.17:07:29::SCWMssOS::"Running Make include in ps7_cortexa9_1/libsrc/axidma_v9_12/src"

TRACE::2025-06-08.17:07:29::SCWMssOS::make -C ps7_cortexa9_1/libsrc/axidma_v9_12/src -s include  "SHELL=CMD" "COMPILER=arm-none-eabi-gcc" "ASSEMBLER=arm-none-eabi-as
TRACE::2025-06-08.17:07:29::SCWMssOS::" "ARCHIVER=arm-none-eabi-ar" "COMPILER_FLAGS=  -O2 -c" "EXTRA_COMPILER_FLAGS=-mcpu=cortex-a9 -mfpu=vfpv3 -mfloat-abi=hard -nos
TRACE::2025-06-08.17:07:29::SCWMssOS::tartfiles -g -Wall -Wextra"

TRACE::2025-06-08.17:07:29::SCWMssOS::"Running Make include in ps7_cortexa9_1/libsrc/axivdma_v6_8/src"

TRACE::2025-06-08.17:07:29::SCWMssOS::make -C ps7_cortexa9_1/libsrc/axivdma_v6_8/src -s include  "SHELL=CMD" "COMPILER=arm-none-eabi-gcc" "ASSEMBLER=arm-none-eabi-as
TRACE::2025-06-08.17:07:29::SCWMssOS::" "ARCHIVER=arm-none-eabi-ar" "COMPILER_FLAGS=  -O2 -c" "EXTRA_COMPILER_FLAGS=-mcpu=cortex-a9 -mfpu=vfpv3 -mfloat-abi=hard -nos
TRACE::2025-06-08.17:07:29::SCWMssOS::tartfiles -g -Wall -Wextra"

TRACE::2025-06-08.17:07:29::SCWMssOS::"Running Make include in ps7_cortexa9_1/libsrc/bram_v4_5/src"

TRACE::2025-06-08.17:07:29::SCWMssOS::make -C ps7_cortexa9_1/libsrc/bram_v4_5/src -s include  "SHELL=CMD" "COMPILER=arm-none-eabi-gcc" "ASSEMBLER=arm-none-eabi-as" "
TRACE::2025-06-08.17:07:29::SCWMssOS::ARCHIVER=arm-none-eabi-ar" "COMPILER_FLAGS=  -O2 -c" "EXTRA_COMPILER_FLAGS=-mcpu=cortex-a9 -mfpu=vfpv3 -mfloat-abi=hard -nostar
TRACE::2025-06-08.17:07:29::SCWMssOS::tfiles -g -Wall -Wextra"

TRACE::2025-06-08.17:07:30::SCWMssOS::"Running Make include in ps7_cortexa9_1/libsrc/clk_wiz_v1_4/src"

TRACE::2025-06-08.17:07:30::SCWMssOS::make -C ps7_cortexa9_1/libsrc/clk_wiz_v1_4/src -s include  "SHELL=CMD" "COMPILER=arm-none-eabi-gcc" "ASSEMBLER=arm-none-eabi-as
TRACE::2025-06-08.17:07:30::SCWMssOS::" "ARCHIVER=arm-none-eabi-ar" "COMPILER_FLAGS=  -O2 -c" "EXTRA_COMPILER_FLAGS=-mcpu=cortex-a9 -mfpu=vfpv3 -mfloat-abi=hard -nos
TRACE::2025-06-08.17:07:30::SCWMssOS::tartfiles -g -Wall -Wextra"

TRACE::2025-06-08.17:07:30::SCWMssOS::"Running Make include in ps7_cortexa9_1/libsrc/coder_v1_0/src"

TRACE::2025-06-08.17:07:30::SCWMssOS::make -C ps7_cortexa9_1/libsrc/coder_v1_0/src -s include  "SHELL=CMD" "COMPILER=arm-none-eabi-gcc" "ASSEMBLER=arm-none-eabi-as" 
TRACE::2025-06-08.17:07:30::SCWMssOS::"ARCHIVER=arm-none-eabi-ar" "COMPILER_FLAGS=  -O2 -c" "EXTRA_COMPILER_FLAGS=-mcpu=cortex-a9 -mfpu=vfpv3 -mfloat-abi=hard -nosta
TRACE::2025-06-08.17:07:30::SCWMssOS::rtfiles -g -Wall -Wextra"

TRACE::2025-06-08.17:07:30::SCWMssOS::"Running Make include in ps7_cortexa9_1/libsrc/coresightps_dcc_v1_8/src"

TRACE::2025-06-08.17:07:30::SCWMssOS::make -C ps7_cortexa9_1/libsrc/coresightps_dcc_v1_8/src -s include  "SHELL=CMD" "COMPILER=arm-none-eabi-gcc" "ASSEMBLER=arm-none
TRACE::2025-06-08.17:07:30::SCWMssOS::-eabi-as" "ARCHIVER=arm-none-eabi-ar" "COMPILER_FLAGS=  -O2 -c" "EXTRA_COMPILER_FLAGS=-mcpu=cortex-a9 -mfpu=vfpv3 -mfloat-abi=h
TRACE::2025-06-08.17:07:30::SCWMssOS::ard -nostartfiles -g -Wall -Wextra"

TRACE::2025-06-08.17:07:30::SCWMssOS::"Running Make include in ps7_cortexa9_1/libsrc/cpu_cortexa9_v2_10/src"

TRACE::2025-06-08.17:07:30::SCWMssOS::make -C ps7_cortexa9_1/libsrc/cpu_cortexa9_v2_10/src -s include  "SHELL=CMD" "COMPILER=arm-none-eabi-gcc" "ASSEMBLER=arm-none-e
TRACE::2025-06-08.17:07:30::SCWMssOS::abi-as" "ARCHIVER=arm-none-eabi-ar" "COMPILER_FLAGS=  -O2 -c" "EXTRA_COMPILER_FLAGS=-mcpu=cortex-a9 -mfpu=vfpv3 -mfloat-abi=har
TRACE::2025-06-08.17:07:30::SCWMssOS::d -nostartfiles -g -Wall -Wextra"

TRACE::2025-06-08.17:07:30::SCWMssOS::"Running Make include in ps7_cortexa9_1/libsrc/ddrps_v1_2/src"

TRACE::2025-06-08.17:07:30::SCWMssOS::make -C ps7_cortexa9_1/libsrc/ddrps_v1_2/src -s include  "SHELL=CMD" "COMPILER=arm-none-eabi-gcc" "ASSEMBLER=arm-none-eabi-as" 
TRACE::2025-06-08.17:07:30::SCWMssOS::"ARCHIVER=arm-none-eabi-ar" "COMPILER_FLAGS=  -O2 -c" "EXTRA_COMPILER_FLAGS=-mcpu=cortex-a9 -mfpu=vfpv3 -mfloat-abi=hard -nosta
TRACE::2025-06-08.17:07:30::SCWMssOS::rtfiles -g -Wall -Wextra"

TRACE::2025-06-08.17:07:30::SCWMssOS::"Running Make include in ps7_cortexa9_1/libsrc/devcfg_v3_7/src"

TRACE::2025-06-08.17:07:30::SCWMssOS::make -C ps7_cortexa9_1/libsrc/devcfg_v3_7/src -s include  "SHELL=CMD" "COMPILER=arm-none-eabi-gcc" "ASSEMBLER=arm-none-eabi-as"
TRACE::2025-06-08.17:07:30::SCWMssOS:: "ARCHIVER=arm-none-eabi-ar" "COMPILER_FLAGS=  -O2 -c" "EXTRA_COMPILER_FLAGS=-mcpu=cortex-a9 -mfpu=vfpv3 -mfloat-abi=hard -nost
TRACE::2025-06-08.17:07:30::SCWMssOS::artfiles -g -Wall -Wextra"

TRACE::2025-06-08.17:07:30::SCWMssOS::"Running Make include in ps7_cortexa9_1/libsrc/dmaps_v2_7/src"

TRACE::2025-06-08.17:07:30::SCWMssOS::make -C ps7_cortexa9_1/libsrc/dmaps_v2_7/src -s include  "SHELL=CMD" "COMPILER=arm-none-eabi-gcc" "ASSEMBLER=arm-none-eabi-as" 
TRACE::2025-06-08.17:07:30::SCWMssOS::"ARCHIVER=arm-none-eabi-ar" "COMPILER_FLAGS=  -O2 -c" "EXTRA_COMPILER_FLAGS=-mcpu=cortex-a9 -mfpu=vfpv3 -mfloat-abi=hard -nosta
TRACE::2025-06-08.17:07:30::SCWMssOS::rtfiles -g -Wall -Wextra"

TRACE::2025-06-08.17:07:30::SCWMssOS::"Running Make include in ps7_cortexa9_1/libsrc/emacps_v3_12/src"

TRACE::2025-06-08.17:07:30::SCWMssOS::make -C ps7_cortexa9_1/libsrc/emacps_v3_12/src -s include  "SHELL=CMD" "COMPILER=arm-none-eabi-gcc" "ASSEMBLER=arm-none-eabi-as
TRACE::2025-06-08.17:07:30::SCWMssOS::" "ARCHIVER=arm-none-eabi-ar" "COMPILER_FLAGS=  -O2 -c" "EXTRA_COMPILER_FLAGS=-mcpu=cortex-a9 -mfpu=vfpv3 -mfloat-abi=hard -nos
TRACE::2025-06-08.17:07:30::SCWMssOS::tartfiles -g -Wall -Wextra"

TRACE::2025-06-08.17:07:30::SCWMssOS::"Running Make include in ps7_cortexa9_1/libsrc/gpiops_v3_8/src"

TRACE::2025-06-08.17:07:30::SCWMssOS::make -C ps7_cortexa9_1/libsrc/gpiops_v3_8/src -s include  "SHELL=CMD" "COMPILER=arm-none-eabi-gcc" "ASSEMBLER=arm-none-eabi-as"
TRACE::2025-06-08.17:07:30::SCWMssOS:: "ARCHIVER=arm-none-eabi-ar" "COMPILER_FLAGS=  -O2 -c" "EXTRA_COMPILER_FLAGS=-mcpu=cortex-a9 -mfpu=vfpv3 -mfloat-abi=hard -nost
TRACE::2025-06-08.17:07:30::SCWMssOS::artfiles -g -Wall -Wextra"

TRACE::2025-06-08.17:07:30::SCWMssOS::"Running Make include in ps7_cortexa9_1/libsrc/gpio_v4_7/src"

TRACE::2025-06-08.17:07:30::SCWMssOS::make -C ps7_cortexa9_1/libsrc/gpio_v4_7/src -s include  "SHELL=CMD" "COMPILER=arm-none-eabi-gcc" "ASSEMBLER=arm-none-eabi-as" "
TRACE::2025-06-08.17:07:30::SCWMssOS::ARCHIVER=arm-none-eabi-ar" "COMPILER_FLAGS=  -O2 -c" "EXTRA_COMPILER_FLAGS=-mcpu=cortex-a9 -mfpu=vfpv3 -mfloat-abi=hard -nostar
TRACE::2025-06-08.17:07:30::SCWMssOS::tfiles -g -Wall -Wextra"

TRACE::2025-06-08.17:07:31::SCWMssOS::"Running Make include in ps7_cortexa9_1/libsrc/iicps_v3_12/src"

TRACE::2025-06-08.17:07:31::SCWMssOS::make -C ps7_cortexa9_1/libsrc/iicps_v3_12/src -s include  "SHELL=CMD" "COMPILER=arm-none-eabi-gcc" "ASSEMBLER=arm-none-eabi-as"
TRACE::2025-06-08.17:07:31::SCWMssOS:: "ARCHIVER=arm-none-eabi-ar" "COMPILER_FLAGS=  -O2 -c" "EXTRA_COMPILER_FLAGS=-mcpu=cortex-a9 -mfpu=vfpv3 -mfloat-abi=hard -nost
TRACE::2025-06-08.17:07:31::SCWMssOS::artfiles -g -Wall -Wextra"

TRACE::2025-06-08.17:07:31::SCWMssOS::"Running Make include in ps7_cortexa9_1/libsrc/iic_v3_7/src"

TRACE::2025-06-08.17:07:31::SCWMssOS::make -C ps7_cortexa9_1/libsrc/iic_v3_7/src -s include  "SHELL=CMD" "COMPILER=arm-none-eabi-gcc" "ASSEMBLER=arm-none-eabi-as" "A
TRACE::2025-06-08.17:07:31::SCWMssOS::RCHIVER=arm-none-eabi-ar" "COMPILER_FLAGS=  -O2 -c" "EXTRA_COMPILER_FLAGS=-mcpu=cortex-a9 -mfpu=vfpv3 -mfloat-abi=hard -nostart
TRACE::2025-06-08.17:07:31::SCWMssOS::files -g -Wall -Wextra"

TRACE::2025-06-08.17:07:31::SCWMssOS::"Running Make include in ps7_cortexa9_1/libsrc/PWM_v1_0/src"

TRACE::2025-06-08.17:07:31::SCWMssOS::make -C ps7_cortexa9_1/libsrc/PWM_v1_0/src -s include  "SHELL=CMD" "COMPILER=arm-none-eabi-gcc" "ASSEMBLER=arm-none-eabi-as" "A
TRACE::2025-06-08.17:07:31::SCWMssOS::RCHIVER=arm-none-eabi-ar" "COMPILER_FLAGS=  -O2 -c" "EXTRA_COMPILER_FLAGS=-mcpu=cortex-a9 -mfpu=vfpv3 -mfloat-abi=hard -nostart
TRACE::2025-06-08.17:07:31::SCWMssOS::files -g -Wall -Wextra"

TRACE::2025-06-08.17:07:31::SCWMssOS::"Running Make include in ps7_cortexa9_1/libsrc/qspips_v3_8/src"

TRACE::2025-06-08.17:07:31::SCWMssOS::make -C ps7_cortexa9_1/libsrc/qspips_v3_8/src -s include  "SHELL=CMD" "COMPILER=arm-none-eabi-gcc" "ASSEMBLER=arm-none-eabi-as"
TRACE::2025-06-08.17:07:31::SCWMssOS:: "ARCHIVER=arm-none-eabi-ar" "COMPILER_FLAGS=  -O2 -c" "EXTRA_COMPILER_FLAGS=-mcpu=cortex-a9 -mfpu=vfpv3 -mfloat-abi=hard -nost
TRACE::2025-06-08.17:07:31::SCWMssOS::artfiles -g -Wall -Wextra"

TRACE::2025-06-08.17:07:31::SCWMssOS::"Running Make include in ps7_cortexa9_1/libsrc/scugic_v4_3/src"

TRACE::2025-06-08.17:07:31::SCWMssOS::make -C ps7_cortexa9_1/libsrc/scugic_v4_3/src -s include  "SHELL=CMD" "COMPILER=arm-none-eabi-gcc" "ASSEMBLER=arm-none-eabi-as"
TRACE::2025-06-08.17:07:31::SCWMssOS:: "ARCHIVER=arm-none-eabi-ar" "COMPILER_FLAGS=  -O2 -c" "EXTRA_COMPILER_FLAGS=-mcpu=cortex-a9 -mfpu=vfpv3 -mfloat-abi=hard -nost
TRACE::2025-06-08.17:07:31::SCWMssOS::artfiles -g -Wall -Wextra"

TRACE::2025-06-08.17:07:31::SCWMssOS::"Running Make include in ps7_cortexa9_1/libsrc/scutimer_v2_3/src"

TRACE::2025-06-08.17:07:31::SCWMssOS::make -C ps7_cortexa9_1/libsrc/scutimer_v2_3/src -s include  "SHELL=CMD" "COMPILER=arm-none-eabi-gcc" "ASSEMBLER=arm-none-eabi-a
TRACE::2025-06-08.17:07:31::SCWMssOS::s" "ARCHIVER=arm-none-eabi-ar" "COMPILER_FLAGS=  -O2 -c" "EXTRA_COMPILER_FLAGS=-mcpu=cortex-a9 -mfpu=vfpv3 -mfloat-abi=hard -no
TRACE::2025-06-08.17:07:31::SCWMssOS::startfiles -g -Wall -Wextra"

TRACE::2025-06-08.17:07:31::SCWMssOS::"Running Make include in ps7_cortexa9_1/libsrc/scuwdt_v2_3/src"

TRACE::2025-06-08.17:07:31::SCWMssOS::make -C ps7_cortexa9_1/libsrc/scuwdt_v2_3/src -s include  "SHELL=CMD" "COMPILER=arm-none-eabi-gcc" "ASSEMBLER=arm-none-eabi-as"
TRACE::2025-06-08.17:07:31::SCWMssOS:: "ARCHIVER=arm-none-eabi-ar" "COMPILER_FLAGS=  -O2 -c" "EXTRA_COMPILER_FLAGS=-mcpu=cortex-a9 -mfpu=vfpv3 -mfloat-abi=hard -nost
TRACE::2025-06-08.17:07:31::SCWMssOS::artfiles -g -Wall -Wextra"

TRACE::2025-06-08.17:07:31::SCWMssOS::"Running Make include in ps7_cortexa9_1/libsrc/sdps_v3_10/src"

TRACE::2025-06-08.17:07:31::SCWMssOS::make -C ps7_cortexa9_1/libsrc/sdps_v3_10/src -s include  "SHELL=CMD" "COMPILER=arm-none-eabi-gcc" "ASSEMBLER=arm-none-eabi-as" 
TRACE::2025-06-08.17:07:31::SCWMssOS::"ARCHIVER=arm-none-eabi-ar" "COMPILER_FLAGS=  -O2 -c" "EXTRA_COMPILER_FLAGS=-mcpu=cortex-a9 -mfpu=vfpv3 -mfloat-abi=hard -nosta
TRACE::2025-06-08.17:07:31::SCWMssOS::rtfiles -g -Wall -Wextra"

TRACE::2025-06-08.17:07:31::SCWMssOS::"Running Make include in ps7_cortexa9_1/libsrc/standalone_v7_3/src"

TRACE::2025-06-08.17:07:31::SCWMssOS::make -C ps7_cortexa9_1/libsrc/standalone_v7_3/src -s include  "SHELL=CMD" "COMPILER=arm-none-eabi-gcc" "ASSEMBLER=arm-none-eabi
TRACE::2025-06-08.17:07:31::SCWMssOS::-as" "ARCHIVER=arm-none-eabi-ar" "COMPILER_FLAGS=  -O2 -c" "EXTRA_COMPILER_FLAGS=-mcpu=cortex-a9 -mfpu=vfpv3 -mfloat-abi=hard -
TRACE::2025-06-08.17:07:31::SCWMssOS::nostartfiles -g -Wall -Wextra"

TRACE::2025-06-08.17:07:32::SCWMssOS::"Running Make include in ps7_cortexa9_1/libsrc/ttcps_v3_12/src"

TRACE::2025-06-08.17:07:32::SCWMssOS::make -C ps7_cortexa9_1/libsrc/ttcps_v3_12/src -s include  "SHELL=CMD" "COMPILER=arm-none-eabi-gcc" "ASSEMBLER=arm-none-eabi-as"
TRACE::2025-06-08.17:07:32::SCWMssOS:: "ARCHIVER=arm-none-eabi-ar" "COMPILER_FLAGS=  -O2 -c" "EXTRA_COMPILER_FLAGS=-mcpu=cortex-a9 -mfpu=vfpv3 -mfloat-abi=hard -nost
TRACE::2025-06-08.17:07:32::SCWMssOS::artfiles -g -Wall -Wextra"

TRACE::2025-06-08.17:07:32::SCWMssOS::"Running Make include in ps7_cortexa9_1/libsrc/uartlite_v3_5/src"

TRACE::2025-06-08.17:07:32::SCWMssOS::make -C ps7_cortexa9_1/libsrc/uartlite_v3_5/src -s include  "SHELL=CMD" "COMPILER=arm-none-eabi-gcc" "ASSEMBLER=arm-none-eabi-a
TRACE::2025-06-08.17:07:32::SCWMssOS::s" "ARCHIVER=arm-none-eabi-ar" "COMPILER_FLAGS=  -O2 -c" "EXTRA_COMPILER_FLAGS=-mcpu=cortex-a9 -mfpu=vfpv3 -mfloat-abi=hard -no
TRACE::2025-06-08.17:07:32::SCWMssOS::startfiles -g -Wall -Wextra"

TRACE::2025-06-08.17:07:33::SCWMssOS::"Running Make include in ps7_cortexa9_1/libsrc/uartps_v3_10/src"

TRACE::2025-06-08.17:07:33::SCWMssOS::make -C ps7_cortexa9_1/libsrc/uartps_v3_10/src -s include  "SHELL=CMD" "COMPILER=arm-none-eabi-gcc" "ASSEMBLER=arm-none-eabi-as
TRACE::2025-06-08.17:07:33::SCWMssOS::" "ARCHIVER=arm-none-eabi-ar" "COMPILER_FLAGS=  -O2 -c" "EXTRA_COMPILER_FLAGS=-mcpu=cortex-a9 -mfpu=vfpv3 -mfloat-abi=hard -nos
TRACE::2025-06-08.17:07:33::SCWMssOS::tartfiles -g -Wall -Wextra"

TRACE::2025-06-08.17:07:33::SCWMssOS::"Running Make include in ps7_cortexa9_1/libsrc/usbps_v2_6/src"

TRACE::2025-06-08.17:07:33::SCWMssOS::make -C ps7_cortexa9_1/libsrc/usbps_v2_6/src -s include  "SHELL=CMD" "COMPILER=arm-none-eabi-gcc" "ASSEMBLER=arm-none-eabi-as" 
TRACE::2025-06-08.17:07:33::SCWMssOS::"ARCHIVER=arm-none-eabi-ar" "COMPILER_FLAGS=  -O2 -c" "EXTRA_COMPILER_FLAGS=-mcpu=cortex-a9 -mfpu=vfpv3 -mfloat-abi=hard -nosta
TRACE::2025-06-08.17:07:33::SCWMssOS::rtfiles -g -Wall -Wextra"

TRACE::2025-06-08.17:07:33::SCWMssOS::"Running Make include in ps7_cortexa9_1/libsrc/vtc_v8_3/src"

TRACE::2025-06-08.17:07:33::SCWMssOS::make -C ps7_cortexa9_1/libsrc/vtc_v8_3/src -s include  "SHELL=CMD" "COMPILER=arm-none-eabi-gcc" "ASSEMBLER=arm-none-eabi-as" "A
TRACE::2025-06-08.17:07:33::SCWMssOS::RCHIVER=arm-none-eabi-ar" "COMPILER_FLAGS=  -O2 -c" "EXTRA_COMPILER_FLAGS=-mcpu=cortex-a9 -mfpu=vfpv3 -mfloat-abi=hard -nostart
TRACE::2025-06-08.17:07:33::SCWMssOS::files -g -Wall -Wextra"

TRACE::2025-06-08.17:07:33::SCWMssOS::"Running Make include in ps7_cortexa9_1/libsrc/xadcps_v2_5/src"

TRACE::2025-06-08.17:07:33::SCWMssOS::make -C ps7_cortexa9_1/libsrc/xadcps_v2_5/src -s include  "SHELL=CMD" "COMPILER=arm-none-eabi-gcc" "ASSEMBLER=arm-none-eabi-as"
TRACE::2025-06-08.17:07:33::SCWMssOS:: "ARCHIVER=arm-none-eabi-ar" "COMPILER_FLAGS=  -O2 -c" "EXTRA_COMPILER_FLAGS=-mcpu=cortex-a9 -mfpu=vfpv3 -mfloat-abi=hard -nost
TRACE::2025-06-08.17:07:33::SCWMssOS::artfiles -g -Wall -Wextra"

TRACE::2025-06-08.17:07:33::SCWMssOS::"Running Make libs in ps7_cortexa9_1/libsrc/coder_v1_0/src"

TRACE::2025-06-08.17:07:33::SCWMssOS::make -C ps7_cortexa9_1/libsrc/coder_v1_0/src -s libs  "SHELL=CMD" "COMPILER=arm-none-eabi-gcc" "ASSEMBLER=arm-none-eabi-as" "AR
TRACE::2025-06-08.17:07:33::SCWMssOS::CHIVER=arm-none-eabi-ar" "COMPILER_FLAGS=  -O2 -c" "EXTRA_COMPILER_FLAGS=-mcpu=cortex-a9 -mfpu=vfpv3 -mfloat-abi=hard -nostartf
TRACE::2025-06-08.17:07:33::SCWMssOS::iles -g -Wall -Wextra"

TRACE::2025-06-08.17:07:33::SCWMssOS::"Compiling coder..."

TRACE::2025-06-08.17:07:33::SCWMssOS::"Running Make libs in ps7_cortexa9_1/libsrc/PWM_v1_0/src"

TRACE::2025-06-08.17:07:33::SCWMssOS::make -C ps7_cortexa9_1/libsrc/PWM_v1_0/src -s libs  "SHELL=CMD" "COMPILER=arm-none-eabi-gcc" "ASSEMBLER=arm-none-eabi-as" "ARCH
TRACE::2025-06-08.17:07:33::SCWMssOS::IVER=arm-none-eabi-ar" "COMPILER_FLAGS=  -O2 -c" "EXTRA_COMPILER_FLAGS=-mcpu=cortex-a9 -mfpu=vfpv3 -mfloat-abi=hard -nostartfil
TRACE::2025-06-08.17:07:33::SCWMssOS::es -g -Wall -Wextra"

TRACE::2025-06-08.17:07:33::SCWMssOS::"Compiling PWM..."

TRACE::2025-06-08.17:07:34::SCWMssOS::'Finished building libraries sequentially.'

TRACE::2025-06-08.17:07:34::SCWMssOS::make -j --no-print-directory par_libs

TRACE::2025-06-08.17:07:34::SCWMssOS::"Running Make include in ps7_cortexa9_1/libsrc/axidma_v9_12/src"

TRACE::2025-06-08.17:07:34::SCWMssOS::make -C ps7_cortexa9_1/libsrc/axidma_v9_12/src -s include  "SHELL=CMD" "COMPILER=arm-none-eabi-gcc" "ASSEMBLER=arm-none-eabi-as
TRACE::2025-06-08.17:07:34::SCWMssOS::" "ARCHIVER=arm-none-eabi-ar" "COMPILER_FLAGS=  -O2 -c" "EXTRA_COMPILER_FLAGS=-mcpu=cortex-a9 -mfpu=vfpv3 -mfloat-abi=hard -nos
TRACE::2025-06-08.17:07:34::SCWMssOS::tartfiles -g -Wall -Wextra"

TRACE::2025-06-08.17:07:34::SCWMssOS::"Running Make include in ps7_cortexa9_1/libsrc/axivdma_v6_8/src"

TRACE::2025-06-08.17:07:34::SCWMssOS::make -C ps7_cortexa9_1/libsrc/axivdma_v6_8/src -s include  "SHELL=CMD" "COMPILER=arm-none-eabi-gcc" "ASSEMBLER=arm-none-eabi-as
TRACE::2025-06-08.17:07:34::SCWMssOS::" "ARCHIVER=arm-none-eabi-ar" "COMPILER_FLAGS=  -O2 -c" "EXTRA_COMPILER_FLAGS=-mcpu=cortex-a9 -mfpu=vfpv3 -mfloat-abi=hard -nos
TRACE::2025-06-08.17:07:34::SCWMssOS::tartfiles -g -Wall -Wextra"

TRACE::2025-06-08.17:07:34::SCWMssOS::"Running Make include in ps7_cortexa9_1/libsrc/bram_v4_5/src"

TRACE::2025-06-08.17:07:34::SCWMssOS::make -C ps7_cortexa9_1/libsrc/bram_v4_5/src -s include  "SHELL=CMD" "COMPILER=arm-none-eabi-gcc" "ASSEMBLER=arm-none-eabi-as" "
TRACE::2025-06-08.17:07:34::SCWMssOS::ARCHIVER=arm-none-eabi-ar" "COMPILER_FLAGS=  -O2 -c" "EXTRA_COMPILER_FLAGS=-mcpu=cortex-a9 -mfpu=vfpv3 -mfloat-abi=hard -nostar
TRACE::2025-06-08.17:07:34::SCWMssOS::tfiles -g -Wall -Wextra"

TRACE::2025-06-08.17:07:34::SCWMssOS::"Running Make include in ps7_cortexa9_1/libsrc/clk_wiz_v1_4/src"

TRACE::2025-06-08.17:07:34::SCWMssOS::make -C ps7_cortexa9_1/libsrc/clk_wiz_v1_4/src -s include  "SHELL=CMD" "COMPILER=arm-none-eabi-gcc" "ASSEMBLER=arm-none-eabi-as
TRACE::2025-06-08.17:07:34::SCWMssOS::" "ARCHIVER=arm-none-eabi-ar" "COMPILER_FLAGS=  -O2 -c" "EXTRA_COMPILER_FLAGS=-mcpu=cortex-a9 -mfpu=vfpv3 -mfloat-abi=hard -nos
TRACE::2025-06-08.17:07:34::SCWMssOS::tartfiles -g -Wall -Wextra"

TRACE::2025-06-08.17:07:34::SCWMssOS::"Running Make include in ps7_cortexa9_1/libsrc/coder_v1_0/src"

TRACE::2025-06-08.17:07:34::SCWMssOS::make -C ps7_cortexa9_1/libsrc/coder_v1_0/src -s include  "SHELL=CMD" "COMPILER=arm-none-eabi-gcc" "ASSEMBLER=arm-none-eabi-as" 
TRACE::2025-06-08.17:07:34::SCWMssOS::"ARCHIVER=arm-none-eabi-ar" "COMPILER_FLAGS=  -O2 -c" "EXTRA_COMPILER_FLAGS=-mcpu=cortex-a9 -mfpu=vfpv3 -mfloat-abi=hard -nosta
TRACE::2025-06-08.17:07:34::SCWMssOS::rtfiles -g -Wall -Wextra"

TRACE::2025-06-08.17:07:34::SCWMssOS::"Running Make include in ps7_cortexa9_1/libsrc/coresightps_dcc_v1_8/src"

TRACE::2025-06-08.17:07:34::SCWMssOS::make -C ps7_cortexa9_1/libsrc/coresightps_dcc_v1_8/src -s include  "SHELL=CMD" "COMPILER=arm-none-eabi-gcc" "ASSEMBLER=arm-none
TRACE::2025-06-08.17:07:34::SCWMssOS::-eabi-as" "ARCHIVER=arm-none-eabi-ar" "COMPILER_FLAGS=  -O2 -c" "EXTRA_COMPILER_FLAGS=-mcpu=cortex-a9 -mfpu=vfpv3 -mfloat-abi=h
TRACE::2025-06-08.17:07:34::SCWMssOS::ard -nostartfiles -g -Wall -Wextra"

TRACE::2025-06-08.17:07:34::SCWMssOS::"Running Make include in ps7_cortexa9_1/libsrc/cpu_cortexa9_v2_10/src"

TRACE::2025-06-08.17:07:34::SCWMssOS::make -C ps7_cortexa9_1/libsrc/cpu_cortexa9_v2_10/src -s include  "SHELL=CMD" "COMPILER=arm-none-eabi-gcc" "ASSEMBLER=arm-none-e
TRACE::2025-06-08.17:07:34::SCWMssOS::abi-as" "ARCHIVER=arm-none-eabi-ar" "COMPILER_FLAGS=  -O2 -c" "EXTRA_COMPILER_FLAGS=-mcpu=cortex-a9 -mfpu=vfpv3 -mfloat-abi=har
TRACE::2025-06-08.17:07:34::SCWMssOS::d -nostartfiles -g -Wall -Wextra"

TRACE::2025-06-08.17:07:34::SCWMssOS::"Running Make include in ps7_cortexa9_1/libsrc/ddrps_v1_2/src"

TRACE::2025-06-08.17:07:34::SCWMssOS::make -C ps7_cortexa9_1/libsrc/ddrps_v1_2/src -s include  "SHELL=CMD" "COMPILER=arm-none-eabi-gcc" "ASSEMBLER=arm-none-eabi-as" 
TRACE::2025-06-08.17:07:34::SCWMssOS::"ARCHIVER=arm-none-eabi-ar" "COMPILER_FLAGS=  -O2 -c" "EXTRA_COMPILER_FLAGS=-mcpu=cortex-a9 -mfpu=vfpv3 -mfloat-abi=hard -nosta
TRACE::2025-06-08.17:07:34::SCWMssOS::rtfiles -g -Wall -Wextra"

TRACE::2025-06-08.17:07:34::SCWMssOS::"Running Make include in ps7_cortexa9_1/libsrc/devcfg_v3_7/src"

TRACE::2025-06-08.17:07:34::SCWMssOS::make -C ps7_cortexa9_1/libsrc/devcfg_v3_7/src -s include  "SHELL=CMD" "COMPILER=arm-none-eabi-gcc" "ASSEMBLER=arm-none-eabi-as"
TRACE::2025-06-08.17:07:34::SCWMssOS:: "ARCHIVER=arm-none-eabi-ar" "COMPILER_FLAGS=  -O2 -c" "EXTRA_COMPILER_FLAGS=-mcpu=cortex-a9 -mfpu=vfpv3 -mfloat-abi=hard -nost
TRACE::2025-06-08.17:07:34::SCWMssOS::artfiles -g -Wall -Wextra"

TRACE::2025-06-08.17:07:34::SCWMssOS::"Running Make include in ps7_cortexa9_1/libsrc/dmaps_v2_7/src"

TRACE::2025-06-08.17:07:34::SCWMssOS::make -C ps7_cortexa9_1/libsrc/dmaps_v2_7/src -s include  "SHELL=CMD" "COMPILER=arm-none-eabi-gcc" "ASSEMBLER=arm-none-eabi-as" 
TRACE::2025-06-08.17:07:34::SCWMssOS::"ARCHIVER=arm-none-eabi-ar" "COMPILER_FLAGS=  -O2 -c" "EXTRA_COMPILER_FLAGS=-mcpu=cortex-a9 -mfpu=vfpv3 -mfloat-abi=hard -nosta
TRACE::2025-06-08.17:07:34::SCWMssOS::rtfiles -g -Wall -Wextra"

TRACE::2025-06-08.17:07:34::SCWMssOS::"Running Make include in ps7_cortexa9_1/libsrc/emacps_v3_12/src"

TRACE::2025-06-08.17:07:34::SCWMssOS::make -C ps7_cortexa9_1/libsrc/emacps_v3_12/src -s include  "SHELL=CMD" "COMPILER=arm-none-eabi-gcc" "ASSEMBLER=arm-none-eabi-as
TRACE::2025-06-08.17:07:34::SCWMssOS::" "ARCHIVER=arm-none-eabi-ar" "COMPILER_FLAGS=  -O2 -c" "EXTRA_COMPILER_FLAGS=-mcpu=cortex-a9 -mfpu=vfpv3 -mfloat-abi=hard -nos
TRACE::2025-06-08.17:07:34::SCWMssOS::tartfiles -g -Wall -Wextra"

TRACE::2025-06-08.17:07:34::SCWMssOS::"Running Make include in ps7_cortexa9_1/libsrc/gpiops_v3_8/src"

TRACE::2025-06-08.17:07:34::SCWMssOS::make -C ps7_cortexa9_1/libsrc/gpiops_v3_8/src -s include  "SHELL=CMD" "COMPILER=arm-none-eabi-gcc" "ASSEMBLER=arm-none-eabi-as"
TRACE::2025-06-08.17:07:34::SCWMssOS:: "ARCHIVER=arm-none-eabi-ar" "COMPILER_FLAGS=  -O2 -c" "EXTRA_COMPILER_FLAGS=-mcpu=cortex-a9 -mfpu=vfpv3 -mfloat-abi=hard -nost
TRACE::2025-06-08.17:07:34::SCWMssOS::artfiles -g -Wall -Wextra"

TRACE::2025-06-08.17:07:34::SCWMssOS::"Running Make include in ps7_cortexa9_1/libsrc/gpio_v4_7/src"

TRACE::2025-06-08.17:07:34::SCWMssOS::make -C ps7_cortexa9_1/libsrc/gpio_v4_7/src -s include  "SHELL=CMD" "COMPILER=arm-none-eabi-gcc" "ASSEMBLER=arm-none-eabi-as" "
TRACE::2025-06-08.17:07:34::SCWMssOS::ARCHIVER=arm-none-eabi-ar" "COMPILER_FLAGS=  -O2 -c" "EXTRA_COMPILER_FLAGS=-mcpu=cortex-a9 -mfpu=vfpv3 -mfloat-abi=hard -nostar
TRACE::2025-06-08.17:07:34::SCWMssOS::tfiles -g -Wall -Wextra"

TRACE::2025-06-08.17:07:34::SCWMssOS::"Running Make include in ps7_cortexa9_1/libsrc/iicps_v3_12/src"

TRACE::2025-06-08.17:07:34::SCWMssOS::make -C ps7_cortexa9_1/libsrc/iicps_v3_12/src -s include  "SHELL=CMD" "COMPILER=arm-none-eabi-gcc" "ASSEMBLER=arm-none-eabi-as"
TRACE::2025-06-08.17:07:34::SCWMssOS:: "ARCHIVER=arm-none-eabi-ar" "COMPILER_FLAGS=  -O2 -c" "EXTRA_COMPILER_FLAGS=-mcpu=cortex-a9 -mfpu=vfpv3 -mfloat-abi=hard -nost
TRACE::2025-06-08.17:07:34::SCWMssOS::artfiles -g -Wall -Wextra"

TRACE::2025-06-08.17:07:34::SCWMssOS::"Running Make include in ps7_cortexa9_1/libsrc/iic_v3_7/src"

TRACE::2025-06-08.17:07:34::SCWMssOS::make -C ps7_cortexa9_1/libsrc/iic_v3_7/src -s include  "SHELL=CMD" "COMPILER=arm-none-eabi-gcc" "ASSEMBLER=arm-none-eabi-as" "A
TRACE::2025-06-08.17:07:34::SCWMssOS::RCHIVER=arm-none-eabi-ar" "COMPILER_FLAGS=  -O2 -c" "EXTRA_COMPILER_FLAGS=-mcpu=cortex-a9 -mfpu=vfpv3 -mfloat-abi=hard -nostart
TRACE::2025-06-08.17:07:34::SCWMssOS::files -g -Wall -Wextra"

TRACE::2025-06-08.17:07:34::SCWMssOS::"Running Make include in ps7_cortexa9_1/libsrc/PWM_v1_0/src"

TRACE::2025-06-08.17:07:34::SCWMssOS::"Running Make include in ps7_cortexa9_1/libsrc/qspips_v3_8/src"

TRACE::2025-06-08.17:07:34::SCWMssOS::make -C ps7_cortexa9_1/libsrc/PWM_v1_0/src -s include  "SHELL=CMD" "COMPILER=arm-none-eabi-gcc" "ASSEMBLER=arm-none-eabi-as" "A
TRACE::2025-06-08.17:07:34::SCWMssOS::RCHIVER=arm-none-eabi-ar" "COMPILER_FLAGS=  -O2 -c" "EXTRA_COMPILER_FLAGS=-mcpu=cortex-a9 -mfpu=vfpv3 -mfloat-abi=hard -nostart
TRACE::2025-06-08.17:07:34::SCWMssOS::files -g -Wall -Wextra"

TRACE::2025-06-08.17:07:34::SCWMssOS::make -C ps7_cortexa9_1/libsrc/qspips_v3_8/src -s include  "SHELL=CMD" "COMPILER=arm-none-eabi-gcc" "ASSEMBLER=arm-none-eabi-as"
TRACE::2025-06-08.17:07:34::SCWMssOS:: "ARCHIVER=arm-none-eabi-ar" "COMPILER_FLAGS=  -O2 -c" "EXTRA_COMPILER_FLAGS=-mcpu=cortex-a9 -mfpu=vfpv3 -mfloat-abi=hard -nost
TRACE::2025-06-08.17:07:34::SCWMssOS::artfiles -g -Wall -Wextra"

TRACE::2025-06-08.17:07:34::SCWMssOS::"Running Make include in ps7_cortexa9_1/libsrc/scugic_v4_3/src"

TRACE::2025-06-08.17:07:34::SCWMssOS::make -C ps7_cortexa9_1/libsrc/scugic_v4_3/src -s include  "SHELL=CMD" "COMPILER=arm-none-eabi-gcc" "ASSEMBLER=arm-none-eabi-as"
TRACE::2025-06-08.17:07:34::SCWMssOS:: "ARCHIVER=arm-none-eabi-ar" "COMPILER_FLAGS=  -O2 -c" "EXTRA_COMPILER_FLAGS=-mcpu=cortex-a9 -mfpu=vfpv3 -mfloat-abi=hard -nost
TRACE::2025-06-08.17:07:34::SCWMssOS::artfiles -g -Wall -Wextra"

TRACE::2025-06-08.17:07:34::SCWMssOS::"Running Make include in ps7_cortexa9_1/libsrc/scutimer_v2_3/src"

TRACE::2025-06-08.17:07:34::SCWMssOS::make -C ps7_cortexa9_1/libsrc/scutimer_v2_3/src -s include  "SHELL=CMD" "COMPILER=arm-none-eabi-gcc" "ASSEMBLER=arm-none-eabi-a
TRACE::2025-06-08.17:07:34::SCWMssOS::s" "ARCHIVER=arm-none-eabi-ar" "COMPILER_FLAGS=  -O2 -c" "EXTRA_COMPILER_FLAGS=-mcpu=cortex-a9 -mfpu=vfpv3 -mfloat-abi=hard -no
TRACE::2025-06-08.17:07:34::SCWMssOS::startfiles -g -Wall -Wextra"

TRACE::2025-06-08.17:07:34::SCWMssOS::"Running Make include in ps7_cortexa9_1/libsrc/scuwdt_v2_3/src"

TRACE::2025-06-08.17:07:34::SCWMssOS::"Running Make include in ps7_cortexa9_1/libsrc/sdps_v3_10/src"

TRACE::2025-06-08.17:07:34::SCWMssOS::make -C ps7_cortexa9_1/libsrc/scuwdt_v2_3/src -s include  "SHELL=CMD" "COMPILER=arm-none-eabi-gcc" "ASSEMBLER=arm-none-eabi-as"
TRACE::2025-06-08.17:07:34::SCWMssOS:: "ARCHIVER=arm-none-eabi-ar" "COMPILER_FLAGS=  -O2 -c" "EXTRA_COMPILER_FLAGS=-mcpu=cortex-a9 -mfpu=vfpv3 -mfloat-abi=hard -nost
TRACE::2025-06-08.17:07:34::SCWMssOS::artfiles -g -Wall -Wextra"

TRACE::2025-06-08.17:07:34::SCWMssOS::make -C ps7_cortexa9_1/libsrc/sdps_v3_10/src -s include  "SHELL=CMD" "COMPILER=arm-none-eabi-gcc" "ASSEMBLER=arm-none-eabi-as" 
TRACE::2025-06-08.17:07:34::SCWMssOS::"ARCHIVER=arm-none-eabi-ar" "COMPILER_FLAGS=  -O2 -c" "EXTRA_COMPILER_FLAGS=-mcpu=cortex-a9 -mfpu=vfpv3 -mfloat-abi=hard -nosta
TRACE::2025-06-08.17:07:34::SCWMssOS::rtfiles -g -Wall -Wextra"

TRACE::2025-06-08.17:07:34::SCWMssOS::"Running Make include in ps7_cortexa9_1/libsrc/standalone_v7_3/src"

TRACE::2025-06-08.17:07:34::SCWMssOS::make -C ps7_cortexa9_1/libsrc/standalone_v7_3/src -s include  "SHELL=CMD" "COMPILER=arm-none-eabi-gcc" "ASSEMBLER=arm-none-eabi
TRACE::2025-06-08.17:07:34::SCWMssOS::-as" "ARCHIVER=arm-none-eabi-ar" "COMPILER_FLAGS=  -O2 -c" "EXTRA_COMPILER_FLAGS=-mcpu=cortex-a9 -mfpu=vfpv3 -mfloat-abi=hard -
TRACE::2025-06-08.17:07:34::SCWMssOS::nostartfiles -g -Wall -Wextra"

TRACE::2025-06-08.17:07:34::SCWMssOS::"Running Make include in ps7_cortexa9_1/libsrc/ttcps_v3_12/src"

TRACE::2025-06-08.17:07:34::SCWMssOS::"Running Make include in ps7_cortexa9_1/libsrc/uartlite_v3_5/src"

TRACE::2025-06-08.17:07:34::SCWMssOS::make -C ps7_cortexa9_1/libsrc/ttcps_v3_12/src -s include  "SHELL=CMD" "COMPILER=arm-none-eabi-gcc" "ASSEMBLER=arm-none-eabi-as"
TRACE::2025-06-08.17:07:34::SCWMssOS:: "ARCHIVER=arm-none-eabi-ar" "COMPILER_FLAGS=  -O2 -c" "EXTRA_COMPILER_FLAGS=-mcpu=cortex-a9 -mfpu=vfpv3 -mfloat-abi=hard -nost
TRACE::2025-06-08.17:07:34::SCWMssOS::artfiles -g -Wall -Wextra"

TRACE::2025-06-08.17:07:34::SCWMssOS::make -C ps7_cortexa9_1/libsrc/uartlite_v3_5/src -s include  "SHELL=CMD" "COMPILER=arm-none-eabi-gcc" "ASSEMBLER=arm-none-eabi-a
TRACE::2025-06-08.17:07:34::SCWMssOS::s" "ARCHIVER=arm-none-eabi-ar" "COMPILER_FLAGS=  -O2 -c" "EXTRA_COMPILER_FLAGS=-mcpu=cortex-a9 -mfpu=vfpv3 -mfloat-abi=hard -no
TRACE::2025-06-08.17:07:34::SCWMssOS::startfiles -g -Wall -Wextra"

TRACE::2025-06-08.17:07:34::SCWMssOS::"Running Make include in ps7_cortexa9_1/libsrc/uartps_v3_10/src"

TRACE::2025-06-08.17:07:34::SCWMssOS::make -C ps7_cortexa9_1/libsrc/uartps_v3_10/src -s include  "SHELL=CMD" "COMPILER=arm-none-eabi-gcc" "ASSEMBLER=arm-none-eabi-as
TRACE::2025-06-08.17:07:34::SCWMssOS::" "ARCHIVER=arm-none-eabi-ar" "COMPILER_FLAGS=  -O2 -c" "EXTRA_COMPILER_FLAGS=-mcpu=cortex-a9 -mfpu=vfpv3 -mfloat-abi=hard -nos
TRACE::2025-06-08.17:07:34::SCWMssOS::tartfiles -g -Wall -Wextra"

TRACE::2025-06-08.17:07:34::SCWMssOS::"Running Make include in ps7_cortexa9_1/libsrc/usbps_v2_6/src"

TRACE::2025-06-08.17:07:34::SCWMssOS::make -C ps7_cortexa9_1/libsrc/usbps_v2_6/src -s include  "SHELL=CMD" "COMPILER=arm-none-eabi-gcc" "ASSEMBLER=arm-none-eabi-as" 
TRACE::2025-06-08.17:07:34::SCWMssOS::"ARCHIVER=arm-none-eabi-ar" "COMPILER_FLAGS=  -O2 -c" "EXTRA_COMPILER_FLAGS=-mcpu=cortex-a9 -mfpu=vfpv3 -mfloat-abi=hard -nosta
TRACE::2025-06-08.17:07:34::SCWMssOS::rtfiles -g -Wall -Wextra"

TRACE::2025-06-08.17:07:34::SCWMssOS::"Running Make include in ps7_cortexa9_1/libsrc/vtc_v8_3/src"

TRACE::2025-06-08.17:07:34::SCWMssOS::make -C ps7_cortexa9_1/libsrc/vtc_v8_3/src -s include  "SHELL=CMD" "COMPILER=arm-none-eabi-gcc" "ASSEMBLER=arm-none-eabi-as" "A
TRACE::2025-06-08.17:07:34::SCWMssOS::RCHIVER=arm-none-eabi-ar" "COMPILER_FLAGS=  -O2 -c" "EXTRA_COMPILER_FLAGS=-mcpu=cortex-a9 -mfpu=vfpv3 -mfloat-abi=hard -nostart
TRACE::2025-06-08.17:07:34::SCWMssOS::files -g -Wall -Wextra"

TRACE::2025-06-08.17:07:34::SCWMssOS::"Running Make include in ps7_cortexa9_1/libsrc/xadcps_v2_5/src"

TRACE::2025-06-08.17:07:34::SCWMssOS::make -C ps7_cortexa9_1/libsrc/xadcps_v2_5/src -s include  "SHELL=CMD" "COMPILER=arm-none-eabi-gcc" "ASSEMBLER=arm-none-eabi-as"
TRACE::2025-06-08.17:07:34::SCWMssOS:: "ARCHIVER=arm-none-eabi-ar" "COMPILER_FLAGS=  -O2 -c" "EXTRA_COMPILER_FLAGS=-mcpu=cortex-a9 -mfpu=vfpv3 -mfloat-abi=hard -nost
TRACE::2025-06-08.17:07:34::SCWMssOS::artfiles -g -Wall -Wextra"

TRACE::2025-06-08.17:07:34::SCWMssOS::"Running Make libs in ps7_cortexa9_1/libsrc/axidma_v9_12/src"

TRACE::2025-06-08.17:07:34::SCWMssOS::make -C ps7_cortexa9_1/libsrc/axidma_v9_12/src -s libs  "SHELL=CMD" "COMPILER=arm-none-eabi-gcc" "ASSEMBLER=arm-none-eabi-as" "
TRACE::2025-06-08.17:07:34::SCWMssOS::ARCHIVER=arm-none-eabi-ar" "COMPILER_FLAGS=  -O2 -c" "EXTRA_COMPILER_FLAGS=-mcpu=cortex-a9 -mfpu=vfpv3 -mfloat-abi=hard -nostar
TRACE::2025-06-08.17:07:34::SCWMssOS::tfiles -g -Wall -Wextra"

TRACE::2025-06-08.17:07:34::SCWMssOS::"Running Make libs in ps7_cortexa9_1/libsrc/axivdma_v6_8/src"

TRACE::2025-06-08.17:07:34::SCWMssOS::make -C ps7_cortexa9_1/libsrc/axivdma_v6_8/src -s libs  "SHELL=CMD" "COMPILER=arm-none-eabi-gcc" "ASSEMBLER=arm-none-eabi-as" "
TRACE::2025-06-08.17:07:34::SCWMssOS::ARCHIVER=arm-none-eabi-ar" "COMPILER_FLAGS=  -O2 -c" "EXTRA_COMPILER_FLAGS=-mcpu=cortex-a9 -mfpu=vfpv3 -mfloat-abi=hard -nostar
TRACE::2025-06-08.17:07:34::SCWMssOS::tfiles -g -Wall -Wextra"

TRACE::2025-06-08.17:07:35::SCWMssOS::"Running Make libs in ps7_cortexa9_1/libsrc/bram_v4_5/src"

TRACE::2025-06-08.17:07:35::SCWMssOS::"Running Make libs in ps7_cortexa9_1/libsrc/clk_wiz_v1_4/src"

TRACE::2025-06-08.17:07:35::SCWMssOS::make -C ps7_cortexa9_1/libsrc/bram_v4_5/src -s libs  "SHELL=CMD" "COMPILER=arm-none-eabi-gcc" "ASSEMBLER=arm-none-eabi-as" "ARC
TRACE::2025-06-08.17:07:35::SCWMssOS::HIVER=arm-none-eabi-ar" "COMPILER_FLAGS=  -O2 -c" "EXTRA_COMPILER_FLAGS=-mcpu=cortex-a9 -mfpu=vfpv3 -mfloat-abi=hard -nostartfi
TRACE::2025-06-08.17:07:35::SCWMssOS::les -g -Wall -Wextra"

TRACE::2025-06-08.17:07:35::SCWMssOS::"Running Make libs in ps7_cortexa9_1/libsrc/coresightps_dcc_v1_8/src"

TRACE::2025-06-08.17:07:35::SCWMssOS::make -C ps7_cortexa9_1/libsrc/clk_wiz_v1_4/src -s libs  "SHELL=CMD" "COMPILER=arm-none-eabi-gcc" "ASSEMBLER=arm-none-eabi-as" "
TRACE::2025-06-08.17:07:35::SCWMssOS::ARCHIVER=arm-none-eabi-ar" "COMPILER_FLAGS=  -O2 -c" "EXTRA_COMPILER_FLAGS=-mcpu=cortex-a9 -mfpu=vfpv3 -mfloat-abi=hard -nostar
TRACE::2025-06-08.17:07:35::SCWMssOS::tfiles -g -Wall -Wextra"

TRACE::2025-06-08.17:07:35::SCWMssOS::make -C ps7_cortexa9_1/libsrc/coresightps_dcc_v1_8/src -s libs  "SHELL=CMD" "COMPILER=arm-none-eabi-gcc" "ASSEMBLER=arm-none-ea
TRACE::2025-06-08.17:07:35::SCWMssOS::bi-as" "ARCHIVER=arm-none-eabi-ar" "COMPILER_FLAGS=  -O2 -c" "EXTRA_COMPILER_FLAGS=-mcpu=cortex-a9 -mfpu=vfpv3 -mfloat-abi=hard
TRACE::2025-06-08.17:07:35::SCWMssOS:: -nostartfiles -g -Wall -Wextra"

TRACE::2025-06-08.17:07:35::SCWMssOS::"Running Make libs in ps7_cortexa9_1/libsrc/cpu_cortexa9_v2_10/src"

TRACE::2025-06-08.17:07:35::SCWMssOS::"Running Make libs in ps7_cortexa9_1/libsrc/ddrps_v1_2/src"

TRACE::2025-06-08.17:07:35::SCWMssOS::make -C ps7_cortexa9_1/libsrc/cpu_cortexa9_v2_10/src -s libs  "SHELL=CMD" "COMPILER=arm-none-eabi-gcc" "ASSEMBLER=arm-none-eabi
TRACE::2025-06-08.17:07:35::SCWMssOS::-as" "ARCHIVER=arm-none-eabi-ar" "COMPILER_FLAGS=  -O2 -c" "EXTRA_COMPILER_FLAGS=-mcpu=cortex-a9 -mfpu=vfpv3 -mfloat-abi=hard -
TRACE::2025-06-08.17:07:35::SCWMssOS::nostartfiles -g -Wall -Wextra"

TRACE::2025-06-08.17:07:35::SCWMssOS::make -C ps7_cortexa9_1/libsrc/ddrps_v1_2/src -s libs  "SHELL=CMD" "COMPILER=arm-none-eabi-gcc" "ASSEMBLER=arm-none-eabi-as" "AR
TRACE::2025-06-08.17:07:35::SCWMssOS::CHIVER=arm-none-eabi-ar" "COMPILER_FLAGS=  -O2 -c" "EXTRA_COMPILER_FLAGS=-mcpu=cortex-a9 -mfpu=vfpv3 -mfloat-abi=hard -nostartf
TRACE::2025-06-08.17:07:35::SCWMssOS::iles -g -Wall -Wextra"

TRACE::2025-06-08.17:07:35::SCWMssOS::"Running Make libs in ps7_cortexa9_1/libsrc/devcfg_v3_7/src"

TRACE::2025-06-08.17:07:35::SCWMssOS::"Running Make libs in ps7_cortexa9_1/libsrc/dmaps_v2_7/src"

TRACE::2025-06-08.17:07:35::SCWMssOS::"Running Make libs in ps7_cortexa9_1/libsrc/gpiops_v3_8/src"

TRACE::2025-06-08.17:07:35::SCWMssOS::make -C ps7_cortexa9_1/libsrc/devcfg_v3_7/src -s libs  "SHELL=CMD" "COMPILER=arm-none-eabi-gcc" "ASSEMBLER=arm-none-eabi-as" "A
TRACE::2025-06-08.17:07:35::SCWMssOS::RCHIVER=arm-none-eabi-ar" "COMPILER_FLAGS=  -O2 -c" "EXTRA_COMPILER_FLAGS=-mcpu=cortex-a9 -mfpu=vfpv3 -mfloat-abi=hard -nostart
TRACE::2025-06-08.17:07:35::SCWMssOS::files -g -Wall -Wextra"

TRACE::2025-06-08.17:07:35::SCWMssOS::make -C ps7_cortexa9_1/libsrc/dmaps_v2_7/src -s libs  "SHELL=CMD" "COMPILER=arm-none-eabi-gcc" "ASSEMBLER=arm-none-eabi-as" "AR
TRACE::2025-06-08.17:07:35::SCWMssOS::CHIVER=arm-none-eabi-ar" "COMPILER_FLAGS=  -O2 -c" "EXTRA_COMPILER_FLAGS=-mcpu=cortex-a9 -mfpu=vfpv3 -mfloat-abi=hard -nostartf
TRACE::2025-06-08.17:07:35::SCWMssOS::iles -g -Wall -Wextra"

TRACE::2025-06-08.17:07:35::SCWMssOS::make -C ps7_cortexa9_1/libsrc/gpiops_v3_8/src -s libs  "SHELL=CMD" "COMPILER=arm-none-eabi-gcc" "ASSEMBLER=arm-none-eabi-as" "A
TRACE::2025-06-08.17:07:35::SCWMssOS::RCHIVER=arm-none-eabi-ar" "COMPILER_FLAGS=  -O2 -c" "EXTRA_COMPILER_FLAGS=-mcpu=cortex-a9 -mfpu=vfpv3 -mfloat-abi=hard -nostart
TRACE::2025-06-08.17:07:35::SCWMssOS::files -g -Wall -Wextra"

TRACE::2025-06-08.17:07:35::SCWMssOS::"Running Make libs in ps7_cortexa9_1/libsrc/emacps_v3_12/src"

TRACE::2025-06-08.17:07:35::SCWMssOS::"Running Make libs in ps7_cortexa9_1/libsrc/iic_v3_7/src"

TRACE::2025-06-08.17:07:35::SCWMssOS::make -C ps7_cortexa9_1/libsrc/emacps_v3_12/src -s libs  "SHELL=CMD" "COMPILER=arm-none-eabi-gcc" "ASSEMBLER=arm-none-eabi-as" "
TRACE::2025-06-08.17:07:35::SCWMssOS::ARCHIVER=arm-none-eabi-ar" "COMPILER_FLAGS=  -O2 -c" "EXTRA_COMPILER_FLAGS=-mcpu=cortex-a9 -mfpu=vfpv3 -mfloat-abi=hard -nostar
TRACE::2025-06-08.17:07:35::SCWMssOS::tfiles -g -Wall -Wextra"

TRACE::2025-06-08.17:07:35::SCWMssOS::make -C ps7_cortexa9_1/libsrc/iic_v3_7/src -s libs  "SHELL=CMD" "COMPILER=arm-none-eabi-gcc" "ASSEMBLER=arm-none-eabi-as" "ARCH
TRACE::2025-06-08.17:07:35::SCWMssOS::IVER=arm-none-eabi-ar" "COMPILER_FLAGS=  -O2 -c" "EXTRA_COMPILER_FLAGS=-mcpu=cortex-a9 -mfpu=vfpv3 -mfloat-abi=hard -nostartfil
TRACE::2025-06-08.17:07:35::SCWMssOS::es -g -Wall -Wextra"

TRACE::2025-06-08.17:07:35::SCWMssOS::"Running Make libs in ps7_cortexa9_1/libsrc/gpio_v4_7/src"

TRACE::2025-06-08.17:07:35::SCWMssOS::"Running Make libs in ps7_cortexa9_1/libsrc/scugic_v4_3/src"

TRACE::2025-06-08.17:07:35::SCWMssOS::"Running Make libs in ps7_cortexa9_1/libsrc/iicps_v3_12/src"

TRACE::2025-06-08.17:07:35::SCWMssOS::make -C ps7_cortexa9_1/libsrc/gpio_v4_7/src -s libs  "SHELL=CMD" "COMPILER=arm-none-eabi-gcc" "ASSEMBLER=arm-none-eabi-as" "ARC
TRACE::2025-06-08.17:07:35::SCWMssOS::HIVER=arm-none-eabi-ar" "COMPILER_FLAGS=  -O2 -c" "EXTRA_COMPILER_FLAGS=-mcpu=cortex-a9 -mfpu=vfpv3 -mfloat-abi=hard -nostartfi
TRACE::2025-06-08.17:07:35::SCWMssOS::les -g -Wall -Wextra"

TRACE::2025-06-08.17:07:35::SCWMssOS::"Running Make libs in ps7_cortexa9_1/libsrc/scutimer_v2_3/src"

TRACE::2025-06-08.17:07:35::SCWMssOS::"Running Make libs in ps7_cortexa9_1/libsrc/qspips_v3_8/src"

TRACE::2025-06-08.17:07:35::SCWMssOS::make -C ps7_cortexa9_1/libsrc/iicps_v3_12/src -s libs  "SHELL=CMD" "COMPILER=arm-none-eabi-gcc" "ASSEMBLER=arm-none-eabi-as" "A
TRACE::2025-06-08.17:07:35::SCWMssOS::RCHIVER=arm-none-eabi-ar" "COMPILER_FLAGS=  -O2 -c" "EXTRA_COMPILER_FLAGS=-mcpu=cortex-a9 -mfpu=vfpv3 -mfloat-abi=hard -nostart
TRACE::2025-06-08.17:07:35::SCWMssOS::files -g -Wall -Wextra"

TRACE::2025-06-08.17:07:35::SCWMssOS::make -C ps7_cortexa9_1/libsrc/qspips_v3_8/src -s libs  "SHELL=CMD" "COMPILER=arm-none-eabi-gcc" "ASSEMBLER=arm-none-eabi-as" "A
TRACE::2025-06-08.17:07:35::SCWMssOS::RCHIVER=arm-none-eabi-ar" "COMPILER_FLAGS=  -O2 -c" "EXTRA_COMPILER_FLAGS=-mcpu=cortex-a9 -mfpu=vfpv3 -mfloat-abi=hard -nostart
TRACE::2025-06-08.17:07:35::SCWMssOS::files -g -Wall -Wextra"

TRACE::2025-06-08.17:07:35::SCWMssOS::make -C ps7_cortexa9_1/libsrc/scugic_v4_3/src -s libs  "SHELL=CMD" "COMPILER=arm-none-eabi-gcc" "ASSEMBLER=arm-none-eabi-as" "A
TRACE::2025-06-08.17:07:35::SCWMssOS::RCHIVER=arm-none-eabi-ar" "COMPILER_FLAGS=  -O2 -c" "EXTRA_COMPILER_FLAGS=-mcpu=cortex-a9 -mfpu=vfpv3 -mfloat-abi=hard -nostart
TRACE::2025-06-08.17:07:35::SCWMssOS::files -g -Wall -Wextra"

TRACE::2025-06-08.17:07:35::SCWMssOS::make -C ps7_cortexa9_1/libsrc/scutimer_v2_3/src -s libs  "SHELL=CMD" "COMPILER=arm-none-eabi-gcc" "ASSEMBLER=arm-none-eabi-as" 
TRACE::2025-06-08.17:07:35::SCWMssOS::"ARCHIVER=arm-none-eabi-ar" "COMPILER_FLAGS=  -O2 -c" "EXTRA_COMPILER_FLAGS=-mcpu=cortex-a9 -mfpu=vfpv3 -mfloat-abi=hard -nosta
TRACE::2025-06-08.17:07:35::SCWMssOS::rtfiles -g -Wall -Wextra"

TRACE::2025-06-08.17:07:36::SCWMssOS::"Running Make libs in ps7_cortexa9_1/libsrc/sdps_v3_10/src"

TRACE::2025-06-08.17:07:36::SCWMssOS::"Running Make libs in ps7_cortexa9_1/libsrc/scuwdt_v2_3/src"

TRACE::2025-06-08.17:07:36::SCWMssOS::make -C ps7_cortexa9_1/libsrc/scuwdt_v2_3/src -s libs  "SHELL=CMD" "COMPILER=arm-none-eabi-gcc" "ASSEMBLER=arm-none-eabi-as" "A
TRACE::2025-06-08.17:07:36::SCWMssOS::RCHIVER=arm-none-eabi-ar" "COMPILER_FLAGS=  -O2 -c" "EXTRA_COMPILER_FLAGS=-mcpu=cortex-a9 -mfpu=vfpv3 -mfloat-abi=hard -nostart
TRACE::2025-06-08.17:07:36::SCWMssOS::files -g -Wall -Wextra"

TRACE::2025-06-08.17:07:36::SCWMssOS::make -C ps7_cortexa9_1/libsrc/sdps_v3_10/src -s libs  "SHELL=CMD" "COMPILER=arm-none-eabi-gcc" "ASSEMBLER=arm-none-eabi-as" "AR
TRACE::2025-06-08.17:07:36::SCWMssOS::CHIVER=arm-none-eabi-ar" "COMPILER_FLAGS=  -O2 -c" "EXTRA_COMPILER_FLAGS=-mcpu=cortex-a9 -mfpu=vfpv3 -mfloat-abi=hard -nostartf
TRACE::2025-06-08.17:07:36::SCWMssOS::iles -g -Wall -Wextra"

TRACE::2025-06-08.17:07:36::SCWMssOS::"Running Make libs in ps7_cortexa9_1/libsrc/xadcps_v2_5/src"

TRACE::2025-06-08.17:07:36::SCWMssOS::"Running Make libs in ps7_cortexa9_1/libsrc/uartps_v3_10/src"

TRACE::2025-06-08.17:07:36::SCWMssOS::"Running Make libs in ps7_cortexa9_1/libsrc/uartlite_v3_5/src"

TRACE::2025-06-08.17:07:36::SCWMssOS::"Running Make libs in ps7_cortexa9_1/libsrc/standalone_v7_3/src"

TRACE::2025-06-08.17:07:36::SCWMssOS::make -C ps7_cortexa9_1/libsrc/standalone_v7_3/src -s libs  "SHELL=CMD" "COMPILER=arm-none-eabi-gcc" "ASSEMBLER=arm-none-eabi-as
TRACE::2025-06-08.17:07:36::SCWMssOS::" "ARCHIVER=arm-none-eabi-ar" "COMPILER_FLAGS=  -O2 -c" "EXTRA_COMPILER_FLAGS=-mcpu=cortex-a9 -mfpu=vfpv3 -mfloat-abi=hard -nos
TRACE::2025-06-08.17:07:36::SCWMssOS::tartfiles -g -Wall -Wextra"

TRACE::2025-06-08.17:07:36::SCWMssOS::"Running Make libs in ps7_cortexa9_1/libsrc/vtc_v8_3/src"

TRACE::2025-06-08.17:07:36::SCWMssOS::make -C ps7_cortexa9_1/libsrc/uartlite_v3_5/src -s libs  "SHELL=CMD" "COMPILER=arm-none-eabi-gcc" "ASSEMBLER=arm-none-eabi-as" 
TRACE::2025-06-08.17:07:36::SCWMssOS::"ARCHIVER=arm-none-eabi-ar" "COMPILER_FLAGS=  -O2 -c" "EXTRA_COMPILER_FLAGS=-mcpu=cortex-a9 -mfpu=vfpv3 -mfloat-abi=hard -nosta
TRACE::2025-06-08.17:07:36::SCWMssOS::rtfiles -g -Wall -Wextra"

TRACE::2025-06-08.17:07:37::SCWMssOS::make -C ps7_cortexa9_1/libsrc/uartps_v3_10/src -s libs  "SHELL=CMD" "COMPILER=arm-none-eabi-gcc" "ASSEMBLER=arm-none-eabi-as" "
TRACE::2025-06-08.17:07:37::SCWMssOS::ARCHIVER=arm-none-eabi-ar" "COMPILER_FLAGS=  -O2 -c" "EXTRA_COMPILER_FLAGS=-mcpu=cortex-a9 -mfpu=vfpv3 -mfloat-abi=hard -nostar
TRACE::2025-06-08.17:07:37::SCWMssOS::tfiles -g -Wall -Wextra"

TRACE::2025-06-08.17:07:37::SCWMssOS::make -C ps7_cortexa9_1/libsrc/vtc_v8_3/src -s libs  "SHELL=CMD" "COMPILER=arm-none-eabi-gcc" "ASSEMBLER=arm-none-eabi-as" "ARCH
TRACE::2025-06-08.17:07:37::SCWMssOS::IVER=arm-none-eabi-ar" "COMPILER_FLAGS=  -O2 -c" "EXTRA_COMPILER_FLAGS=-mcpu=cortex-a9 -mfpu=vfpv3 -mfloat-abi=hard -nostartfil
TRACE::2025-06-08.17:07:37::SCWMssOS::es -g -Wall -Wextra"

TRACE::2025-06-08.17:07:37::SCWMssOS::make -C ps7_cortexa9_1/libsrc/xadcps_v2_5/src -s libs  "SHELL=CMD" "COMPILER=arm-none-eabi-gcc" "ASSEMBLER=arm-none-eabi-as" "A
TRACE::2025-06-08.17:07:37::SCWMssOS::RCHIVER=arm-none-eabi-ar" "COMPILER_FLAGS=  -O2 -c" "EXTRA_COMPILER_FLAGS=-mcpu=cortex-a9 -mfpu=vfpv3 -mfloat-abi=hard -nostart
TRACE::2025-06-08.17:07:37::SCWMssOS::files -g -Wall -Wextra"

TRACE::2025-06-08.17:07:37::SCWMssOS::"Running Make libs in ps7_cortexa9_1/libsrc/usbps_v2_6/src"

TRACE::2025-06-08.17:07:37::SCWMssOS::make -C ps7_cortexa9_1/libsrc/usbps_v2_6/src -s libs  "SHELL=CMD" "COMPILER=arm-none-eabi-gcc" "ASSEMBLER=arm-none-eabi-as" "AR
TRACE::2025-06-08.17:07:37::SCWMssOS::CHIVER=arm-none-eabi-ar" "COMPILER_FLAGS=  -O2 -c" "EXTRA_COMPILER_FLAGS=-mcpu=cortex-a9 -mfpu=vfpv3 -mfloat-abi=hard -nostartf
TRACE::2025-06-08.17:07:37::SCWMssOS::iles -g -Wall -Wextra"

TRACE::2025-06-08.17:07:37::SCWMssOS::"Running Make libs in ps7_cortexa9_1/libsrc/ttcps_v3_12/src"

TRACE::2025-06-08.17:07:38::SCWMssOS::make -C ps7_cortexa9_1/libsrc/ttcps_v3_12/src -s libs  "SHELL=CMD" "COMPILER=arm-none-eabi-gcc" "ASSEMBLER=arm-none-eabi-as" "A
TRACE::2025-06-08.17:07:38::SCWMssOS::RCHIVER=arm-none-eabi-ar" "COMPILER_FLAGS=  -O2 -c" "EXTRA_COMPILER_FLAGS=-mcpu=cortex-a9 -mfpu=vfpv3 -mfloat-abi=hard -nostart
TRACE::2025-06-08.17:07:38::SCWMssOS::files -g -Wall -Wextra"

TRACE::2025-06-08.17:07:41::SCWMssOS::'Finished building libraries parallelly.'

TRACE::2025-06-08.17:07:41::SCWMssOS::make --no-print-directory archive

TRACE::2025-06-08.17:07:41::SCWMssOS::arm-none-eabi-ar -r  ps7_cortexa9_1/lib/libxil.a ps7_cortexa9_1/lib/xadcps_selftest.o ps7_cortexa9_1/lib/xplatform_info.o ps7_c
TRACE::2025-06-08.17:07:41::SCWMssOS::ortexa9_1/lib/xuartlite.o ps7_cortexa9_1/lib/xil_mem.o ps7_cortexa9_1/lib/xil_testio.o ps7_cortexa9_1/lib/isatty.o ps7_cortexa9
TRACE::2025-06-08.17:07:41::SCWMssOS::_1/lib/xdevcfg_hw.o ps7_cortexa9_1/lib/xil_sleeptimer.o ps7_cortexa9_1/lib/xqspips_options.o ps7_cortexa9_1/lib/xdmaps_g.o ps7_
TRACE::2025-06-08.17:07:41::SCWMssOS::cortexa9_1/lib/xscutimer_g.o ps7_cortexa9_1/lib/xil_misc_psreset_api.o ps7_cortexa9_1/lib/xdmaps_sinit.o ps7_cortexa9_1/lib/xsc
TRACE::2025-06-08.17:07:41::SCWMssOS::utimer_sinit.o ps7_cortexa9_1/lib/xemacps_hw.o ps7_cortexa9_1/lib/inbyte.o ps7_cortexa9_1/lib/xsdps_options.o ps7_cortexa9_1/li
TRACE::2025-06-08.17:07:41::SCWMssOS::b/xbram_g.o ps7_cortexa9_1/lib/xuartlite_stats.o ps7_cortexa9_1/lib/putnum.o ps7_cortexa9_1/lib/xttcps_selftest.o ps7_cortexa9_
TRACE::2025-06-08.17:07:41::SCWMssOS::1/lib/xbram_sinit.o ps7_cortexa9_1/lib/xgpiops_g.o ps7_cortexa9_1/lib/close.o ps7_cortexa9_1/lib/xemacps_g.o ps7_cortexa9_1/lib
TRACE::2025-06-08.17:07:41::SCWMssOS::/xbram_selftest.o ps7_cortexa9_1/lib/xgpiops_sinit.o ps7_cortexa9_1/lib/xsdps.o ps7_cortexa9_1/lib/xuartps.o ps7_cortexa9_1/lib
TRACE::2025-06-08.17:07:41::SCWMssOS::/xgpiops_selftest.o ps7_cortexa9_1/lib/xgpio_g.o ps7_cortexa9_1/lib/xscuwdt.o ps7_cortexa9_1/lib/xaxivdma_g.o ps7_cortexa9_1/li
TRACE::2025-06-08.17:07:41::SCWMssOS::b/xclk_wiz_intr.o ps7_cortexa9_1/lib/xiicps_intr.o ps7_cortexa9_1/lib/xaxivdma_sinit.o ps7_cortexa9_1/lib/xuartps_sinit.o ps7_c
TRACE::2025-06-08.17:07:41::SCWMssOS::ortexa9_1/lib/xgpio_selftest.o ps7_cortexa9_1/lib/xiic_intr.o ps7_cortexa9_1/lib/xaxivdma_selftest.o ps7_cortexa9_1/lib/xiicps_
TRACE::2025-06-08.17:07:41::SCWMssOS::slave.o ps7_cortexa9_1/lib/xscugic.o ps7_cortexa9_1/lib/xil_printf.o ps7_cortexa9_1/lib/xiic_g.o ps7_cortexa9_1/lib/xiicps_g.o 
TRACE::2025-06-08.17:07:41::SCWMssOS::ps7_cortexa9_1/lib/xadcps.o ps7_cortexa9_1/lib/xiic_stats.o ps7_cortexa9_1/lib/xiicps_options.o ps7_cortexa9_1/lib/xdevcfg.o ps
TRACE::2025-06-08.17:07:41::SCWMssOS::7_cortexa9_1/lib/xuartps_selftest.o ps7_cortexa9_1/lib/lseek.o ps7_cortexa9_1/lib/xil_testmem.o ps7_cortexa9_1/lib/xusbps_hw.o 
TRACE::2025-06-08.17:07:41::SCWMssOS::ps7_cortexa9_1/lib/xl2cc_counter.o ps7_cortexa9_1/lib/xiicps_hw.o ps7_cortexa9_1/lib/xiic_options.o ps7_cortexa9_1/lib/xuartps_
TRACE::2025-06-08.17:07:41::SCWMssOS::g.o ps7_cortexa9_1/lib/xsdps_sinit.o ps7_cortexa9_1/lib/asm_vectors.o ps7_cortexa9_1/lib/usleep.o ps7_cortexa9_1/lib/abort.o ps
TRACE::2025-06-08.17:07:41::SCWMssOS::7_cortexa9_1/lib/xdevcfg_g.o ps7_cortexa9_1/lib/xuartlite_l.o ps7_cortexa9_1/lib/getpid.o ps7_cortexa9_1/lib/xil_testcache.o ps
TRACE::2025-06-08.17:07:41::SCWMssOS::7_cortexa9_1/lib/xdevcfg_sinit.o ps7_cortexa9_1/lib/xdmaps.o ps7_cortexa9_1/lib/xscutimer.o ps7_cortexa9_1/lib/xdevcfg_selftest
TRACE::2025-06-08.17:07:41::SCWMssOS::.o ps7_cortexa9_1/lib/xvtc_intr.o ps7_cortexa9_1/lib/xttcps.o ps7_cortexa9_1/lib/xpm_counter.o ps7_cortexa9_1/lib/xiicps.o ps7_
TRACE::2025-06-08.17:07:41::SCWMssOS::cortexa9_1/lib/xbram.o ps7_cortexa9_1/lib/xemacps_sinit.o ps7_cortexa9_1/lib/xuartlite_intr.o ps7_cortexa9_1/lib/xusbps_endpoin
TRACE::2025-06-08.17:07:41::SCWMssOS::t.o ps7_cortexa9_1/lib/xiicps_master.o ps7_cortexa9_1/lib/xqspips_g.o ps7_cortexa9_1/lib/xgpiops.o ps7_cortexa9_1/lib/xemacps.o
TRACE::2025-06-08.17:07:41::SCWMssOS:: ps7_cortexa9_1/lib/xqspips_sinit.o ps7_cortexa9_1/lib/xiic_dyn_master.o ps7_cortexa9_1/lib/_sbrk.o ps7_cortexa9_1/lib/xqspips_
TRACE::2025-06-08.17:07:41::SCWMssOS::selftest.o ps7_cortexa9_1/lib/xil_exception.o ps7_cortexa9_1/lib/sbrk.o ps7_cortexa9_1/lib/xaxivdma.o ps7_cortexa9_1/lib/xvtc_g
TRACE::2025-06-08.17:07:41::SCWMssOS::.o ps7_cortexa9_1/lib/xemacps_control.o ps7_cortexa9_1/lib/xiic_master.o ps7_cortexa9_1/lib/open.o ps7_cortexa9_1/lib/xil_asser
TRACE::2025-06-08.17:07:41::SCWMssOS::t.o ps7_cortexa9_1/lib/xaxivdma_intr.o ps7_cortexa9_1/lib/xusbps_intr.o ps7_cortexa9_1/lib/xsdps_host.o ps7_cortexa9_1/lib/xcor
TRACE::2025-06-08.17:07:41::SCWMssOS::esightpsdcc.o ps7_cortexa9_1/lib/xiicps_xfer.o ps7_cortexa9_1/lib/xscugic_hw.o ps7_cortexa9_1/lib/xiic.o ps7_cortexa9_1/lib/sle
TRACE::2025-06-08.17:07:41::SCWMssOS::ep.o ps7_cortexa9_1/lib/xil-crt0.o ps7_cortexa9_1/lib/xiic_selftest.o ps7_cortexa9_1/lib/cpputest_time.o ps7_cortexa9_1/lib/xvt
TRACE::2025-06-08.17:07:41::SCWMssOS::c.o ps7_cortexa9_1/lib/fcntl.o ps7_cortexa9_1/lib/kill.o ps7_cortexa9_1/lib/xttcps_options.o ps7_cortexa9_1/lib/print.o ps7_cor
TRACE::2025-06-08.17:07:41::SCWMssOS::texa9_1/lib/xscugic_intr.o ps7_cortexa9_1/lib/xadcps_intr.o ps7_cortexa9_1/lib/xqspips.o ps7_cortexa9_1/lib/xclk_wiz_g.o ps7_co
TRACE::2025-06-08.17:07:41::SCWMssOS::rtexa9_1/lib/xil_cache.o ps7_cortexa9_1/lib/xclk_wiz_sinit.o ps7_cortexa9_1/lib/xvtc_sinit.o ps7_cortexa9_1/lib/xiic_multi_mast
TRACE::2025-06-08.17:07:41::SCWMssOS::er.o ps7_cortexa9_1/lib/xuartps_intr.o ps7_cortexa9_1/lib/unlink.o ps7_cortexa9_1/lib/xaxidma_g.o ps7_cortexa9_1/lib/xqspips_hw
TRACE::2025-06-08.17:07:41::SCWMssOS::.o ps7_cortexa9_1/lib/xdmaps_selftest.o ps7_cortexa9_1/lib/xaxidma_sinit.o ps7_cortexa9_1/lib/_exit.o ps7_cortexa9_1/lib/transl
TRACE::2025-06-08.17:07:41::SCWMssOS::ation_table.o ps7_cortexa9_1/lib/xaxidma_selftest.o ps7_cortexa9_1/lib/_open.o ps7_cortexa9_1/lib/write.o ps7_cortexa9_1/lib/xi
TRACE::2025-06-08.17:07:41::SCWMssOS::l_mmu.o ps7_cortexa9_1/lib/boot.o ps7_cortexa9_1/lib/xemacps_bdring.o ps7_cortexa9_1/lib/xaxivdma_channel.o ps7_cortexa9_1/lib/
TRACE::2025-06-08.17:07:41::SCWMssOS::cpu_init.o ps7_cortexa9_1/lib/xil_util.o ps7_cortexa9_1/lib/xaxidma_bd.o ps7_cortexa9_1/lib/xbram_intr.o ps7_cortexa9_1/lib/xil
TRACE::2025-06-08.17:07:41::SCWMssOS::_sleepcommon.o ps7_cortexa9_1/lib/xgpiops_intr.o ps7_cortexa9_1/lib/xscugic_sinit.o ps7_cortexa9_1/lib/outbyte.o ps7_cortexa9_1
TRACE::2025-06-08.17:07:41::SCWMssOS::/lib/xuartps_hw.o ps7_cortexa9_1/lib/xgpio_intr.o ps7_cortexa9_1/lib/read.o ps7_cortexa9_1/lib/xttcps_g.o ps7_cortexa9_1/lib/xu
TRACE::2025-06-08.17:07:41::SCWMssOS::artlite_g.o ps7_cortexa9_1/lib/xtime_l.o ps7_cortexa9_1/lib/xscugic_selftest.o ps7_cortexa9_1/lib/xuartlite_selftest.o ps7_cort
TRACE::2025-06-08.17:07:41::SCWMssOS::exa9_1/lib/xgpio_sinit.o ps7_cortexa9_1/lib/xscuwdt_sinit.o ps7_cortexa9_1/lib/xsdps_card.o ps7_cortexa9_1/lib/xdmaps_hw.o ps7_
TRACE::2025-06-08.17:07:41::SCWMssOS::cortexa9_1/lib/xclk_wiz.o ps7_cortexa9_1/lib/xttcps_sinit.o ps7_cortexa9_1/lib/xiic_l.o ps7_cortexa9_1/lib/xiic_slave.o ps7_cor
TRACE::2025-06-08.17:07:41::SCWMssOS::texa9_1/lib/xiic_sinit.o ps7_cortexa9_1/lib/xgpiops_hw.o ps7_cortexa9_1/lib/xsdps_g.o ps7_cortexa9_1/lib/fstat.o ps7_cortexa9_1
TRACE::2025-06-08.17:07:41::SCWMssOS::/lib/xaxidma.o ps7_cortexa9_1/lib/errno.o ps7_cortexa9_1/lib/xgpio.o ps7_cortexa9_1/lib/xscutimer_selftest.o ps7_cortexa9_1/lib
TRACE::2025-06-08.17:07:41::SCWMssOS::/xdevcfg_intr.o ps7_cortexa9_1/lib/xuartps_options.o ps7_cortexa9_1/lib/vectors.o ps7_cortexa9_1/lib/xusbps_g.o ps7_cortexa9_1/
TRACE::2025-06-08.17:07:41::SCWMssOS::lib/xscuwdt_selftest.o ps7_cortexa9_1/lib/xscuwdt_g.o ps7_cortexa9_1/lib/xvtc_selftest.o ps7_cortexa9_1/lib/xil_clocking.o ps7_
TRACE::2025-06-08.17:07:41::SCWMssOS::cortexa9_1/lib/xusbps.o ps7_cortexa9_1/lib/xemacps_intr.o ps7_cortexa9_1/lib/xiicps_selftest.o ps7_cortexa9_1/lib/xgpio_extra.o
TRACE::2025-06-08.17:07:41::SCWMssOS:: ps7_cortexa9_1/lib/xusbps_sinit.o ps7_cortexa9_1/lib/xscugic_g.o ps7_cortexa9_1/lib/xiicps_sinit.o ps7_cortexa9_1/lib/xadcps_g
TRACE::2025-06-08.17:07:41::SCWMssOS::.o ps7_cortexa9_1/lib/xuartlite_sinit.o ps7_cortexa9_1/lib/xaxidma_bdring.o ps7_cortexa9_1/lib/xadcps_sinit.o

TRACE::2025-06-08.17:07:42::SCWMssOS::'Finished building libraries'

TRACE::2025-06-08.17:07:43::SCWMssOS::Copying to export directory.
TRACE::2025-06-08.17:07:43::SCWMssOS:: Checking if to create the Supporting Applications
TRACE::2025-06-08.17:07:43::SCWMssOS:: No Linux domain exists, trying to generate FSBL 
LOG::2025-06-08.17:07:43::SCWSystem::Completed Processing the domain standalone_ps7_cortexa9_1
LOG::2025-06-08.17:07:43::SCWSystem::Completed Processing the sysconfig system_wrapper
LOG::2025-06-08.17:07:43::SCWPlatform::Completed generating the artifacts for system configuration system_wrapper
TRACE::2025-06-08.17:07:43::SCWPlatform::Started preparing the platform 
TRACE::2025-06-08.17:07:43::SCWSystem::Writing the bif file for system config system_wrapper
TRACE::2025-06-08.17:07:43::SCWSystem::dir created 
TRACE::2025-06-08.17:07:43::SCWSystem::Writing the bif 
TRACE::2025-06-08.17:07:43::SCWPlatform::Started writing the spfm file 
TRACE::2025-06-08.17:07:43::SCWPlatform::Started writing the xpfm file 
TRACE::2025-06-08.17:07:43::SCWPlatform::Completed generating the platform
TRACE::2025-06-08.17:07:43::SCWMssOS::Saving the mss changes C:/Users/saber/Desktop/share/DanDike_NewBoard/vitis1/system_wrapper/zynq_fsbl/zynq_fsbl_bsp/system.mss
TRACE::2025-06-08.17:07:43::SCWMssOS::Found a swdesign opened with the mssfile.
TRACE::2025-06-08.17:07:43::SCWMssOS::Completed writemss as part of save.
TRACE::2025-06-08.17:07:43::SCWMssOS::Commit changes completed.
TRACE::2025-06-08.17:07:43::SCWMssOS::Saving the mss changes C:/Users/saber/Desktop/share/DanDike_NewBoard/vitis1/system_wrapper/ps7_cortexa9_1/standalone_ps7_cortexa9_1/bsp/system.mss
TRACE::2025-06-08.17:07:43::SCWMssOS::Found a swdesign opened with the mssfile.
TRACE::2025-06-08.17:07:43::SCWMssOS::Completed writemss as part of save.
TRACE::2025-06-08.17:07:43::SCWMssOS::Commit changes completed.
TRACE::2025-06-08.17:07:43::SCWPlatform::Trying to open the hw design at C:/Users/saber/Desktop/share/DanDike_NewBoard/vitis1/system_wrapper/hw/system_wrapper.xsa
TRACE::2025-06-08.17:07:43::SCWPlatform::DSA given C:/Users/saber/Desktop/share/DanDike_NewBoard/vitis1/system_wrapper/hw/system_wrapper.xsa
TRACE::2025-06-08.17:07:43::SCWPlatform::DSA absoulate path C:/Users/saber/Desktop/share/DanDike_NewBoard/vitis1/system_wrapper/hw/system_wrapper.xsa
TRACE::2025-06-08.17:07:43::SCWPlatform::DSA directory C:/Users/saber/Desktop/share/DanDike_NewBoard/vitis1/system_wrapper/hw
TRACE::2025-06-08.17:07:43::SCWPlatform:: Platform Path C:/Users/saber/Desktop/share/DanDike_NewBoard/vitis1/system_wrapper/hw/system_wrapper.xsa
TRACE::2025-06-08.17:07:43::SCWPlatform:: Unique name xilinx:::0.0
TRACE::2025-06-08.17:07:43::SCWPlatform::Trying to set the existing hwdb with name system_wrapper_0
TRACE::2025-06-08.17:07:43::SCWPlatform::Opened existing hwdb system_wrapper_0
TRACE::2025-06-08.17:07:43::SCWPlatform::Found the Hw Db part of the input DSA
TRACE::2025-06-08.17:07:43::SCWMssOS::Checking the sw design at  C:/Users/saber/Desktop/share/DanDike_NewBoard/vitis1/system_wrapper/zynq_fsbl/zynq_fsbl_bsp/system.mss
TRACE::2025-06-08.17:07:43::SCWMssOS::DEBUG:  swdes dump  C:/Users/saber/Desktop/share/DanDike_NewBoard/vitis1/system_wrapper/ps7_cortexa9_1/standalone_ps7_cortexa9_1/bsp/system.mss|system_0||
C:/Users/saber/Desktop/share/DanDike_NewBoard/vitis1/system_wrapper/zynq_fsbl/zynq_fsbl_bsp/system.mss|system||

TRACE::2025-06-08.17:07:43::SCWMssOS::Sw design exists and opened at  C:/Users/saber/Desktop/share/DanDike_NewBoard/vitis1/system_wrapper/zynq_fsbl/zynq_fsbl_bsp/system.mss
TRACE::2025-06-08.17:07:43::SCWPlatform::Trying to open the hw design at C:/Users/saber/Desktop/share/DanDike_NewBoard/vitis1/system_wrapper/hw/system_wrapper.xsa
TRACE::2025-06-08.17:07:43::SCWPlatform::DSA given C:/Users/saber/Desktop/share/DanDike_NewBoard/vitis1/system_wrapper/hw/system_wrapper.xsa
TRACE::2025-06-08.17:07:43::SCWPlatform::DSA absoulate path C:/Users/saber/Desktop/share/DanDike_NewBoard/vitis1/system_wrapper/hw/system_wrapper.xsa
TRACE::2025-06-08.17:07:43::SCWPlatform::DSA directory C:/Users/saber/Desktop/share/DanDike_NewBoard/vitis1/system_wrapper/hw
TRACE::2025-06-08.17:07:43::SCWPlatform:: Platform Path C:/Users/saber/Desktop/share/DanDike_NewBoard/vitis1/system_wrapper/hw/system_wrapper.xsa
TRACE::2025-06-08.17:07:43::SCWPlatform:: Unique name xilinx:::0.0
TRACE::2025-06-08.17:07:43::SCWPlatform::Trying to set the existing hwdb with name system_wrapper_0
TRACE::2025-06-08.17:07:43::SCWPlatform::Opened existing hwdb system_wrapper_0
TRACE::2025-06-08.17:07:43::SCWPlatform::Found the Hw Db part of the input DSA
TRACE::2025-06-08.17:07:43::SCWMssOS::Checking the sw design at  C:/Users/saber/Desktop/share/DanDike_NewBoard/vitis1/system_wrapper/zynq_fsbl/zynq_fsbl_bsp/system.mss
TRACE::2025-06-08.17:07:43::SCWMssOS::DEBUG:  swdes dump  C:/Users/saber/Desktop/share/DanDike_NewBoard/vitis1/system_wrapper/ps7_cortexa9_1/standalone_ps7_cortexa9_1/bsp/system.mss|system_0||
C:/Users/saber/Desktop/share/DanDike_NewBoard/vitis1/system_wrapper/zynq_fsbl/zynq_fsbl_bsp/system.mss|system||

TRACE::2025-06-08.17:07:43::SCWMssOS::Sw design exists and opened at  C:/Users/saber/Desktop/share/DanDike_NewBoard/vitis1/system_wrapper/zynq_fsbl/zynq_fsbl_bsp/system.mss
TRACE::2025-06-08.17:07:43::SCWPlatform::Trying to open the hw design at C:/Users/saber/Desktop/share/DanDike_NewBoard/vitis1/system_wrapper/hw/system_wrapper.xsa
TRACE::2025-06-08.17:07:43::SCWPlatform::DSA given C:/Users/saber/Desktop/share/DanDike_NewBoard/vitis1/system_wrapper/hw/system_wrapper.xsa
TRACE::2025-06-08.17:07:43::SCWPlatform::DSA absoulate path C:/Users/saber/Desktop/share/DanDike_NewBoard/vitis1/system_wrapper/hw/system_wrapper.xsa
TRACE::2025-06-08.17:07:43::SCWPlatform::DSA directory C:/Users/saber/Desktop/share/DanDike_NewBoard/vitis1/system_wrapper/hw
TRACE::2025-06-08.17:07:43::SCWPlatform:: Platform Path C:/Users/saber/Desktop/share/DanDike_NewBoard/vitis1/system_wrapper/hw/system_wrapper.xsa
TRACE::2025-06-08.17:07:43::SCWPlatform:: Unique name xilinx:::0.0
TRACE::2025-06-08.17:07:43::SCWPlatform::Trying to set the existing hwdb with name system_wrapper_0
TRACE::2025-06-08.17:07:43::SCWPlatform::Opened existing hwdb system_wrapper_0
TRACE::2025-06-08.17:07:43::SCWPlatform::Found the Hw Db part of the input DSA
TRACE::2025-06-08.17:07:43::SCWMssOS::Checking the sw design at  C:/Users/saber/Desktop/share/DanDike_NewBoard/vitis1/system_wrapper/zynq_fsbl/zynq_fsbl_bsp/system.mss
TRACE::2025-06-08.17:07:43::SCWMssOS::DEBUG:  swdes dump  C:/Users/saber/Desktop/share/DanDike_NewBoard/vitis1/system_wrapper/ps7_cortexa9_1/standalone_ps7_cortexa9_1/bsp/system.mss|system_0||
C:/Users/saber/Desktop/share/DanDike_NewBoard/vitis1/system_wrapper/zynq_fsbl/zynq_fsbl_bsp/system.mss|system||

TRACE::2025-06-08.17:07:43::SCWMssOS::Sw design exists and opened at  C:/Users/saber/Desktop/share/DanDike_NewBoard/vitis1/system_wrapper/zynq_fsbl/zynq_fsbl_bsp/system.mss
TRACE::2025-06-08.17:07:43::SCWPlatform::Trying to open the hw design at C:/Users/saber/Desktop/share/DanDike_NewBoard/vitis1/system_wrapper/hw/system_wrapper.xsa
TRACE::2025-06-08.17:07:43::SCWPlatform::DSA given C:/Users/saber/Desktop/share/DanDike_NewBoard/vitis1/system_wrapper/hw/system_wrapper.xsa
TRACE::2025-06-08.17:07:43::SCWPlatform::DSA absoulate path C:/Users/saber/Desktop/share/DanDike_NewBoard/vitis1/system_wrapper/hw/system_wrapper.xsa
TRACE::2025-06-08.17:07:43::SCWPlatform::DSA directory C:/Users/saber/Desktop/share/DanDike_NewBoard/vitis1/system_wrapper/hw
TRACE::2025-06-08.17:07:43::SCWPlatform:: Platform Path C:/Users/saber/Desktop/share/DanDike_NewBoard/vitis1/system_wrapper/hw/system_wrapper.xsa
TRACE::2025-06-08.17:07:43::SCWPlatform:: Unique name xilinx:::0.0
TRACE::2025-06-08.17:07:43::SCWPlatform::Trying to set the existing hwdb with name system_wrapper_0
TRACE::2025-06-08.17:07:43::SCWPlatform::Opened existing hwdb system_wrapper_0
TRACE::2025-06-08.17:07:43::SCWPlatform::Found the Hw Db part of the input DSA
TRACE::2025-06-08.17:07:43::SCWMssOS::Checking the sw design at  C:/Users/saber/Desktop/share/DanDike_NewBoard/vitis1/system_wrapper/ps7_cortexa9_1/standalone_ps7_cortexa9_1/bsp/system.mss
TRACE::2025-06-08.17:07:43::SCWMssOS::DEBUG:  swdes dump  C:/Users/saber/Desktop/share/DanDike_NewBoard/vitis1/system_wrapper/ps7_cortexa9_1/standalone_ps7_cortexa9_1/bsp/system.mss|system_0||
C:/Users/saber/Desktop/share/DanDike_NewBoard/vitis1/system_wrapper/zynq_fsbl/zynq_fsbl_bsp/system.mss|system||

TRACE::2025-06-08.17:07:43::SCWMssOS::Sw design exists and opened at  C:/Users/saber/Desktop/share/DanDike_NewBoard/vitis1/system_wrapper/ps7_cortexa9_1/standalone_ps7_cortexa9_1/bsp/system.mss
TRACE::2025-06-08.17:07:43::SCWPlatform::Trying to open the hw design at C:/Users/saber/Desktop/share/DanDike_NewBoard/vitis1/system_wrapper/hw/system_wrapper.xsa
TRACE::2025-06-08.17:07:43::SCWPlatform::DSA given C:/Users/saber/Desktop/share/DanDike_NewBoard/vitis1/system_wrapper/hw/system_wrapper.xsa
TRACE::2025-06-08.17:07:43::SCWPlatform::DSA absoulate path C:/Users/saber/Desktop/share/DanDike_NewBoard/vitis1/system_wrapper/hw/system_wrapper.xsa
TRACE::2025-06-08.17:07:43::SCWPlatform::DSA directory C:/Users/saber/Desktop/share/DanDike_NewBoard/vitis1/system_wrapper/hw
TRACE::2025-06-08.17:07:43::SCWPlatform:: Platform Path C:/Users/saber/Desktop/share/DanDike_NewBoard/vitis1/system_wrapper/hw/system_wrapper.xsa
TRACE::2025-06-08.17:07:43::SCWPlatform:: Unique name xilinx:::0.0
TRACE::2025-06-08.17:07:43::SCWPlatform::Trying to set the existing hwdb with name system_wrapper_0
TRACE::2025-06-08.17:07:43::SCWPlatform::Opened existing hwdb system_wrapper_0
TRACE::2025-06-08.17:07:43::SCWPlatform::Found the Hw Db part of the input DSA
TRACE::2025-06-08.17:07:43::SCWMssOS::Checking the sw design at  C:/Users/saber/Desktop/share/DanDike_NewBoard/vitis1/system_wrapper/ps7_cortexa9_1/standalone_ps7_cortexa9_1/bsp/system.mss
TRACE::2025-06-08.17:07:43::SCWMssOS::DEBUG:  swdes dump  C:/Users/saber/Desktop/share/DanDike_NewBoard/vitis1/system_wrapper/ps7_cortexa9_1/standalone_ps7_cortexa9_1/bsp/system.mss|system_0||
C:/Users/saber/Desktop/share/DanDike_NewBoard/vitis1/system_wrapper/zynq_fsbl/zynq_fsbl_bsp/system.mss|system||

TRACE::2025-06-08.17:07:43::SCWMssOS::Sw design exists and opened at  C:/Users/saber/Desktop/share/DanDike_NewBoard/vitis1/system_wrapper/ps7_cortexa9_1/standalone_ps7_cortexa9_1/bsp/system.mss
TRACE::2025-06-08.17:07:43::SCWPlatform::Trying to open the hw design at C:/Users/saber/Desktop/share/DanDike_NewBoard/vitis1/system_wrapper/hw/system_wrapper.xsa
TRACE::2025-06-08.17:07:43::SCWPlatform::DSA given C:/Users/saber/Desktop/share/DanDike_NewBoard/vitis1/system_wrapper/hw/system_wrapper.xsa
TRACE::2025-06-08.17:07:43::SCWPlatform::DSA absoulate path C:/Users/saber/Desktop/share/DanDike_NewBoard/vitis1/system_wrapper/hw/system_wrapper.xsa
TRACE::2025-06-08.17:07:43::SCWPlatform::DSA directory C:/Users/saber/Desktop/share/DanDike_NewBoard/vitis1/system_wrapper/hw
TRACE::2025-06-08.17:07:43::SCWPlatform:: Platform Path C:/Users/saber/Desktop/share/DanDike_NewBoard/vitis1/system_wrapper/hw/system_wrapper.xsa
TRACE::2025-06-08.17:07:43::SCWPlatform:: Unique name xilinx:::0.0
TRACE::2025-06-08.17:07:43::SCWPlatform::Trying to set the existing hwdb with name system_wrapper_0
TRACE::2025-06-08.17:07:43::SCWPlatform::Opened existing hwdb system_wrapper_0
TRACE::2025-06-08.17:07:43::SCWPlatform::Found the Hw Db part of the input DSA
TRACE::2025-06-08.17:07:43::SCWMssOS::Checking the sw design at  C:/Users/saber/Desktop/share/DanDike_NewBoard/vitis1/system_wrapper/ps7_cortexa9_1/standalone_ps7_cortexa9_1/bsp/system.mss
TRACE::2025-06-08.17:07:43::SCWMssOS::DEBUG:  swdes dump  C:/Users/saber/Desktop/share/DanDike_NewBoard/vitis1/system_wrapper/ps7_cortexa9_1/standalone_ps7_cortexa9_1/bsp/system.mss|system_0||
C:/Users/saber/Desktop/share/DanDike_NewBoard/vitis1/system_wrapper/zynq_fsbl/zynq_fsbl_bsp/system.mss|system||

TRACE::2025-06-08.17:07:43::SCWMssOS::Sw design exists and opened at  C:/Users/saber/Desktop/share/DanDike_NewBoard/vitis1/system_wrapper/ps7_cortexa9_1/standalone_ps7_cortexa9_1/bsp/system.mss
TRACE::2025-06-08.17:07:43::SCWWriter::formatted JSON is {
	"platformName":	"system_wrapper",
	"sprVersion":	"2.0",
	"mode":	"gui",
	"dsaType":	"Fixed",
	"platformDesc":	"system_wrapper",
	"platHandOff":	"<platformDir>.xsa",
	"platIntHandOff":	"<platformDir>/hw/system_wrapper.xsa",
	"deviceType":	"zynq",
	"platIsPrebuiltAutogen":	"false",
	"platIsNoBootBsp":	"false",
	"platFsblTarget":	"ps7_cortexa9_0",
	"hasFsblMakeHasChanges":	"false",
	"hasPmufwMakeHasChanges":	"false",
	"fsblExtraCompilerFlags":	"-MMD -MP       -mcpu=cortex-a9 -mfpu=vfpv3 -mfloat-abi=hard ",
	"platPreBuiltFlag":	false,
	"platformSamplesDir":	"",
	"platActiveSys":	"system_wrapper",
	"systems":	[{
			"systemName":	"system_wrapper",
			"systemDesc":	"system_wrapper",
			"sysIsBootAutoGen":	"true",
			"systemDispName":	"system_wrapper",
			"sysActiveDom":	"standalone_ps7_cortexa9_1",
			"sysDefaultDom":	"standalone_ps7_cortexa9_1",
			"domains":	[{
					"domainName":	"zynq_fsbl",
					"domainDispName":	"zynq_fsbl",
					"domainDesc":	"FSBL Application BSP - Auto Generated.",
					"processors":	"ps7_cortexa9_0",
					"os":	"standalone",
					"sdxOs":	"standalone",
					"debugEnable":	"",
					"domRuntimes":	["cpp"],
					"swRepo":	"",
					"mssOsVer":	"7.3",
					"mssFile":	"",
					"md5Digest":	"dacb7111ae2ca53c35e8ea57ed4ecb10",
					"compatibleApp":	"zynq_fsbl",
					"domType":	"bootDomain",
					"arch":	"32-bit",
					"appSettings":	{
						"appCompilerFlags":	"",
						"appLinkerFlags":	""
					},
					"addedLibs":	["xilffs:4.4", "xilrsa:1.6"],
					"libOptions":	{
						"libsContainingOptions":	[]
					},
					"prebuiltLibs":	{
						"prebuiltIncPath":	[],
						"prebuiltLibPath":	[]
					},
					"isolation":	{
					}
				}, {
					"domainName":	"standalone_ps7_cortexa9_1",
					"domainDispName":	"standalone_ps7_cortexa9_1",
					"domainDesc":	"standalone_ps7_cortexa9_1",
					"processors":	"ps7_cortexa9_1",
					"os":	"standalone",
					"sdxOs":	"standalone",
					"qemuArgs":	"E:/vivado/Vitis/2020.2/data/emulation/platforms/zynq/sw/a9_standalone/qemu/qemu_args.txt",
					"qemuData":	"E:/vivado/Vitis/2020.2/data/emulation/platforms/zynq/sw/a9_standalone/qemu/",
					"debugEnable":	"False",
					"domRuntimes":	["cpp"],
					"swRepo":	"",
					"mssOsVer":	"7.3",
					"mssFile":	"",
					"md5Digest":	"8c6de1f5ed47dac36dac89cdb928e6a4",
					"compatibleApp":	"empty_application",
					"domType":	"mssDomain",
					"arch":	"32-bit",
					"appSettings":	{
						"appCompilerFlags":	"",
						"appLinkerFlags":	""
					},
					"addedLibs":	[],
					"libOptions":	{
						"libsContainingOptions":	[]
					},
					"prebuiltLibs":	{
						"prebuiltIncPath":	[],
						"prebuiltLibPath":	[]
					},
					"isolation":	{
					}
				}]
		}]
}
KEYINFO::2025-06-08.17:07:43::SCWPlatform::updated the xpfm file.
TRACE::2025-06-08.17:07:43::SCWPlatform::Trying to open the hw design at C:/Users/saber/Desktop/share/DanDike_NewBoard/vitis1/system_wrapper/hw/system_wrapper.xsa
TRACE::2025-06-08.17:07:43::SCWPlatform::DSA given C:/Users/saber/Desktop/share/DanDike_NewBoard/vitis1/system_wrapper/hw/system_wrapper.xsa
TRACE::2025-06-08.17:07:43::SCWPlatform::DSA absoulate path C:/Users/saber/Desktop/share/DanDike_NewBoard/vitis1/system_wrapper/hw/system_wrapper.xsa
TRACE::2025-06-08.17:07:43::SCWPlatform::DSA directory C:/Users/saber/Desktop/share/DanDike_NewBoard/vitis1/system_wrapper/hw
TRACE::2025-06-08.17:07:43::SCWPlatform:: Platform Path C:/Users/saber/Desktop/share/DanDike_NewBoard/vitis1/system_wrapper/hw/system_wrapper.xsa
TRACE::2025-06-08.17:07:43::SCWPlatform:: Unique name xilinx:::0.0
TRACE::2025-06-08.17:07:43::SCWPlatform::Trying to set the existing hwdb with name system_wrapper_0
TRACE::2025-06-08.17:07:43::SCWPlatform::Opened existing hwdb system_wrapper_0
TRACE::2025-06-08.17:07:43::SCWPlatform::Found the Hw Db part of the input DSA
TRACE::2025-06-08.17:07:43::SCWMssOS::Checking the sw design at  C:/Users/saber/Desktop/share/DanDike_NewBoard/vitis1/system_wrapper/ps7_cortexa9_1/standalone_ps7_cortexa9_1/bsp/system.mss
TRACE::2025-06-08.17:07:43::SCWMssOS::DEBUG:  swdes dump  C:/Users/saber/Desktop/share/DanDike_NewBoard/vitis1/system_wrapper/ps7_cortexa9_1/standalone_ps7_cortexa9_1/bsp/system.mss|system_0||
C:/Users/saber/Desktop/share/DanDike_NewBoard/vitis1/system_wrapper/zynq_fsbl/zynq_fsbl_bsp/system.mss|system||

TRACE::2025-06-08.17:07:43::SCWMssOS::Sw design exists and opened at  C:/Users/saber/Desktop/share/DanDike_NewBoard/vitis1/system_wrapper/ps7_cortexa9_1/standalone_ps7_cortexa9_1/bsp/system.mss
