14:49:28 INFO  : Launching XSCT server: xsct.bat -n  -interactive C:\Users\saber\Desktop\share\DanDike_NewBoard\vitis1\temp_xsdb_launch_script.tcl
14:49:28 INFO  : Registering command handlers for Vitis TCF services
14:49:30 INFO  : XSCT server has started successfully.
14:49:30 INFO  : Platform repository initialization has completed.
14:49:30 INFO  : plnx-install-location is set to ''
14:49:30 INFO  : Successfully done setting XSCT server connection channel  
14:49:30 INFO  : Successfully done query RDI_DATADIR 
14:49:30 INFO  : Successfully done setting workspace for the tool. 
14:51:47 INFO  : Result from executing command 'getProjects': system_wrapper
14:51:47 INFO  : Result from executing command 'getPlatforms': 
14:51:47 WARN  : An unexpected exception occurred in the module 'platform project logging'
14:51:47 INFO  : Platform 'system_wrapper' is added to custom repositories.
14:51:56 INFO  : Platform 'system_wrapper' is added to custom repositories.
14:53:32 INFO  : Result from executing command 'getProjects': system_wrapper
14:53:32 INFO  : Result from executing command 'getPlatforms': C:\Users\saber\Desktop\share\DanDike_NewBoard\vitis1\system_wrapper\export\system_wrapper\system_wrapper.xpfm|C:/Users/saber/Desktop/share/DanDike_NewBoard/vitis1/system_wrapper/export/system_wrapper/system_wrapper.xpfm
14:53:32 INFO  : Checking for BSP changes to sync application flags for project 'CPU1'...
15:11:52 INFO  : Checking for BSP changes to sync application flags for project 'CPU1'...
15:16:19 INFO  : Checking for BSP changes to sync application flags for project 'CPU1'...
16:13:29 INFO  : Checking for BSP changes to sync application flags for project 'CPU1'...
16:13:56 INFO  : Checking for BSP changes to sync application flags for project 'CPU1'...
16:15:43 INFO  : Checking for BSP changes to sync application flags for project 'CPU1'...
16:16:02 INFO  : Connected to target on host '127.0.0.1' and port '3121'.
16:16:02 INFO  : Jtag cable 'Digilent JTAG-SMT2 210251A08870' is selected.
16:16:02 INFO  : 'jtag frequency' command is executed.
16:16:02 INFO  : Context for 'APU' is selected.
16:16:02 INFO  : System reset is completed.
16:16:05 INFO  : 'after 3000' command is executed.
16:16:06 INFO  : 'targets -set -filter {jtag_cable_name =~ "Digilent JTAG-SMT2 210251A08870" && level==0 && jtag_device_ctx=="jsn-JTAG-SMT2-210251A08870-23727093-0"}' command is executed.
16:16:08 INFO  : Device configured successfully with "C:/Users/saber/Desktop/share/DanDike_NewBoard/vitis1/CPU1/_ide/bitstream/system_wrapper.bit"
16:16:08 INFO  : Context for 'APU' is selected.
16:16:08 INFO  : Hardware design and registers information is loaded from 'C:/Users/saber/Desktop/share/DanDike_NewBoard/vitis1/system_wrapper/export/system_wrapper/hw/system_wrapper.xsa'.
16:16:08 INFO  : 'configparams force-mem-access 1' command is executed.
16:16:08 INFO  : Context for 'APU' is selected.
16:16:08 INFO  : Sourcing of 'C:/Users/saber/Desktop/share/DanDike_NewBoard/vitis1/CPU1/_ide/psinit/ps7_init.tcl' is done.
16:16:09 INFO  : 'ps7_init' command is executed.
16:16:09 INFO  : 'ps7_post_config' command is executed.
16:16:09 INFO  : Context for processor 'ps7_cortexa9_0' is selected.
16:16:09 INFO  : The application 'C:/Users/saber/Desktop/share/DanDike_NewBoard/vitis1/CPU1/Debug/CPU1.elf' is downloaded to processor 'ps7_cortexa9_0'.
16:16:10 INFO  : 'configparams force-mem-access 0' command is executed.
16:16:10 INFO  : ----------------XSDB Script----------------
connect -url tcp:127.0.0.1:3121
targets -set -nocase -filter {name =~"APU*"}
rst -system
after 3000
targets -set -filter {jtag_cable_name =~ "Digilent JTAG-SMT2 210251A08870" && level==0 && jtag_device_ctx=="jsn-JTAG-SMT2-210251A08870-23727093-0"}
fpga -file C:/Users/saber/Desktop/share/DanDike_NewBoard/vitis1/CPU1/_ide/bitstream/system_wrapper.bit
targets -set -nocase -filter {name =~"APU*"}
loadhw -hw C:/Users/saber/Desktop/share/DanDike_NewBoard/vitis1/system_wrapper/export/system_wrapper/hw/system_wrapper.xsa -mem-ranges [list {0x40000000 0xbfffffff}] -regs
configparams force-mem-access 1
targets -set -nocase -filter {name =~"APU*"}
source C:/Users/saber/Desktop/share/DanDike_NewBoard/vitis1/CPU1/_ide/psinit/ps7_init.tcl
ps7_init
ps7_post_config
targets -set -nocase -filter {name =~ "*A9*#0"}
dow C:/Users/saber/Desktop/share/DanDike_NewBoard/vitis1/CPU1/Debug/CPU1.elf
configparams force-mem-access 0
----------------End of Script----------------

16:16:10 INFO  : Context for processor 'ps7_cortexa9_0' is selected.
16:16:10 INFO  : 'con' command is executed.
16:16:10 INFO  : ----------------XSDB Script (After Launch)----------------
targets -set -nocase -filter {name =~ "*A9*#0"}
con
----------------End of Script----------------

16:16:10 INFO  : Launch script is exported to file 'C:\Users\saber\Desktop\share\DanDike_NewBoard\vitis1\DDK_system\_ide\scripts\debugger_cpu1-default.tcl'
16:16:26 INFO  : Checking for BSP changes to sync application flags for project 'CPU1'...
16:16:32 INFO  : Disconnected from the channel tcfchan#3.
16:16:33 INFO  : Connected to target on host '127.0.0.1' and port '3121'.
16:16:33 INFO  : Jtag cable 'Digilent JTAG-SMT2 210251A08870' is selected.
16:16:33 INFO  : 'jtag frequency' command is executed.
16:16:33 INFO  : Context for 'APU' is selected.
16:16:33 INFO  : System reset is completed.
16:16:36 INFO  : 'after 3000' command is executed.
16:16:36 INFO  : 'targets -set -filter {jtag_cable_name =~ "Digilent JTAG-SMT2 210251A08870" && level==0 && jtag_device_ctx=="jsn-JTAG-SMT2-210251A08870-23727093-0"}' command is executed.
16:16:38 INFO  : Device configured successfully with "C:/Users/saber/Desktop/share/DanDike_NewBoard/vitis1/CPU1/_ide/bitstream/system_wrapper.bit"
16:16:38 INFO  : Context for 'APU' is selected.
16:16:38 INFO  : Hardware design and registers information is loaded from 'C:/Users/saber/Desktop/share/DanDike_NewBoard/vitis1/system_wrapper/export/system_wrapper/hw/system_wrapper.xsa'.
16:16:38 INFO  : 'configparams force-mem-access 1' command is executed.
16:16:39 INFO  : Context for 'APU' is selected.
16:16:39 INFO  : Sourcing of 'C:/Users/saber/Desktop/share/DanDike_NewBoard/vitis1/CPU1/_ide/psinit/ps7_init.tcl' is done.
16:16:39 INFO  : 'ps7_init' command is executed.
16:16:39 INFO  : 'ps7_post_config' command is executed.
16:16:39 INFO  : Context for processor 'ps7_cortexa9_0' is selected.
16:16:40 INFO  : The application 'C:/Users/saber/Desktop/share/DanDike_NewBoard/vitis1/CPU1/Debug/CPU1.elf' is downloaded to processor 'ps7_cortexa9_0'.
16:16:40 INFO  : 'configparams force-mem-access 0' command is executed.
16:16:40 INFO  : ----------------XSDB Script----------------
connect -url tcp:127.0.0.1:3121
targets -set -nocase -filter {name =~"APU*"}
rst -system
after 3000
targets -set -filter {jtag_cable_name =~ "Digilent JTAG-SMT2 210251A08870" && level==0 && jtag_device_ctx=="jsn-JTAG-SMT2-210251A08870-23727093-0"}
fpga -file C:/Users/saber/Desktop/share/DanDike_NewBoard/vitis1/CPU1/_ide/bitstream/system_wrapper.bit
targets -set -nocase -filter {name =~"APU*"}
loadhw -hw C:/Users/saber/Desktop/share/DanDike_NewBoard/vitis1/system_wrapper/export/system_wrapper/hw/system_wrapper.xsa -mem-ranges [list {0x40000000 0xbfffffff}] -regs
configparams force-mem-access 1
targets -set -nocase -filter {name =~"APU*"}
source C:/Users/saber/Desktop/share/DanDike_NewBoard/vitis1/CPU1/_ide/psinit/ps7_init.tcl
ps7_init
ps7_post_config
targets -set -nocase -filter {name =~ "*A9*#0"}
dow C:/Users/saber/Desktop/share/DanDike_NewBoard/vitis1/CPU1/Debug/CPU1.elf
configparams force-mem-access 0
----------------End of Script----------------

16:16:40 INFO  : Context for processor 'ps7_cortexa9_0' is selected.
16:16:40 INFO  : 'con' command is executed.
16:16:40 INFO  : ----------------XSDB Script (After Launch)----------------
targets -set -nocase -filter {name =~ "*A9*#0"}
con
----------------End of Script----------------

16:16:40 INFO  : Launch script is exported to file 'C:\Users\saber\Desktop\share\DanDike_NewBoard\vitis1\DDK_system\_ide\scripts\debugger_cpu1-default.tcl'
16:16:58 INFO  : Disconnected from the channel tcfchan#4.
16:16:59 INFO  : Connected to target on host '127.0.0.1' and port '3121'.
16:17:00 INFO  : Jtag cable 'Digilent JTAG-SMT2 210251A08870' is selected.
16:17:00 INFO  : 'jtag frequency' command is executed.
16:17:00 INFO  : Context for 'APU' is selected.
16:17:00 INFO  : System reset is completed.
16:17:03 INFO  : 'after 3000' command is executed.
16:17:03 INFO  : 'targets -set -filter {jtag_cable_name =~ "Digilent JTAG-SMT2 210251A08870" && level==0 && jtag_device_ctx=="jsn-JTAG-SMT2-210251A08870-23727093-0"}' command is executed.
16:17:05 INFO  : Device configured successfully with "C:/Users/saber/Desktop/share/DanDike_NewBoard/vitis1/CPU1/_ide/bitstream/system_wrapper.bit"
16:17:05 INFO  : Context for 'APU' is selected.
16:17:05 INFO  : Hardware design and registers information is loaded from 'C:/Users/saber/Desktop/share/DanDike_NewBoard/vitis1/system_wrapper/export/system_wrapper/hw/system_wrapper.xsa'.
16:17:05 INFO  : 'configparams force-mem-access 1' command is executed.
16:17:05 INFO  : Context for 'APU' is selected.
16:17:05 INFO  : Sourcing of 'C:/Users/saber/Desktop/share/DanDike_NewBoard/vitis1/CPU1/_ide/psinit/ps7_init.tcl' is done.
16:17:06 INFO  : 'ps7_init' command is executed.
16:17:06 INFO  : 'ps7_post_config' command is executed.
16:17:06 INFO  : Context for processor 'ps7_cortexa9_0' is selected.
16:17:06 INFO  : The application 'C:/Users/saber/Desktop/share/DanDike_NewBoard/vitis1/CPU1/Debug/CPU1.elf' is downloaded to processor 'ps7_cortexa9_0'.
16:17:06 INFO  : 'configparams force-mem-access 0' command is executed.
16:17:06 INFO  : ----------------XSDB Script----------------
connect -url tcp:127.0.0.1:3121
targets -set -nocase -filter {name =~"APU*"}
rst -system
after 3000
targets -set -filter {jtag_cable_name =~ "Digilent JTAG-SMT2 210251A08870" && level==0 && jtag_device_ctx=="jsn-JTAG-SMT2-210251A08870-23727093-0"}
fpga -file C:/Users/saber/Desktop/share/DanDike_NewBoard/vitis1/CPU1/_ide/bitstream/system_wrapper.bit
targets -set -nocase -filter {name =~"APU*"}
loadhw -hw C:/Users/saber/Desktop/share/DanDike_NewBoard/vitis1/system_wrapper/export/system_wrapper/hw/system_wrapper.xsa -mem-ranges [list {0x40000000 0xbfffffff}] -regs
configparams force-mem-access 1
targets -set -nocase -filter {name =~"APU*"}
source C:/Users/saber/Desktop/share/DanDike_NewBoard/vitis1/CPU1/_ide/psinit/ps7_init.tcl
ps7_init
ps7_post_config
targets -set -nocase -filter {name =~ "*A9*#0"}
dow C:/Users/saber/Desktop/share/DanDike_NewBoard/vitis1/CPU1/Debug/CPU1.elf
configparams force-mem-access 0
----------------End of Script----------------

16:17:07 INFO  : Context for processor 'ps7_cortexa9_0' is selected.
16:17:07 INFO  : 'con' command is executed.
16:17:07 INFO  : ----------------XSDB Script (After Launch)----------------
targets -set -nocase -filter {name =~ "*A9*#0"}
con
----------------End of Script----------------

16:17:07 INFO  : Launch script is exported to file 'C:\Users\saber\Desktop\share\DanDike_NewBoard\vitis1\DDK_system\_ide\scripts\debugger_cpu1-default.tcl'
16:22:33 INFO  : Disconnected from the channel tcfchan#5.
16:22:34 INFO  : Connected to target on host '127.0.0.1' and port '3121'.
16:22:34 INFO  : Jtag cable 'Digilent JTAG-SMT2 210251A08870' is selected.
16:22:34 INFO  : 'jtag frequency' command is executed.
16:22:34 INFO  : Context for 'APU' is selected.
16:22:34 INFO  : System reset is completed.
16:22:37 INFO  : 'after 3000' command is executed.
16:22:37 INFO  : 'targets -set -filter {jtag_cable_name =~ "Digilent JTAG-SMT2 210251A08870" && level==0 && jtag_device_ctx=="jsn-JTAG-SMT2-210251A08870-23727093-0"}' command is executed.
16:22:39 INFO  : Device configured successfully with "C:/Users/saber/Desktop/share/DanDike_NewBoard/vitis1/CPU1/_ide/bitstream/system_wrapper.bit"
16:22:39 INFO  : Context for 'APU' is selected.
16:22:40 INFO  : Hardware design and registers information is loaded from 'C:/Users/saber/Desktop/share/DanDike_NewBoard/vitis1/system_wrapper/export/system_wrapper/hw/system_wrapper.xsa'.
16:22:40 INFO  : 'configparams force-mem-access 1' command is executed.
16:22:40 INFO  : Context for 'APU' is selected.
16:22:40 INFO  : Sourcing of 'C:/Users/saber/Desktop/share/DanDike_NewBoard/vitis1/CPU1/_ide/psinit/ps7_init.tcl' is done.
16:22:40 INFO  : 'ps7_init' command is executed.
16:22:40 INFO  : 'ps7_post_config' command is executed.
16:22:40 INFO  : Context for processor 'ps7_cortexa9_0' is selected.
16:22:41 INFO  : The application 'C:/Users/saber/Desktop/share/DanDike_NewBoard/vitis1/CPU1/Debug/CPU1.elf' is downloaded to processor 'ps7_cortexa9_0'.
16:22:41 INFO  : 'configparams force-mem-access 0' command is executed.
16:22:41 INFO  : ----------------XSDB Script----------------
connect -url tcp:127.0.0.1:3121
targets -set -nocase -filter {name =~"APU*"}
rst -system
after 3000
targets -set -filter {jtag_cable_name =~ "Digilent JTAG-SMT2 210251A08870" && level==0 && jtag_device_ctx=="jsn-JTAG-SMT2-210251A08870-23727093-0"}
fpga -file C:/Users/saber/Desktop/share/DanDike_NewBoard/vitis1/CPU1/_ide/bitstream/system_wrapper.bit
targets -set -nocase -filter {name =~"APU*"}
loadhw -hw C:/Users/saber/Desktop/share/DanDike_NewBoard/vitis1/system_wrapper/export/system_wrapper/hw/system_wrapper.xsa -mem-ranges [list {0x40000000 0xbfffffff}] -regs
configparams force-mem-access 1
targets -set -nocase -filter {name =~"APU*"}
source C:/Users/saber/Desktop/share/DanDike_NewBoard/vitis1/CPU1/_ide/psinit/ps7_init.tcl
ps7_init
ps7_post_config
targets -set -nocase -filter {name =~ "*A9*#0"}
dow C:/Users/saber/Desktop/share/DanDike_NewBoard/vitis1/CPU1/Debug/CPU1.elf
configparams force-mem-access 0
----------------End of Script----------------

16:22:41 INFO  : Context for processor 'ps7_cortexa9_0' is selected.
16:22:41 INFO  : 'con' command is executed.
16:22:41 INFO  : ----------------XSDB Script (After Launch)----------------
targets -set -nocase -filter {name =~ "*A9*#0"}
con
----------------End of Script----------------

16:22:41 INFO  : Launch script is exported to file 'C:\Users\saber\Desktop\share\DanDike_NewBoard\vitis1\DDK_system\_ide\scripts\debugger_cpu1-default.tcl'
16:32:43 INFO  : Disconnected from the channel tcfchan#6.
16:32:44 INFO  : Connected to target on host '127.0.0.1' and port '3121'.
16:32:44 INFO  : Jtag cable 'Digilent JTAG-SMT2 210251A08870' is selected.
16:32:44 INFO  : 'jtag frequency' command is executed.
16:32:45 INFO  : Context for 'APU' is selected.
16:32:45 INFO  : System reset is completed.
16:32:48 INFO  : 'after 3000' command is executed.
16:32:48 INFO  : 'targets -set -filter {jtag_cable_name =~ "Digilent JTAG-SMT2 210251A08870" && level==0 && jtag_device_ctx=="jsn-JTAG-SMT2-210251A08870-23727093-0"}' command is executed.
16:32:50 INFO  : Device configured successfully with "C:/Users/saber/Desktop/share/DanDike_NewBoard/vitis1/CPU1/_ide/bitstream/system_wrapper.bit"
16:32:50 INFO  : Context for 'APU' is selected.
16:32:50 INFO  : Hardware design and registers information is loaded from 'C:/Users/saber/Desktop/share/DanDike_NewBoard/vitis1/system_wrapper/export/system_wrapper/hw/system_wrapper.xsa'.
16:32:50 INFO  : 'configparams force-mem-access 1' command is executed.
16:32:50 INFO  : Context for 'APU' is selected.
16:32:50 INFO  : Sourcing of 'C:/Users/saber/Desktop/share/DanDike_NewBoard/vitis1/CPU1/_ide/psinit/ps7_init.tcl' is done.
16:32:50 INFO  : 'ps7_init' command is executed.
16:32:50 INFO  : 'ps7_post_config' command is executed.
16:32:50 INFO  : Context for processor 'ps7_cortexa9_0' is selected.
16:32:51 INFO  : The application 'C:/Users/saber/Desktop/share/DanDike_NewBoard/vitis1/CPU1/Debug/CPU1.elf' is downloaded to processor 'ps7_cortexa9_0'.
16:32:51 INFO  : 'configparams force-mem-access 0' command is executed.
16:32:51 INFO  : ----------------XSDB Script----------------
connect -url tcp:127.0.0.1:3121
targets -set -nocase -filter {name =~"APU*"}
rst -system
after 3000
targets -set -filter {jtag_cable_name =~ "Digilent JTAG-SMT2 210251A08870" && level==0 && jtag_device_ctx=="jsn-JTAG-SMT2-210251A08870-23727093-0"}
fpga -file C:/Users/saber/Desktop/share/DanDike_NewBoard/vitis1/CPU1/_ide/bitstream/system_wrapper.bit
targets -set -nocase -filter {name =~"APU*"}
loadhw -hw C:/Users/saber/Desktop/share/DanDike_NewBoard/vitis1/system_wrapper/export/system_wrapper/hw/system_wrapper.xsa -mem-ranges [list {0x40000000 0xbfffffff}] -regs
configparams force-mem-access 1
targets -set -nocase -filter {name =~"APU*"}
source C:/Users/saber/Desktop/share/DanDike_NewBoard/vitis1/CPU1/_ide/psinit/ps7_init.tcl
ps7_init
ps7_post_config
targets -set -nocase -filter {name =~ "*A9*#0"}
dow C:/Users/saber/Desktop/share/DanDike_NewBoard/vitis1/CPU1/Debug/CPU1.elf
configparams force-mem-access 0
----------------End of Script----------------

16:32:51 INFO  : Context for processor 'ps7_cortexa9_0' is selected.
16:32:51 INFO  : 'con' command is executed.
16:32:51 INFO  : ----------------XSDB Script (After Launch)----------------
targets -set -nocase -filter {name =~ "*A9*#0"}
con
----------------End of Script----------------

16:32:51 INFO  : Launch script is exported to file 'C:\Users\saber\Desktop\share\DanDike_NewBoard\vitis1\DDK_system\_ide\scripts\debugger_cpu1-default.tcl'
16:41:05 INFO  : Disconnected from the channel tcfchan#7.
16:56:55 INFO  : Checking for BSP changes to sync application flags for project 'CPU1'...
16:57:01 INFO  : Connected to target on host '127.0.0.1' and port '3121'.
16:57:01 INFO  : Jtag cable 'Digilent JTAG-SMT2 210251A08870' is selected.
16:57:01 INFO  : 'jtag frequency' command is executed.
16:57:01 INFO  : Context for 'APU' is selected.
16:57:01 INFO  : System reset is completed.
16:57:04 INFO  : 'after 3000' command is executed.
16:57:04 INFO  : 'targets -set -filter {jtag_cable_name =~ "Digilent JTAG-SMT2 210251A08870" && level==0 && jtag_device_ctx=="jsn-JTAG-SMT2-210251A08870-23727093-0"}' command is executed.
16:57:06 INFO  : Device configured successfully with "C:/Users/saber/Desktop/share/DanDike_NewBoard/vitis1/CPU1/_ide/bitstream/system_wrapper.bit"
16:57:06 INFO  : Context for 'APU' is selected.
16:57:06 INFO  : Hardware design and registers information is loaded from 'C:/Users/saber/Desktop/share/DanDike_NewBoard/vitis1/system_wrapper/export/system_wrapper/hw/system_wrapper.xsa'.
16:57:06 INFO  : 'configparams force-mem-access 1' command is executed.
16:57:06 INFO  : Context for 'APU' is selected.
16:57:06 INFO  : Sourcing of 'C:/Users/saber/Desktop/share/DanDike_NewBoard/vitis1/CPU1/_ide/psinit/ps7_init.tcl' is done.
16:57:07 INFO  : 'ps7_init' command is executed.
16:57:07 INFO  : 'ps7_post_config' command is executed.
16:57:07 INFO  : Context for processor 'ps7_cortexa9_0' is selected.
16:57:08 INFO  : The application 'C:/Users/saber/Desktop/share/DanDike_NewBoard/vitis1/CPU1/Debug/CPU1.elf' is downloaded to processor 'ps7_cortexa9_0'.
16:57:08 INFO  : 'configparams force-mem-access 0' command is executed.
16:57:08 INFO  : ----------------XSDB Script----------------
connect -url tcp:127.0.0.1:3121
targets -set -nocase -filter {name =~"APU*"}
rst -system
after 3000
targets -set -filter {jtag_cable_name =~ "Digilent JTAG-SMT2 210251A08870" && level==0 && jtag_device_ctx=="jsn-JTAG-SMT2-210251A08870-23727093-0"}
fpga -file C:/Users/saber/Desktop/share/DanDike_NewBoard/vitis1/CPU1/_ide/bitstream/system_wrapper.bit
targets -set -nocase -filter {name =~"APU*"}
loadhw -hw C:/Users/saber/Desktop/share/DanDike_NewBoard/vitis1/system_wrapper/export/system_wrapper/hw/system_wrapper.xsa -mem-ranges [list {0x40000000 0xbfffffff}] -regs
configparams force-mem-access 1
targets -set -nocase -filter {name =~"APU*"}
source C:/Users/saber/Desktop/share/DanDike_NewBoard/vitis1/CPU1/_ide/psinit/ps7_init.tcl
ps7_init
ps7_post_config
targets -set -nocase -filter {name =~ "*A9*#0"}
dow C:/Users/saber/Desktop/share/DanDike_NewBoard/vitis1/CPU1/Debug/CPU1.elf
configparams force-mem-access 0
----------------End of Script----------------

16:57:08 INFO  : Context for processor 'ps7_cortexa9_0' is selected.
16:57:08 INFO  : 'con' command is executed.
16:57:08 INFO  : ----------------XSDB Script (After Launch)----------------
targets -set -nocase -filter {name =~ "*A9*#0"}
con
----------------End of Script----------------

16:57:08 INFO  : Launch script is exported to file 'C:\Users\saber\Desktop\share\DanDike_NewBoard\vitis1\DDK_system\_ide\scripts\debugger_cpu1-default.tcl'
17:03:15 INFO  : Disconnected from the channel tcfchan#8.
17:03:16 INFO  : Connected to target on host '127.0.0.1' and port '3121'.
17:03:16 INFO  : Jtag cable 'Digilent JTAG-SMT2 210251A08870' is selected.
17:03:16 INFO  : 'jtag frequency' command is executed.
17:03:16 INFO  : Context for 'APU' is selected.
17:03:16 INFO  : System reset is completed.
17:03:19 INFO  : 'after 3000' command is executed.
17:03:19 INFO  : 'targets -set -filter {jtag_cable_name =~ "Digilent JTAG-SMT2 210251A08870" && level==0 && jtag_device_ctx=="jsn-JTAG-SMT2-210251A08870-23727093-0"}' command is executed.
17:03:21 INFO  : Device configured successfully with "C:/Users/saber/Desktop/share/DanDike_NewBoard/vitis1/CPU1/_ide/bitstream/system_wrapper.bit"
17:03:21 INFO  : Context for 'APU' is selected.
17:03:21 INFO  : Hardware design and registers information is loaded from 'C:/Users/saber/Desktop/share/DanDike_NewBoard/vitis1/system_wrapper/export/system_wrapper/hw/system_wrapper.xsa'.
17:03:21 INFO  : 'configparams force-mem-access 1' command is executed.
17:03:21 INFO  : Context for 'APU' is selected.
17:03:21 INFO  : Sourcing of 'C:/Users/saber/Desktop/share/DanDike_NewBoard/vitis1/CPU1/_ide/psinit/ps7_init.tcl' is done.
17:03:22 INFO  : 'ps7_init' command is executed.
17:03:22 INFO  : 'ps7_post_config' command is executed.
17:03:22 INFO  : Context for processor 'ps7_cortexa9_0' is selected.
17:03:23 INFO  : The application 'C:/Users/saber/Desktop/share/DanDike_NewBoard/vitis1/CPU1/Debug/CPU1.elf' is downloaded to processor 'ps7_cortexa9_0'.
17:03:23 INFO  : 'configparams force-mem-access 0' command is executed.
17:03:23 INFO  : ----------------XSDB Script----------------
connect -url tcp:127.0.0.1:3121
targets -set -nocase -filter {name =~"APU*"}
rst -system
after 3000
targets -set -filter {jtag_cable_name =~ "Digilent JTAG-SMT2 210251A08870" && level==0 && jtag_device_ctx=="jsn-JTAG-SMT2-210251A08870-23727093-0"}
fpga -file C:/Users/saber/Desktop/share/DanDike_NewBoard/vitis1/CPU1/_ide/bitstream/system_wrapper.bit
targets -set -nocase -filter {name =~"APU*"}
loadhw -hw C:/Users/saber/Desktop/share/DanDike_NewBoard/vitis1/system_wrapper/export/system_wrapper/hw/system_wrapper.xsa -mem-ranges [list {0x40000000 0xbfffffff}] -regs
configparams force-mem-access 1
targets -set -nocase -filter {name =~"APU*"}
source C:/Users/saber/Desktop/share/DanDike_NewBoard/vitis1/CPU1/_ide/psinit/ps7_init.tcl
ps7_init
ps7_post_config
targets -set -nocase -filter {name =~ "*A9*#0"}
dow C:/Users/saber/Desktop/share/DanDike_NewBoard/vitis1/CPU1/Debug/CPU1.elf
configparams force-mem-access 0
----------------End of Script----------------

17:03:23 INFO  : Context for processor 'ps7_cortexa9_0' is selected.
17:03:23 INFO  : 'con' command is executed.
17:03:23 INFO  : ----------------XSDB Script (After Launch)----------------
targets -set -nocase -filter {name =~ "*A9*#0"}
con
----------------End of Script----------------

17:03:23 INFO  : Launch script is exported to file 'C:\Users\saber\Desktop\share\DanDike_NewBoard\vitis1\DDK_system\_ide\scripts\debugger_cpu1-default.tcl'
17:08:15 INFO  : Disconnected from the channel tcfchan#9.
17:08:16 INFO  : Connected to target on host '127.0.0.1' and port '3121'.
17:08:16 INFO  : Jtag cable 'Digilent JTAG-SMT2 210251A08870' is selected.
17:08:16 INFO  : 'jtag frequency' command is executed.
17:08:16 INFO  : Context for 'APU' is selected.
17:08:16 INFO  : System reset is completed.
17:08:19 INFO  : 'after 3000' command is executed.
17:08:19 INFO  : 'targets -set -filter {jtag_cable_name =~ "Digilent JTAG-SMT2 210251A08870" && level==0 && jtag_device_ctx=="jsn-JTAG-SMT2-210251A08870-23727093-0"}' command is executed.
17:08:21 INFO  : Device configured successfully with "C:/Users/saber/Desktop/share/DanDike_NewBoard/vitis1/CPU1/_ide/bitstream/system_wrapper.bit"
17:08:21 INFO  : Context for 'APU' is selected.
17:08:21 INFO  : Hardware design and registers information is loaded from 'C:/Users/saber/Desktop/share/DanDike_NewBoard/vitis1/system_wrapper/export/system_wrapper/hw/system_wrapper.xsa'.
17:08:21 INFO  : 'configparams force-mem-access 1' command is executed.
17:08:21 INFO  : Context for 'APU' is selected.
17:08:21 INFO  : Sourcing of 'C:/Users/saber/Desktop/share/DanDike_NewBoard/vitis1/CPU1/_ide/psinit/ps7_init.tcl' is done.
17:08:22 INFO  : 'ps7_init' command is executed.
17:08:22 INFO  : 'ps7_post_config' command is executed.
17:08:22 INFO  : Context for processor 'ps7_cortexa9_0' is selected.
17:08:23 INFO  : The application 'C:/Users/saber/Desktop/share/DanDike_NewBoard/vitis1/CPU1/Debug/CPU1.elf' is downloaded to processor 'ps7_cortexa9_0'.
17:08:23 INFO  : 'configparams force-mem-access 0' command is executed.
17:08:23 INFO  : ----------------XSDB Script----------------
connect -url tcp:127.0.0.1:3121
targets -set -nocase -filter {name =~"APU*"}
rst -system
after 3000
targets -set -filter {jtag_cable_name =~ "Digilent JTAG-SMT2 210251A08870" && level==0 && jtag_device_ctx=="jsn-JTAG-SMT2-210251A08870-23727093-0"}
fpga -file C:/Users/saber/Desktop/share/DanDike_NewBoard/vitis1/CPU1/_ide/bitstream/system_wrapper.bit
targets -set -nocase -filter {name =~"APU*"}
loadhw -hw C:/Users/saber/Desktop/share/DanDike_NewBoard/vitis1/system_wrapper/export/system_wrapper/hw/system_wrapper.xsa -mem-ranges [list {0x40000000 0xbfffffff}] -regs
configparams force-mem-access 1
targets -set -nocase -filter {name =~"APU*"}
source C:/Users/saber/Desktop/share/DanDike_NewBoard/vitis1/CPU1/_ide/psinit/ps7_init.tcl
ps7_init
ps7_post_config
targets -set -nocase -filter {name =~ "*A9*#0"}
dow C:/Users/saber/Desktop/share/DanDike_NewBoard/vitis1/CPU1/Debug/CPU1.elf
configparams force-mem-access 0
----------------End of Script----------------

17:08:23 INFO  : Context for processor 'ps7_cortexa9_0' is selected.
17:08:23 INFO  : 'con' command is executed.
17:08:23 INFO  : ----------------XSDB Script (After Launch)----------------
targets -set -nocase -filter {name =~ "*A9*#0"}
con
----------------End of Script----------------

17:08:23 INFO  : Launch script is exported to file 'C:\Users\saber\Desktop\share\DanDike_NewBoard\vitis1\DDK_system\_ide\scripts\debugger_cpu1-default.tcl'
17:11:43 INFO  : Disconnected from the channel tcfchan#10.
17:11:44 INFO  : Connected to target on host '127.0.0.1' and port '3121'.
17:11:44 INFO  : Jtag cable 'Digilent JTAG-SMT2 210251A08870' is selected.
17:11:44 INFO  : 'jtag frequency' command is executed.
17:11:44 INFO  : Context for 'APU' is selected.
17:11:44 INFO  : System reset is completed.
17:11:47 INFO  : 'after 3000' command is executed.
17:11:47 INFO  : 'targets -set -filter {jtag_cable_name =~ "Digilent JTAG-SMT2 210251A08870" && level==0 && jtag_device_ctx=="jsn-JTAG-SMT2-210251A08870-23727093-0"}' command is executed.
17:11:49 INFO  : Device configured successfully with "C:/Users/saber/Desktop/share/DanDike_NewBoard/vitis1/CPU1/_ide/bitstream/system_wrapper.bit"
17:11:49 INFO  : Context for 'APU' is selected.
17:11:49 INFO  : Hardware design and registers information is loaded from 'C:/Users/saber/Desktop/share/DanDike_NewBoard/vitis1/system_wrapper/export/system_wrapper/hw/system_wrapper.xsa'.
17:11:49 INFO  : 'configparams force-mem-access 1' command is executed.
17:11:49 INFO  : Context for 'APU' is selected.
17:11:49 INFO  : Sourcing of 'C:/Users/saber/Desktop/share/DanDike_NewBoard/vitis1/CPU1/_ide/psinit/ps7_init.tcl' is done.
17:11:50 INFO  : 'ps7_init' command is executed.
17:11:50 INFO  : 'ps7_post_config' command is executed.
17:11:50 INFO  : Context for processor 'ps7_cortexa9_0' is selected.
17:11:51 INFO  : The application 'C:/Users/saber/Desktop/share/DanDike_NewBoard/vitis1/CPU1/Debug/CPU1.elf' is downloaded to processor 'ps7_cortexa9_0'.
17:11:51 INFO  : 'configparams force-mem-access 0' command is executed.
17:11:51 INFO  : ----------------XSDB Script----------------
connect -url tcp:127.0.0.1:3121
targets -set -nocase -filter {name =~"APU*"}
rst -system
after 3000
targets -set -filter {jtag_cable_name =~ "Digilent JTAG-SMT2 210251A08870" && level==0 && jtag_device_ctx=="jsn-JTAG-SMT2-210251A08870-23727093-0"}
fpga -file C:/Users/saber/Desktop/share/DanDike_NewBoard/vitis1/CPU1/_ide/bitstream/system_wrapper.bit
targets -set -nocase -filter {name =~"APU*"}
loadhw -hw C:/Users/saber/Desktop/share/DanDike_NewBoard/vitis1/system_wrapper/export/system_wrapper/hw/system_wrapper.xsa -mem-ranges [list {0x40000000 0xbfffffff}] -regs
configparams force-mem-access 1
targets -set -nocase -filter {name =~"APU*"}
source C:/Users/saber/Desktop/share/DanDike_NewBoard/vitis1/CPU1/_ide/psinit/ps7_init.tcl
ps7_init
ps7_post_config
targets -set -nocase -filter {name =~ "*A9*#0"}
dow C:/Users/saber/Desktop/share/DanDike_NewBoard/vitis1/CPU1/Debug/CPU1.elf
configparams force-mem-access 0
----------------End of Script----------------

17:11:51 INFO  : Context for processor 'ps7_cortexa9_0' is selected.
17:11:51 INFO  : 'con' command is executed.
17:11:51 INFO  : ----------------XSDB Script (After Launch)----------------
targets -set -nocase -filter {name =~ "*A9*#0"}
con
----------------End of Script----------------

17:11:51 INFO  : Launch script is exported to file 'C:\Users\saber\Desktop\share\DanDike_NewBoard\vitis1\DDK_system\_ide\scripts\debugger_cpu1-default.tcl'
17:12:18 INFO  : Disconnected from the channel tcfchan#11.
17:12:19 INFO  : Connected to target on host '127.0.0.1' and port '3121'.
17:12:19 INFO  : Jtag cable 'Digilent JTAG-SMT2 210251A08870' is selected.
17:12:19 INFO  : 'jtag frequency' command is executed.
17:12:19 INFO  : Context for 'APU' is selected.
17:12:19 INFO  : System reset is completed.
17:12:22 INFO  : 'after 3000' command is executed.
17:12:22 INFO  : 'targets -set -filter {jtag_cable_name =~ "Digilent JTAG-SMT2 210251A08870" && level==0 && jtag_device_ctx=="jsn-JTAG-SMT2-210251A08870-23727093-0"}' command is executed.
17:12:24 INFO  : Device configured successfully with "C:/Users/saber/Desktop/share/DanDike_NewBoard/vitis1/CPU1/_ide/bitstream/system_wrapper.bit"
17:12:24 INFO  : Context for 'APU' is selected.
17:12:25 INFO  : Hardware design and registers information is loaded from 'C:/Users/saber/Desktop/share/DanDike_NewBoard/vitis1/system_wrapper/export/system_wrapper/hw/system_wrapper.xsa'.
17:12:25 INFO  : 'configparams force-mem-access 1' command is executed.
17:12:25 INFO  : Context for 'APU' is selected.
17:12:25 INFO  : Sourcing of 'C:/Users/saber/Desktop/share/DanDike_NewBoard/vitis1/CPU1/_ide/psinit/ps7_init.tcl' is done.
17:12:25 INFO  : 'ps7_init' command is executed.
17:12:25 INFO  : 'ps7_post_config' command is executed.
17:12:25 INFO  : Context for processor 'ps7_cortexa9_0' is selected.
17:12:26 INFO  : The application 'C:/Users/saber/Desktop/share/DanDike_NewBoard/vitis1/CPU1/Debug/CPU1.elf' is downloaded to processor 'ps7_cortexa9_0'.
17:12:26 INFO  : 'configparams force-mem-access 0' command is executed.
17:12:26 INFO  : ----------------XSDB Script----------------
connect -url tcp:127.0.0.1:3121
targets -set -nocase -filter {name =~"APU*"}
rst -system
after 3000
targets -set -filter {jtag_cable_name =~ "Digilent JTAG-SMT2 210251A08870" && level==0 && jtag_device_ctx=="jsn-JTAG-SMT2-210251A08870-23727093-0"}
fpga -file C:/Users/saber/Desktop/share/DanDike_NewBoard/vitis1/CPU1/_ide/bitstream/system_wrapper.bit
targets -set -nocase -filter {name =~"APU*"}
loadhw -hw C:/Users/saber/Desktop/share/DanDike_NewBoard/vitis1/system_wrapper/export/system_wrapper/hw/system_wrapper.xsa -mem-ranges [list {0x40000000 0xbfffffff}] -regs
configparams force-mem-access 1
targets -set -nocase -filter {name =~"APU*"}
source C:/Users/saber/Desktop/share/DanDike_NewBoard/vitis1/CPU1/_ide/psinit/ps7_init.tcl
ps7_init
ps7_post_config
targets -set -nocase -filter {name =~ "*A9*#0"}
dow C:/Users/saber/Desktop/share/DanDike_NewBoard/vitis1/CPU1/Debug/CPU1.elf
configparams force-mem-access 0
----------------End of Script----------------

17:12:26 INFO  : Context for processor 'ps7_cortexa9_0' is selected.
17:12:26 INFO  : 'con' command is executed.
17:12:26 INFO  : ----------------XSDB Script (After Launch)----------------
targets -set -nocase -filter {name =~ "*A9*#0"}
con
----------------End of Script----------------

17:12:26 INFO  : Launch script is exported to file 'C:\Users\saber\Desktop\share\DanDike_NewBoard\vitis1\DDK_system\_ide\scripts\debugger_cpu1-default.tcl'
17:26:12 INFO  : Checking for BSP changes to sync application flags for project 'CPU1'...
17:26:15 INFO  : Disconnected from the channel tcfchan#12.
17:26:16 INFO  : Connected to target on host '127.0.0.1' and port '3121'.
17:26:16 INFO  : Jtag cable 'Digilent JTAG-SMT2 210251A08870' is selected.
17:26:16 INFO  : 'jtag frequency' command is executed.
17:26:16 INFO  : Context for 'APU' is selected.
17:26:16 INFO  : System reset is completed.
17:26:19 INFO  : 'after 3000' command is executed.
17:26:19 INFO  : 'targets -set -filter {jtag_cable_name =~ "Digilent JTAG-SMT2 210251A08870" && level==0 && jtag_device_ctx=="jsn-JTAG-SMT2-210251A08870-23727093-0"}' command is executed.
17:26:21 INFO  : Device configured successfully with "C:/Users/saber/Desktop/share/DanDike_NewBoard/vitis1/CPU1/_ide/bitstream/system_wrapper.bit"
17:26:21 INFO  : Context for 'APU' is selected.
17:26:22 INFO  : Hardware design and registers information is loaded from 'C:/Users/saber/Desktop/share/DanDike_NewBoard/vitis1/system_wrapper/export/system_wrapper/hw/system_wrapper.xsa'.
17:26:22 INFO  : 'configparams force-mem-access 1' command is executed.
17:26:22 INFO  : Context for 'APU' is selected.
17:26:22 INFO  : Sourcing of 'C:/Users/saber/Desktop/share/DanDike_NewBoard/vitis1/CPU1/_ide/psinit/ps7_init.tcl' is done.
17:26:22 INFO  : 'ps7_init' command is executed.
17:26:22 INFO  : 'ps7_post_config' command is executed.
17:26:22 INFO  : Context for processor 'ps7_cortexa9_0' is selected.
17:26:23 INFO  : The application 'C:/Users/saber/Desktop/share/DanDike_NewBoard/vitis1/CPU1/Debug/CPU1.elf' is downloaded to processor 'ps7_cortexa9_0'.
17:26:23 INFO  : 'configparams force-mem-access 0' command is executed.
17:26:23 INFO  : ----------------XSDB Script----------------
connect -url tcp:127.0.0.1:3121
targets -set -nocase -filter {name =~"APU*"}
rst -system
after 3000
targets -set -filter {jtag_cable_name =~ "Digilent JTAG-SMT2 210251A08870" && level==0 && jtag_device_ctx=="jsn-JTAG-SMT2-210251A08870-23727093-0"}
fpga -file C:/Users/saber/Desktop/share/DanDike_NewBoard/vitis1/CPU1/_ide/bitstream/system_wrapper.bit
targets -set -nocase -filter {name =~"APU*"}
loadhw -hw C:/Users/saber/Desktop/share/DanDike_NewBoard/vitis1/system_wrapper/export/system_wrapper/hw/system_wrapper.xsa -mem-ranges [list {0x40000000 0xbfffffff}] -regs
configparams force-mem-access 1
targets -set -nocase -filter {name =~"APU*"}
source C:/Users/saber/Desktop/share/DanDike_NewBoard/vitis1/CPU1/_ide/psinit/ps7_init.tcl
ps7_init
ps7_post_config
targets -set -nocase -filter {name =~ "*A9*#0"}
dow C:/Users/saber/Desktop/share/DanDike_NewBoard/vitis1/CPU1/Debug/CPU1.elf
configparams force-mem-access 0
----------------End of Script----------------

17:26:23 INFO  : Context for processor 'ps7_cortexa9_0' is selected.
17:26:23 INFO  : 'con' command is executed.
17:26:23 INFO  : ----------------XSDB Script (After Launch)----------------
targets -set -nocase -filter {name =~ "*A9*#0"}
con
----------------End of Script----------------

17:26:23 INFO  : Launch script is exported to file 'C:\Users\saber\Desktop\share\DanDike_NewBoard\vitis1\DDK_system\_ide\scripts\debugger_cpu1-default.tcl'
17:29:03 INFO  : Checking for BSP changes to sync application flags for project 'CPU1'...
17:29:06 INFO  : Disconnected from the channel tcfchan#13.
17:29:07 INFO  : Connected to target on host '127.0.0.1' and port '3121'.
17:29:17 INFO  : ----------------XSDB Script----------------
connect -url tcp:127.0.0.1:3121
----------------End of Script----------------

17:29:17 ERROR : Could not find ARM device on the board for connection 'Local'.
Check if the target is in:
1. Split JTAG - No operations are possible with ARM DAP.
2. Non JTAG bootmode - Bootrom may need time to enable DAP.
Please try again.


Troubleshooting hints:
1. Check whether board is connected to system properly.
2. In case of zynq board, check whether Digilent/Xilinx cable switch settings are correct.
3. If you are using Xilinx Platform Cable USB, ensure that status LED is green.
17:29:35 INFO  : Connected to target on host '127.0.0.1' and port '3121'.
17:29:35 INFO  : Jtag cable 'Digilent JTAG-SMT2 210251A08870' is selected.
17:29:35 INFO  : 'jtag frequency' command is executed.
17:29:35 INFO  : Context for 'APU' is selected.
17:29:35 INFO  : System reset is completed.
17:29:38 INFO  : 'after 3000' command is executed.
17:29:38 INFO  : 'targets -set -filter {jtag_cable_name =~ "Digilent JTAG-SMT2 210251A08870" && level==0 && jtag_device_ctx=="jsn-JTAG-SMT2-210251A08870-23727093-0"}' command is executed.
17:29:40 INFO  : Device configured successfully with "C:/Users/saber/Desktop/share/DanDike_NewBoard/vitis1/CPU1/_ide/bitstream/system_wrapper.bit"
17:29:41 INFO  : Context for 'APU' is selected.
17:29:41 INFO  : Hardware design and registers information is loaded from 'C:/Users/saber/Desktop/share/DanDike_NewBoard/vitis1/system_wrapper/export/system_wrapper/hw/system_wrapper.xsa'.
17:29:41 INFO  : 'configparams force-mem-access 1' command is executed.
17:29:41 INFO  : Context for 'APU' is selected.
17:29:41 INFO  : Sourcing of 'C:/Users/saber/Desktop/share/DanDike_NewBoard/vitis1/CPU1/_ide/psinit/ps7_init.tcl' is done.
17:29:41 INFO  : 'ps7_init' command is executed.
17:29:41 INFO  : 'ps7_post_config' command is executed.
17:29:41 INFO  : Context for processor 'ps7_cortexa9_0' is selected.
17:29:42 INFO  : The application 'C:/Users/saber/Desktop/share/DanDike_NewBoard/vitis1/CPU1/Debug/CPU1.elf' is downloaded to processor 'ps7_cortexa9_0'.
17:29:42 INFO  : 'configparams force-mem-access 0' command is executed.
17:29:42 INFO  : ----------------XSDB Script----------------
connect -url tcp:127.0.0.1:3121
targets -set -nocase -filter {name =~"APU*"}
rst -system
after 3000
targets -set -filter {jtag_cable_name =~ "Digilent JTAG-SMT2 210251A08870" && level==0 && jtag_device_ctx=="jsn-JTAG-SMT2-210251A08870-23727093-0"}
fpga -file C:/Users/saber/Desktop/share/DanDike_NewBoard/vitis1/CPU1/_ide/bitstream/system_wrapper.bit
targets -set -nocase -filter {name =~"APU*"}
loadhw -hw C:/Users/saber/Desktop/share/DanDike_NewBoard/vitis1/system_wrapper/export/system_wrapper/hw/system_wrapper.xsa -mem-ranges [list {0x40000000 0xbfffffff}] -regs
configparams force-mem-access 1
targets -set -nocase -filter {name =~"APU*"}
source C:/Users/saber/Desktop/share/DanDike_NewBoard/vitis1/CPU1/_ide/psinit/ps7_init.tcl
ps7_init
ps7_post_config
targets -set -nocase -filter {name =~ "*A9*#0"}
dow C:/Users/saber/Desktop/share/DanDike_NewBoard/vitis1/CPU1/Debug/CPU1.elf
configparams force-mem-access 0
----------------End of Script----------------

17:29:42 INFO  : Context for processor 'ps7_cortexa9_0' is selected.
17:29:42 INFO  : 'con' command is executed.
17:29:42 INFO  : ----------------XSDB Script (After Launch)----------------
targets -set -nocase -filter {name =~ "*A9*#0"}
con
----------------End of Script----------------

17:29:42 INFO  : Launch script is exported to file 'C:\Users\saber\Desktop\share\DanDike_NewBoard\vitis1\DDK_system\_ide\scripts\debugger_cpu1-default.tcl'
17:29:45 INFO  : Checking for BSP changes to sync application flags for project 'CPU1'...
17:29:47 INFO  : Disconnected from the channel tcfchan#14.
17:29:48 INFO  : Connected to target on host '127.0.0.1' and port '3121'.
17:29:48 INFO  : Jtag cable 'Digilent JTAG-SMT2 210251A08870' is selected.
17:29:48 INFO  : 'jtag frequency' command is executed.
17:29:48 INFO  : Context for 'APU' is selected.
17:29:48 INFO  : System reset is completed.
17:29:51 INFO  : 'after 3000' command is executed.
17:29:51 INFO  : 'targets -set -filter {jtag_cable_name =~ "Digilent JTAG-SMT2 210251A08870" && level==0 && jtag_device_ctx=="jsn-JTAG-SMT2-210251A08870-23727093-0"}' command is executed.
17:29:53 INFO  : Device configured successfully with "C:/Users/saber/Desktop/share/DanDike_NewBoard/vitis1/CPU1/_ide/bitstream/system_wrapper.bit"
17:29:53 INFO  : Context for 'APU' is selected.
17:29:53 INFO  : Hardware design and registers information is loaded from 'C:/Users/saber/Desktop/share/DanDike_NewBoard/vitis1/system_wrapper/export/system_wrapper/hw/system_wrapper.xsa'.
17:29:53 INFO  : 'configparams force-mem-access 1' command is executed.
17:29:53 INFO  : Context for 'APU' is selected.
17:29:53 INFO  : Sourcing of 'C:/Users/saber/Desktop/share/DanDike_NewBoard/vitis1/CPU1/_ide/psinit/ps7_init.tcl' is done.
17:29:54 INFO  : 'ps7_init' command is executed.
17:29:54 INFO  : 'ps7_post_config' command is executed.
17:29:54 INFO  : Context for processor 'ps7_cortexa9_0' is selected.
17:29:55 INFO  : The application 'C:/Users/saber/Desktop/share/DanDike_NewBoard/vitis1/CPU1/Debug/CPU1.elf' is downloaded to processor 'ps7_cortexa9_0'.
17:29:55 INFO  : 'configparams force-mem-access 0' command is executed.
17:29:55 INFO  : ----------------XSDB Script----------------
connect -url tcp:127.0.0.1:3121
targets -set -nocase -filter {name =~"APU*"}
rst -system
after 3000
targets -set -filter {jtag_cable_name =~ "Digilent JTAG-SMT2 210251A08870" && level==0 && jtag_device_ctx=="jsn-JTAG-SMT2-210251A08870-23727093-0"}
fpga -file C:/Users/saber/Desktop/share/DanDike_NewBoard/vitis1/CPU1/_ide/bitstream/system_wrapper.bit
targets -set -nocase -filter {name =~"APU*"}
loadhw -hw C:/Users/saber/Desktop/share/DanDike_NewBoard/vitis1/system_wrapper/export/system_wrapper/hw/system_wrapper.xsa -mem-ranges [list {0x40000000 0xbfffffff}] -regs
configparams force-mem-access 1
targets -set -nocase -filter {name =~"APU*"}
source C:/Users/saber/Desktop/share/DanDike_NewBoard/vitis1/CPU1/_ide/psinit/ps7_init.tcl
ps7_init
ps7_post_config
targets -set -nocase -filter {name =~ "*A9*#0"}
dow C:/Users/saber/Desktop/share/DanDike_NewBoard/vitis1/CPU1/Debug/CPU1.elf
configparams force-mem-access 0
----------------End of Script----------------

17:29:55 INFO  : Context for processor 'ps7_cortexa9_0' is selected.
17:29:55 INFO  : 'con' command is executed.
17:29:55 INFO  : ----------------XSDB Script (After Launch)----------------
targets -set -nocase -filter {name =~ "*A9*#0"}
con
----------------End of Script----------------

17:29:55 INFO  : Launch script is exported to file 'C:\Users\saber\Desktop\share\DanDike_NewBoard\vitis1\DDK_system\_ide\scripts\debugger_cpu1-default.tcl'
17:32:14 INFO  : Checking for BSP changes to sync application flags for project 'CPU1'...
17:32:35 INFO  : Disconnected from the channel tcfchan#15.
17:32:36 INFO  : Connected to target on host '127.0.0.1' and port '3121'.
17:32:36 INFO  : Jtag cable 'Digilent JTAG-SMT2 210251A08870' is selected.
17:32:36 INFO  : 'jtag frequency' command is executed.
17:32:36 INFO  : Context for 'APU' is selected.
17:32:36 INFO  : System reset is completed.
17:32:39 INFO  : 'after 3000' command is executed.
17:32:39 INFO  : 'targets -set -filter {jtag_cable_name =~ "Digilent JTAG-SMT2 210251A08870" && level==0 && jtag_device_ctx=="jsn-JTAG-SMT2-210251A08870-23727093-0"}' command is executed.
17:32:41 INFO  : Device configured successfully with "C:/Users/saber/Desktop/share/DanDike_NewBoard/vitis1/CPU1/_ide/bitstream/system_wrapper.bit"
17:32:41 INFO  : Context for 'APU' is selected.
17:32:41 INFO  : Hardware design and registers information is loaded from 'C:/Users/saber/Desktop/share/DanDike_NewBoard/vitis1/system_wrapper/export/system_wrapper/hw/system_wrapper.xsa'.
17:32:41 INFO  : 'configparams force-mem-access 1' command is executed.
17:32:41 INFO  : Context for 'APU' is selected.
17:32:41 INFO  : Sourcing of 'C:/Users/saber/Desktop/share/DanDike_NewBoard/vitis1/CPU1/_ide/psinit/ps7_init.tcl' is done.
17:32:41 INFO  : 'ps7_init' command is executed.
17:32:41 INFO  : 'ps7_post_config' command is executed.
17:32:41 INFO  : Context for processor 'ps7_cortexa9_0' is selected.
17:32:42 INFO  : The application 'C:/Users/saber/Desktop/share/DanDike_NewBoard/vitis1/CPU1/Debug/CPU1.elf' is downloaded to processor 'ps7_cortexa9_0'.
17:32:42 INFO  : 'configparams force-mem-access 0' command is executed.
17:32:42 INFO  : ----------------XSDB Script----------------
connect -url tcp:127.0.0.1:3121
targets -set -nocase -filter {name =~"APU*"}
rst -system
after 3000
targets -set -filter {jtag_cable_name =~ "Digilent JTAG-SMT2 210251A08870" && level==0 && jtag_device_ctx=="jsn-JTAG-SMT2-210251A08870-23727093-0"}
fpga -file C:/Users/saber/Desktop/share/DanDike_NewBoard/vitis1/CPU1/_ide/bitstream/system_wrapper.bit
targets -set -nocase -filter {name =~"APU*"}
loadhw -hw C:/Users/saber/Desktop/share/DanDike_NewBoard/vitis1/system_wrapper/export/system_wrapper/hw/system_wrapper.xsa -mem-ranges [list {0x40000000 0xbfffffff}] -regs
configparams force-mem-access 1
targets -set -nocase -filter {name =~"APU*"}
source C:/Users/saber/Desktop/share/DanDike_NewBoard/vitis1/CPU1/_ide/psinit/ps7_init.tcl
ps7_init
ps7_post_config
targets -set -nocase -filter {name =~ "*A9*#0"}
dow C:/Users/saber/Desktop/share/DanDike_NewBoard/vitis1/CPU1/Debug/CPU1.elf
configparams force-mem-access 0
----------------End of Script----------------

17:32:42 INFO  : Context for processor 'ps7_cortexa9_0' is selected.
17:32:42 INFO  : 'con' command is executed.
17:32:42 INFO  : ----------------XSDB Script (After Launch)----------------
targets -set -nocase -filter {name =~ "*A9*#0"}
con
----------------End of Script----------------

17:32:42 INFO  : Launch script is exported to file 'C:\Users\saber\Desktop\share\DanDike_NewBoard\vitis1\DDK_system\_ide\scripts\debugger_cpu1-default.tcl'
19:40:12 INFO  : Checking for BSP changes to sync application flags for project 'CPU1'...
19:40:24 INFO  : Disconnected from the channel tcfchan#16.
19:40:25 INFO  : Connected to target on host '127.0.0.1' and port '3121'.
19:40:25 INFO  : Jtag cable 'Digilent JTAG-SMT2 210251A08870' is selected.
19:40:25 INFO  : 'jtag frequency' command is executed.
19:40:25 INFO  : Context for 'APU' is selected.
19:40:25 INFO  : System reset is completed.
19:40:28 INFO  : 'after 3000' command is executed.
19:40:29 INFO  : 'targets -set -filter {jtag_cable_name =~ "Digilent JTAG-SMT2 210251A08870" && level==0 && jtag_device_ctx=="jsn-JTAG-SMT2-210251A08870-23727093-0"}' command is executed.
19:40:31 INFO  : Device configured successfully with "C:/Users/saber/Desktop/share/DanDike_NewBoard/vitis1/CPU1/_ide/bitstream/system_wrapper.bit"
19:40:31 INFO  : Context for 'APU' is selected.
19:40:31 INFO  : Hardware design and registers information is loaded from 'C:/Users/saber/Desktop/share/DanDike_NewBoard/vitis1/system_wrapper/export/system_wrapper/hw/system_wrapper.xsa'.
19:40:31 INFO  : 'configparams force-mem-access 1' command is executed.
19:40:31 INFO  : Context for 'APU' is selected.
19:40:31 INFO  : Sourcing of 'C:/Users/saber/Desktop/share/DanDike_NewBoard/vitis1/CPU1/_ide/psinit/ps7_init.tcl' is done.
19:40:31 INFO  : 'ps7_init' command is executed.
19:40:31 INFO  : 'ps7_post_config' command is executed.
19:40:31 INFO  : Context for processor 'ps7_cortexa9_0' is selected.
19:40:32 INFO  : The application 'C:/Users/saber/Desktop/share/DanDike_NewBoard/vitis1/CPU1/Debug/CPU1.elf' is downloaded to processor 'ps7_cortexa9_0'.
19:40:32 INFO  : 'configparams force-mem-access 0' command is executed.
19:40:32 INFO  : ----------------XSDB Script----------------
connect -url tcp:127.0.0.1:3121
targets -set -nocase -filter {name =~"APU*"}
rst -system
after 3000
targets -set -filter {jtag_cable_name =~ "Digilent JTAG-SMT2 210251A08870" && level==0 && jtag_device_ctx=="jsn-JTAG-SMT2-210251A08870-23727093-0"}
fpga -file C:/Users/saber/Desktop/share/DanDike_NewBoard/vitis1/CPU1/_ide/bitstream/system_wrapper.bit
targets -set -nocase -filter {name =~"APU*"}
loadhw -hw C:/Users/saber/Desktop/share/DanDike_NewBoard/vitis1/system_wrapper/export/system_wrapper/hw/system_wrapper.xsa -mem-ranges [list {0x40000000 0xbfffffff}] -regs
configparams force-mem-access 1
targets -set -nocase -filter {name =~"APU*"}
source C:/Users/saber/Desktop/share/DanDike_NewBoard/vitis1/CPU1/_ide/psinit/ps7_init.tcl
ps7_init
ps7_post_config
targets -set -nocase -filter {name =~ "*A9*#0"}
dow C:/Users/saber/Desktop/share/DanDike_NewBoard/vitis1/CPU1/Debug/CPU1.elf
configparams force-mem-access 0
----------------End of Script----------------

19:40:32 INFO  : Context for processor 'ps7_cortexa9_0' is selected.
19:40:33 INFO  : 'con' command is executed.
19:40:33 INFO  : ----------------XSDB Script (After Launch)----------------
targets -set -nocase -filter {name =~ "*A9*#0"}
con
----------------End of Script----------------

19:40:33 INFO  : Launch script is exported to file 'C:\Users\saber\Desktop\share\DanDike_NewBoard\vitis1\DDK_system\_ide\scripts\debugger_cpu1-default.tcl'
19:45:13 INFO  : Checking for BSP changes to sync application flags for project 'CPU1'...
19:45:15 INFO  : Disconnected from the channel tcfchan#17.
19:45:16 INFO  : Connected to target on host '127.0.0.1' and port '3121'.
19:45:17 INFO  : Jtag cable 'Digilent JTAG-SMT2 210251A08870' is selected.
19:45:17 INFO  : 'jtag frequency' command is executed.
19:45:17 INFO  : Context for 'APU' is selected.
19:45:17 INFO  : System reset is completed.
19:45:20 INFO  : 'after 3000' command is executed.
19:45:20 INFO  : 'targets -set -filter {jtag_cable_name =~ "Digilent JTAG-SMT2 210251A08870" && level==0 && jtag_device_ctx=="jsn-JTAG-SMT2-210251A08870-23727093-0"}' command is executed.
19:45:22 INFO  : Device configured successfully with "C:/Users/saber/Desktop/share/DanDike_NewBoard/vitis1/CPU1/_ide/bitstream/system_wrapper.bit"
19:45:22 INFO  : Context for 'APU' is selected.
19:45:22 INFO  : Hardware design and registers information is loaded from 'C:/Users/saber/Desktop/share/DanDike_NewBoard/vitis1/system_wrapper/export/system_wrapper/hw/system_wrapper.xsa'.
19:45:22 INFO  : 'configparams force-mem-access 1' command is executed.
19:45:22 INFO  : Context for 'APU' is selected.
19:45:22 INFO  : Sourcing of 'C:/Users/saber/Desktop/share/DanDike_NewBoard/vitis1/CPU1/_ide/psinit/ps7_init.tcl' is done.
19:45:22 INFO  : 'ps7_init' command is executed.
19:45:22 INFO  : 'ps7_post_config' command is executed.
19:45:23 INFO  : Context for processor 'ps7_cortexa9_0' is selected.
19:45:23 INFO  : The application 'C:/Users/saber/Desktop/share/DanDike_NewBoard/vitis1/CPU1/Debug/CPU1.elf' is downloaded to processor 'ps7_cortexa9_0'.
19:45:23 INFO  : 'configparams force-mem-access 0' command is executed.
19:45:23 INFO  : ----------------XSDB Script----------------
connect -url tcp:127.0.0.1:3121
targets -set -nocase -filter {name =~"APU*"}
rst -system
after 3000
targets -set -filter {jtag_cable_name =~ "Digilent JTAG-SMT2 210251A08870" && level==0 && jtag_device_ctx=="jsn-JTAG-SMT2-210251A08870-23727093-0"}
fpga -file C:/Users/saber/Desktop/share/DanDike_NewBoard/vitis1/CPU1/_ide/bitstream/system_wrapper.bit
targets -set -nocase -filter {name =~"APU*"}
loadhw -hw C:/Users/saber/Desktop/share/DanDike_NewBoard/vitis1/system_wrapper/export/system_wrapper/hw/system_wrapper.xsa -mem-ranges [list {0x40000000 0xbfffffff}] -regs
configparams force-mem-access 1
targets -set -nocase -filter {name =~"APU*"}
source C:/Users/saber/Desktop/share/DanDike_NewBoard/vitis1/CPU1/_ide/psinit/ps7_init.tcl
ps7_init
ps7_post_config
targets -set -nocase -filter {name =~ "*A9*#0"}
dow C:/Users/saber/Desktop/share/DanDike_NewBoard/vitis1/CPU1/Debug/CPU1.elf
configparams force-mem-access 0
----------------End of Script----------------

19:45:24 INFO  : Context for processor 'ps7_cortexa9_0' is selected.
19:45:24 INFO  : 'con' command is executed.
19:45:24 INFO  : ----------------XSDB Script (After Launch)----------------
targets -set -nocase -filter {name =~ "*A9*#0"}
con
----------------End of Script----------------

19:45:24 INFO  : Launch script is exported to file 'C:\Users\saber\Desktop\share\DanDike_NewBoard\vitis1\DDK_system\_ide\scripts\debugger_cpu1-default.tcl'
20:01:59 INFO  : Checking for BSP changes to sync application flags for project 'CPU1'...
20:02:02 INFO  : Disconnected from the channel tcfchan#18.
20:02:03 INFO  : Connected to target on host '127.0.0.1' and port '3121'.
20:02:03 INFO  : Jtag cable 'Digilent JTAG-SMT2 210251A08870' is selected.
20:02:03 INFO  : 'jtag frequency' command is executed.
20:02:03 INFO  : Context for 'APU' is selected.
20:02:03 INFO  : System reset is completed.
20:02:06 INFO  : 'after 3000' command is executed.
20:02:06 INFO  : 'targets -set -filter {jtag_cable_name =~ "Digilent JTAG-SMT2 210251A08870" && level==0 && jtag_device_ctx=="jsn-JTAG-SMT2-210251A08870-23727093-0"}' command is executed.
20:02:08 INFO  : Device configured successfully with "C:/Users/saber/Desktop/share/DanDike_NewBoard/vitis1/CPU1/_ide/bitstream/system_wrapper.bit"
20:02:08 INFO  : Context for 'APU' is selected.
20:02:08 INFO  : Hardware design and registers information is loaded from 'C:/Users/saber/Desktop/share/DanDike_NewBoard/vitis1/system_wrapper/export/system_wrapper/hw/system_wrapper.xsa'.
20:02:08 INFO  : 'configparams force-mem-access 1' command is executed.
20:02:08 INFO  : Context for 'APU' is selected.
20:02:08 INFO  : Sourcing of 'C:/Users/saber/Desktop/share/DanDike_NewBoard/vitis1/CPU1/_ide/psinit/ps7_init.tcl' is done.
20:02:09 INFO  : 'ps7_init' command is executed.
20:02:09 INFO  : 'ps7_post_config' command is executed.
20:02:09 INFO  : Context for processor 'ps7_cortexa9_0' is selected.
20:02:10 INFO  : The application 'C:/Users/saber/Desktop/share/DanDike_NewBoard/vitis1/CPU1/Debug/CPU1.elf' is downloaded to processor 'ps7_cortexa9_0'.
20:02:10 INFO  : 'configparams force-mem-access 0' command is executed.
20:02:10 INFO  : ----------------XSDB Script----------------
connect -url tcp:127.0.0.1:3121
targets -set -nocase -filter {name =~"APU*"}
rst -system
after 3000
targets -set -filter {jtag_cable_name =~ "Digilent JTAG-SMT2 210251A08870" && level==0 && jtag_device_ctx=="jsn-JTAG-SMT2-210251A08870-23727093-0"}
fpga -file C:/Users/saber/Desktop/share/DanDike_NewBoard/vitis1/CPU1/_ide/bitstream/system_wrapper.bit
targets -set -nocase -filter {name =~"APU*"}
loadhw -hw C:/Users/saber/Desktop/share/DanDike_NewBoard/vitis1/system_wrapper/export/system_wrapper/hw/system_wrapper.xsa -mem-ranges [list {0x40000000 0xbfffffff}] -regs
configparams force-mem-access 1
targets -set -nocase -filter {name =~"APU*"}
source C:/Users/saber/Desktop/share/DanDike_NewBoard/vitis1/CPU1/_ide/psinit/ps7_init.tcl
ps7_init
ps7_post_config
targets -set -nocase -filter {name =~ "*A9*#0"}
dow C:/Users/saber/Desktop/share/DanDike_NewBoard/vitis1/CPU1/Debug/CPU1.elf
configparams force-mem-access 0
----------------End of Script----------------

20:02:10 INFO  : Context for processor 'ps7_cortexa9_0' is selected.
20:02:10 INFO  : 'con' command is executed.
20:02:10 INFO  : ----------------XSDB Script (After Launch)----------------
targets -set -nocase -filter {name =~ "*A9*#0"}
con
----------------End of Script----------------

20:02:10 INFO  : Launch script is exported to file 'C:\Users\saber\Desktop\share\DanDike_NewBoard\vitis1\DDK_system\_ide\scripts\debugger_cpu1-default.tcl'
20:30:48 INFO  : Disconnected from the channel tcfchan#19.
20:32:22 INFO  : Hardware specification for platform project 'system_wrapper' is updated.
20:34:02 INFO  : Result from executing command 'getProjects': system_wrapper
20:34:02 INFO  : Result from executing command 'getPlatforms': system_wrapper|C:/Users/saber/Desktop/share/DanDike_NewBoard/vitis1/system_wrapper/export/system_wrapper/system_wrapper.xpfm
20:34:07 INFO  : Checking for BSP changes to sync application flags for project 'CPU1'...
20:34:10 INFO  : Updating application flags with new BSP settings...
20:34:10 INFO  : Successfully updated application flags for project CPU1.
20:34:28 INFO  : The hardware specfication used by project 'CPU1' is out of sync with the platform. Resource files extracted from the hardware specfiication will be updated.
20:34:28 INFO  : The file 'C:\Users\saber\Desktop\share\DanDike_NewBoard\vitis1\CPU1\_ide\bitstream\system_wrapper.bit' stored in project is removed.
20:34:28 INFO  : The file 'C:\Users\saber\Desktop\share\DanDike_NewBoard\vitis1\CPU1\_ide\bitstream\system_wrapper.mmi' stored in project is removed.
20:34:28 INFO  : The updated bitstream files are copied from platform to folder 'C:\Users\saber\Desktop\share\DanDike_NewBoard\vitis1\CPU1\_ide\bitstream' in project 'CPU1'.
20:34:28 INFO  : The file 'C:\Users\saber\Desktop\share\DanDike_NewBoard\vitis1\CPU1\_ide\psinit\ps7_init.tcl' stored in project is removed.
20:34:34 INFO  : The updated ps init files are copied from platform to folder 'C:\Users\saber\Desktop\share\DanDike_NewBoard\vitis1\CPU1\_ide\psinit' in project 'CPU1'.
20:34:37 INFO  : Connected to target on host '127.0.0.1' and port '3121'.
20:34:37 INFO  : Jtag cable 'Digilent JTAG-SMT2 210251A08870' is selected.
20:34:37 INFO  : 'jtag frequency' command is executed.
20:34:37 INFO  : Context for 'APU' is selected.
20:34:37 INFO  : System reset is completed.
20:34:40 INFO  : 'after 3000' command is executed.
20:34:41 INFO  : 'targets -set -filter {jtag_cable_name =~ "Digilent JTAG-SMT2 210251A08870" && level==0 && jtag_device_ctx=="jsn-JTAG-SMT2-210251A08870-23727093-0"}' command is executed.
20:34:43 INFO  : Device configured successfully with "C:/Users/saber/Desktop/share/DanDike_NewBoard/vitis1/CPU1/_ide/bitstream/system_wrapper.bit"
20:34:43 INFO  : Context for 'APU' is selected.
20:34:43 INFO  : Hardware design and registers information is loaded from 'C:/Users/saber/Desktop/share/DanDike_NewBoard/vitis1/system_wrapper/export/system_wrapper/hw/system_wrapper.xsa'.
20:34:43 INFO  : 'configparams force-mem-access 1' command is executed.
20:34:43 INFO  : Context for 'APU' is selected.
20:34:43 INFO  : Sourcing of 'C:/Users/saber/Desktop/share/DanDike_NewBoard/vitis1/CPU1/_ide/psinit/ps7_init.tcl' is done.
20:34:43 INFO  : 'ps7_init' command is executed.
20:34:43 INFO  : 'ps7_post_config' command is executed.
20:34:43 INFO  : Context for processor 'ps7_cortexa9_0' is selected.
20:34:44 INFO  : The application 'C:/Users/saber/Desktop/share/DanDike_NewBoard/vitis1/CPU1/Debug/CPU1.elf' is downloaded to processor 'ps7_cortexa9_0'.
20:34:44 INFO  : 'configparams force-mem-access 0' command is executed.
20:34:44 INFO  : ----------------XSDB Script----------------
connect -url tcp:127.0.0.1:3121
targets -set -nocase -filter {name =~"APU*"}
rst -system
after 3000
targets -set -filter {jtag_cable_name =~ "Digilent JTAG-SMT2 210251A08870" && level==0 && jtag_device_ctx=="jsn-JTAG-SMT2-210251A08870-23727093-0"}
fpga -file C:/Users/saber/Desktop/share/DanDike_NewBoard/vitis1/CPU1/_ide/bitstream/system_wrapper.bit
targets -set -nocase -filter {name =~"APU*"}
loadhw -hw C:/Users/saber/Desktop/share/DanDike_NewBoard/vitis1/system_wrapper/export/system_wrapper/hw/system_wrapper.xsa -mem-ranges [list {0x40000000 0xbfffffff}] -regs
configparams force-mem-access 1
targets -set -nocase -filter {name =~"APU*"}
source C:/Users/saber/Desktop/share/DanDike_NewBoard/vitis1/CPU1/_ide/psinit/ps7_init.tcl
ps7_init
ps7_post_config
targets -set -nocase -filter {name =~ "*A9*#0"}
dow C:/Users/saber/Desktop/share/DanDike_NewBoard/vitis1/CPU1/Debug/CPU1.elf
configparams force-mem-access 0
----------------End of Script----------------

20:34:44 INFO  : Context for processor 'ps7_cortexa9_0' is selected.
20:34:44 INFO  : 'con' command is executed.
20:34:44 INFO  : ----------------XSDB Script (After Launch)----------------
targets -set -nocase -filter {name =~ "*A9*#0"}
con
----------------End of Script----------------

20:34:44 INFO  : Launch script is exported to file 'C:\Users\saber\Desktop\share\DanDike_NewBoard\vitis1\DDK_system\_ide\scripts\debugger_cpu1-default.tcl'
20:35:24 INFO  : Disconnected from the channel tcfchan#22.
20:53:59 INFO  : Hardware specification for platform project 'system_wrapper' is updated.
20:56:02 INFO  : Result from executing command 'getProjects': system_wrapper
20:56:02 INFO  : Result from executing command 'getPlatforms': system_wrapper|C:/Users/saber/Desktop/share/DanDike_NewBoard/vitis1/system_wrapper/export/system_wrapper/system_wrapper.xpfm
20:56:03 INFO  : Checking for BSP changes to sync application flags for project 'CPU1'...
20:58:28 INFO  : Checking for BSP changes to sync application flags for project 'CPU1'...
20:58:30 INFO  : The hardware specfication used by project 'CPU1' is out of sync with the platform. Resource files extracted from the hardware specfiication will be updated.
20:58:30 INFO  : The file 'C:\Users\saber\Desktop\share\DanDike_NewBoard\vitis1\CPU1\_ide\bitstream\system_wrapper.bit' stored in project is removed.
20:58:30 INFO  : The file 'C:\Users\saber\Desktop\share\DanDike_NewBoard\vitis1\CPU1\_ide\bitstream\system_wrapper.mmi' stored in project is removed.
20:58:30 INFO  : The updated bitstream files are copied from platform to folder 'C:\Users\saber\Desktop\share\DanDike_NewBoard\vitis1\CPU1\_ide\bitstream' in project 'CPU1'.
20:58:30 INFO  : The file 'C:\Users\saber\Desktop\share\DanDike_NewBoard\vitis1\CPU1\_ide\psinit\ps7_init.tcl' stored in project is removed.
20:58:37 INFO  : The updated ps init files are copied from platform to folder 'C:\Users\saber\Desktop\share\DanDike_NewBoard\vitis1\CPU1\_ide\psinit' in project 'CPU1'.
20:58:40 INFO  : Connected to target on host '127.0.0.1' and port '3121'.
20:58:40 INFO  : Jtag cable 'Digilent JTAG-SMT2 210251A08870' is selected.
20:58:40 INFO  : 'jtag frequency' command is executed.
20:58:40 INFO  : Context for 'APU' is selected.
20:58:40 INFO  : System reset is completed.
20:58:43 INFO  : 'after 3000' command is executed.
20:58:44 INFO  : 'targets -set -filter {jtag_cable_name =~ "Digilent JTAG-SMT2 210251A08870" && level==0 && jtag_device_ctx=="jsn-JTAG-SMT2-210251A08870-23727093-0"}' command is executed.
20:58:46 INFO  : Device configured successfully with "C:/Users/saber/Desktop/share/DanDike_NewBoard/vitis1/CPU1/_ide/bitstream/system_wrapper.bit"
20:58:46 INFO  : Context for 'APU' is selected.
20:58:46 INFO  : Hardware design and registers information is loaded from 'C:/Users/saber/Desktop/share/DanDike_NewBoard/vitis1/system_wrapper/export/system_wrapper/hw/system_wrapper.xsa'.
20:58:46 INFO  : 'configparams force-mem-access 1' command is executed.
20:58:46 INFO  : Context for 'APU' is selected.
20:58:46 INFO  : Sourcing of 'C:/Users/saber/Desktop/share/DanDike_NewBoard/vitis1/CPU1/_ide/psinit/ps7_init.tcl' is done.
20:58:47 INFO  : 'ps7_init' command is executed.
20:58:47 INFO  : 'ps7_post_config' command is executed.
20:58:47 INFO  : Context for processor 'ps7_cortexa9_0' is selected.
20:58:48 INFO  : The application 'C:/Users/saber/Desktop/share/DanDike_NewBoard/vitis1/CPU1/Debug/CPU1.elf' is downloaded to processor 'ps7_cortexa9_0'.
20:58:48 INFO  : 'configparams force-mem-access 0' command is executed.
20:58:48 INFO  : ----------------XSDB Script----------------
connect -url tcp:127.0.0.1:3121
targets -set -nocase -filter {name =~"APU*"}
rst -system
after 3000
targets -set -filter {jtag_cable_name =~ "Digilent JTAG-SMT2 210251A08870" && level==0 && jtag_device_ctx=="jsn-JTAG-SMT2-210251A08870-23727093-0"}
fpga -file C:/Users/saber/Desktop/share/DanDike_NewBoard/vitis1/CPU1/_ide/bitstream/system_wrapper.bit
targets -set -nocase -filter {name =~"APU*"}
loadhw -hw C:/Users/saber/Desktop/share/DanDike_NewBoard/vitis1/system_wrapper/export/system_wrapper/hw/system_wrapper.xsa -mem-ranges [list {0x40000000 0xbfffffff}] -regs
configparams force-mem-access 1
targets -set -nocase -filter {name =~"APU*"}
source C:/Users/saber/Desktop/share/DanDike_NewBoard/vitis1/CPU1/_ide/psinit/ps7_init.tcl
ps7_init
ps7_post_config
targets -set -nocase -filter {name =~ "*A9*#0"}
dow C:/Users/saber/Desktop/share/DanDike_NewBoard/vitis1/CPU1/Debug/CPU1.elf
configparams force-mem-access 0
----------------End of Script----------------

20:58:48 INFO  : Context for processor 'ps7_cortexa9_0' is selected.
20:58:48 INFO  : 'con' command is executed.
20:58:48 INFO  : ----------------XSDB Script (After Launch)----------------
targets -set -nocase -filter {name =~ "*A9*#0"}
con
----------------End of Script----------------

20:58:48 INFO  : Launch script is exported to file 'C:\Users\saber\Desktop\share\DanDike_NewBoard\vitis1\DDK_system\_ide\scripts\debugger_cpu1-default.tcl'
21:03:04 INFO  : Disconnected from the channel tcfchan#25.
09:20:04 INFO  : Launching XSCT server: xsct.bat -n  -interactive C:\Users\saber\Desktop\share\DanDike_NewBoard\vitis1\temp_xsdb_launch_script.tcl
09:20:07 INFO  : XSCT server has started successfully.
09:20:07 INFO  : plnx-install-location is set to ''
09:20:07 INFO  : Successfully done setting XSCT server connection channel  
09:20:07 INFO  : Successfully done setting workspace for the tool. 
09:20:10 INFO  : Platform repository initialization has completed.
09:20:11 INFO  : Registering command handlers for Vitis TCF services
09:20:18 INFO  : Successfully done query RDI_DATADIR 
09:20:46 INFO  : Connected to target on host '127.0.0.1' and port '3121'.
09:20:46 INFO  : Jtag cable 'Digilent JTAG-SMT2 210251A08870' is selected.
09:20:46 INFO  : 'jtag frequency' command is executed.
09:20:46 INFO  : Context for 'APU' is selected.
09:20:46 INFO  : System reset is completed.
09:20:49 INFO  : 'after 3000' command is executed.
09:20:49 INFO  : 'targets -set -filter {jtag_cable_name =~ "Digilent JTAG-SMT2 210251A08870" && level==0 && jtag_device_ctx=="jsn-JTAG-SMT2-210251A08870-23727093-0"}' command is executed.
09:20:51 INFO  : Device configured successfully with "C:/Users/saber/Desktop/share/DanDike_NewBoard/vitis1/CPU1/_ide/bitstream/system_wrapper.bit"
09:20:51 INFO  : Context for 'APU' is selected.
09:20:52 INFO  : Hardware design and registers information is loaded from 'C:/Users/saber/Desktop/share/DanDike_NewBoard/vitis1/system_wrapper/export/system_wrapper/hw/system_wrapper.xsa'.
09:20:52 INFO  : 'configparams force-mem-access 1' command is executed.
09:20:52 INFO  : Context for 'APU' is selected.
09:20:52 INFO  : Sourcing of 'C:/Users/saber/Desktop/share/DanDike_NewBoard/vitis1/CPU1/_ide/psinit/ps7_init.tcl' is done.
09:20:52 INFO  : 'ps7_init' command is executed.
09:20:52 INFO  : 'ps7_post_config' command is executed.
09:20:52 INFO  : Context for processor 'ps7_cortexa9_0' is selected.
09:20:53 INFO  : The application 'C:/Users/saber/Desktop/share/DanDike_NewBoard/vitis1/CPU1/Debug/CPU1.elf' is downloaded to processor 'ps7_cortexa9_0'.
09:20:53 INFO  : 'configparams force-mem-access 0' command is executed.
09:20:53 INFO  : ----------------XSDB Script----------------
connect -url tcp:127.0.0.1:3121
targets -set -nocase -filter {name =~"APU*"}
rst -system
after 3000
targets -set -filter {jtag_cable_name =~ "Digilent JTAG-SMT2 210251A08870" && level==0 && jtag_device_ctx=="jsn-JTAG-SMT2-210251A08870-23727093-0"}
fpga -file C:/Users/saber/Desktop/share/DanDike_NewBoard/vitis1/CPU1/_ide/bitstream/system_wrapper.bit
targets -set -nocase -filter {name =~"APU*"}
loadhw -hw C:/Users/saber/Desktop/share/DanDike_NewBoard/vitis1/system_wrapper/export/system_wrapper/hw/system_wrapper.xsa -mem-ranges [list {0x40000000 0xbfffffff}] -regs
configparams force-mem-access 1
targets -set -nocase -filter {name =~"APU*"}
source C:/Users/saber/Desktop/share/DanDike_NewBoard/vitis1/CPU1/_ide/psinit/ps7_init.tcl
ps7_init
ps7_post_config
targets -set -nocase -filter {name =~ "*A9*#0"}
dow C:/Users/saber/Desktop/share/DanDike_NewBoard/vitis1/CPU1/Debug/CPU1.elf
configparams force-mem-access 0
----------------End of Script----------------

09:20:53 INFO  : Context for processor 'ps7_cortexa9_0' is selected.
09:20:53 INFO  : 'con' command is executed.
09:20:53 INFO  : ----------------XSDB Script (After Launch)----------------
targets -set -nocase -filter {name =~ "*A9*#0"}
con
----------------End of Script----------------

09:20:53 INFO  : Launch script is exported to file 'C:\Users\saber\Desktop\share\DanDike_NewBoard\vitis1\DDK_system\_ide\scripts\debugger_cpu1-default.tcl'
09:45:20 INFO  : Checking for BSP changes to sync application flags for project 'CPU1'...
09:45:37 INFO  : Disconnected from the channel tcfchan#1.
09:45:38 INFO  : Connected to target on host '127.0.0.1' and port '3121'.
09:45:38 INFO  : Jtag cable 'Digilent JTAG-SMT2 210251A08870' is selected.
09:45:38 INFO  : 'jtag frequency' command is executed.
09:45:38 INFO  : Context for 'APU' is selected.
09:45:38 INFO  : System reset is completed.
09:45:41 INFO  : 'after 3000' command is executed.
09:45:41 INFO  : 'targets -set -filter {jtag_cable_name =~ "Digilent JTAG-SMT2 210251A08870" && level==0 && jtag_device_ctx=="jsn-JTAG-SMT2-210251A08870-23727093-0"}' command is executed.
09:45:43 INFO  : Device configured successfully with "C:/Users/saber/Desktop/share/DanDike_NewBoard/vitis1/CPU1/_ide/bitstream/system_wrapper.bit"
09:45:43 INFO  : Context for 'APU' is selected.
09:45:46 INFO  : Hardware design and registers information is loaded from 'C:/Users/saber/Desktop/share/DanDike_NewBoard/vitis1/system_wrapper/export/system_wrapper/hw/system_wrapper.xsa'.
09:45:46 INFO  : 'configparams force-mem-access 1' command is executed.
09:45:46 INFO  : Context for 'APU' is selected.
09:45:46 INFO  : Sourcing of 'C:/Users/saber/Desktop/share/DanDike_NewBoard/vitis1/CPU1/_ide/psinit/ps7_init.tcl' is done.
09:45:47 INFO  : 'ps7_init' command is executed.
09:45:47 INFO  : 'ps7_post_config' command is executed.
09:45:47 INFO  : Context for processor 'ps7_cortexa9_0' is selected.
09:45:48 INFO  : The application 'C:/Users/saber/Desktop/share/DanDike_NewBoard/vitis1/CPU1/Debug/CPU1.elf' is downloaded to processor 'ps7_cortexa9_0'.
09:45:48 INFO  : 'configparams force-mem-access 0' command is executed.
09:45:48 INFO  : ----------------XSDB Script----------------
connect -url tcp:127.0.0.1:3121
targets -set -nocase -filter {name =~"APU*"}
rst -system
after 3000
targets -set -filter {jtag_cable_name =~ "Digilent JTAG-SMT2 210251A08870" && level==0 && jtag_device_ctx=="jsn-JTAG-SMT2-210251A08870-23727093-0"}
fpga -file C:/Users/saber/Desktop/share/DanDike_NewBoard/vitis1/CPU1/_ide/bitstream/system_wrapper.bit
targets -set -nocase -filter {name =~"APU*"}
loadhw -hw C:/Users/saber/Desktop/share/DanDike_NewBoard/vitis1/system_wrapper/export/system_wrapper/hw/system_wrapper.xsa -mem-ranges [list {0x40000000 0xbfffffff}] -regs
configparams force-mem-access 1
targets -set -nocase -filter {name =~"APU*"}
source C:/Users/saber/Desktop/share/DanDike_NewBoard/vitis1/CPU1/_ide/psinit/ps7_init.tcl
ps7_init
ps7_post_config
targets -set -nocase -filter {name =~ "*A9*#0"}
dow C:/Users/saber/Desktop/share/DanDike_NewBoard/vitis1/CPU1/Debug/CPU1.elf
configparams force-mem-access 0
----------------End of Script----------------

09:45:48 INFO  : Context for processor 'ps7_cortexa9_0' is selected.
09:45:48 INFO  : 'con' command is executed.
09:45:48 INFO  : ----------------XSDB Script (After Launch)----------------
targets -set -nocase -filter {name =~ "*A9*#0"}
con
----------------End of Script----------------

09:45:48 INFO  : Launch script is exported to file 'C:\Users\saber\Desktop\share\DanDike_NewBoard\vitis1\DDK_system\_ide\scripts\debugger_cpu1-default.tcl'
10:11:04 INFO  : Checking for BSP changes to sync application flags for project 'CPU1'...
10:13:53 INFO  : Checking for BSP changes to sync application flags for project 'CPU1'...
10:15:41 INFO  : Checking for BSP changes to sync application flags for project 'CPU1'...
10:17:17 INFO  : Checking for BSP changes to sync application flags for project 'CPU1'...
10:18:16 INFO  : Checking for BSP changes to sync application flags for project 'CPU1'...
10:18:18 INFO  : Disconnected from the channel tcfchan#2.
10:18:19 INFO  : Connected to target on host '127.0.0.1' and port '3121'.
10:18:19 INFO  : Jtag cable 'Digilent JTAG-SMT2 210251A08870' is selected.
10:18:19 INFO  : 'jtag frequency' command is executed.
10:18:19 INFO  : Context for 'APU' is selected.
10:18:19 INFO  : System reset is completed.
10:18:22 INFO  : 'after 3000' command is executed.
10:18:22 INFO  : 'targets -set -filter {jtag_cable_name =~ "Digilent JTAG-SMT2 210251A08870" && level==0 && jtag_device_ctx=="jsn-JTAG-SMT2-210251A08870-23727093-0"}' command is executed.
10:18:24 INFO  : Device configured successfully with "C:/Users/saber/Desktop/share/DanDike_NewBoard/vitis1/CPU1/_ide/bitstream/system_wrapper.bit"
10:18:24 INFO  : Context for 'APU' is selected.
10:18:27 INFO  : Hardware design and registers information is loaded from 'C:/Users/saber/Desktop/share/DanDike_NewBoard/vitis1/system_wrapper/export/system_wrapper/hw/system_wrapper.xsa'.
10:18:27 INFO  : 'configparams force-mem-access 1' command is executed.
10:18:27 INFO  : Context for 'APU' is selected.
10:18:27 INFO  : Sourcing of 'C:/Users/saber/Desktop/share/DanDike_NewBoard/vitis1/CPU1/_ide/psinit/ps7_init.tcl' is done.
10:18:28 INFO  : 'ps7_init' command is executed.
10:18:28 INFO  : 'ps7_post_config' command is executed.
10:18:28 INFO  : Context for processor 'ps7_cortexa9_0' is selected.
10:18:28 INFO  : The application 'C:/Users/saber/Desktop/share/DanDike_NewBoard/vitis1/CPU1/Debug/CPU1.elf' is downloaded to processor 'ps7_cortexa9_0'.
10:18:29 INFO  : 'configparams force-mem-access 0' command is executed.
10:18:29 INFO  : ----------------XSDB Script----------------
connect -url tcp:127.0.0.1:3121
targets -set -nocase -filter {name =~"APU*"}
rst -system
after 3000
targets -set -filter {jtag_cable_name =~ "Digilent JTAG-SMT2 210251A08870" && level==0 && jtag_device_ctx=="jsn-JTAG-SMT2-210251A08870-23727093-0"}
fpga -file C:/Users/saber/Desktop/share/DanDike_NewBoard/vitis1/CPU1/_ide/bitstream/system_wrapper.bit
targets -set -nocase -filter {name =~"APU*"}
loadhw -hw C:/Users/saber/Desktop/share/DanDike_NewBoard/vitis1/system_wrapper/export/system_wrapper/hw/system_wrapper.xsa -mem-ranges [list {0x40000000 0xbfffffff}] -regs
configparams force-mem-access 1
targets -set -nocase -filter {name =~"APU*"}
source C:/Users/saber/Desktop/share/DanDike_NewBoard/vitis1/CPU1/_ide/psinit/ps7_init.tcl
ps7_init
ps7_post_config
targets -set -nocase -filter {name =~ "*A9*#0"}
dow C:/Users/saber/Desktop/share/DanDike_NewBoard/vitis1/CPU1/Debug/CPU1.elf
configparams force-mem-access 0
----------------End of Script----------------

10:18:29 INFO  : Context for processor 'ps7_cortexa9_0' is selected.
10:18:29 INFO  : 'con' command is executed.
10:18:29 INFO  : ----------------XSDB Script (After Launch)----------------
targets -set -nocase -filter {name =~ "*A9*#0"}
con
----------------End of Script----------------

10:18:29 INFO  : Launch script is exported to file 'C:\Users\saber\Desktop\share\DanDike_NewBoard\vitis1\DDK_system\_ide\scripts\debugger_cpu1-default.tcl'
10:24:22 INFO  : Checking for BSP changes to sync application flags for project 'CPU1'...
10:24:28 INFO  : Disconnected from the channel tcfchan#3.
10:24:29 INFO  : Connected to target on host '127.0.0.1' and port '3121'.
10:24:29 INFO  : Jtag cable 'Digilent JTAG-SMT2 210251A08870' is selected.
10:24:29 INFO  : 'jtag frequency' command is executed.
10:24:29 INFO  : Context for 'APU' is selected.
10:24:29 INFO  : System reset is completed.
10:24:32 INFO  : 'after 3000' command is executed.
10:24:32 INFO  : 'targets -set -filter {jtag_cable_name =~ "Digilent JTAG-SMT2 210251A08870" && level==0 && jtag_device_ctx=="jsn-JTAG-SMT2-210251A08870-23727093-0"}' command is executed.
10:24:34 INFO  : Device configured successfully with "C:/Users/saber/Desktop/share/DanDike_NewBoard/vitis1/CPU1/_ide/bitstream/system_wrapper.bit"
10:24:34 INFO  : Context for 'APU' is selected.
10:24:37 INFO  : Hardware design and registers information is loaded from 'C:/Users/saber/Desktop/share/DanDike_NewBoard/vitis1/system_wrapper/export/system_wrapper/hw/system_wrapper.xsa'.
10:24:37 INFO  : 'configparams force-mem-access 1' command is executed.
10:24:37 INFO  : Context for 'APU' is selected.
10:24:37 INFO  : Sourcing of 'C:/Users/saber/Desktop/share/DanDike_NewBoard/vitis1/CPU1/_ide/psinit/ps7_init.tcl' is done.
10:24:38 INFO  : 'ps7_init' command is executed.
10:24:38 INFO  : 'ps7_post_config' command is executed.
10:24:38 INFO  : Context for processor 'ps7_cortexa9_0' is selected.
10:24:39 INFO  : The application 'C:/Users/saber/Desktop/share/DanDike_NewBoard/vitis1/CPU1/Debug/CPU1.elf' is downloaded to processor 'ps7_cortexa9_0'.
10:24:39 INFO  : 'configparams force-mem-access 0' command is executed.
10:24:39 INFO  : ----------------XSDB Script----------------
connect -url tcp:127.0.0.1:3121
targets -set -nocase -filter {name =~"APU*"}
rst -system
after 3000
targets -set -filter {jtag_cable_name =~ "Digilent JTAG-SMT2 210251A08870" && level==0 && jtag_device_ctx=="jsn-JTAG-SMT2-210251A08870-23727093-0"}
fpga -file C:/Users/saber/Desktop/share/DanDike_NewBoard/vitis1/CPU1/_ide/bitstream/system_wrapper.bit
targets -set -nocase -filter {name =~"APU*"}
loadhw -hw C:/Users/saber/Desktop/share/DanDike_NewBoard/vitis1/system_wrapper/export/system_wrapper/hw/system_wrapper.xsa -mem-ranges [list {0x40000000 0xbfffffff}] -regs
configparams force-mem-access 1
targets -set -nocase -filter {name =~"APU*"}
source C:/Users/saber/Desktop/share/DanDike_NewBoard/vitis1/CPU1/_ide/psinit/ps7_init.tcl
ps7_init
ps7_post_config
targets -set -nocase -filter {name =~ "*A9*#0"}
dow C:/Users/saber/Desktop/share/DanDike_NewBoard/vitis1/CPU1/Debug/CPU1.elf
configparams force-mem-access 0
----------------End of Script----------------

10:24:39 INFO  : Context for processor 'ps7_cortexa9_0' is selected.
10:24:39 INFO  : 'con' command is executed.
10:24:39 INFO  : ----------------XSDB Script (After Launch)----------------
targets -set -nocase -filter {name =~ "*A9*#0"}
con
----------------End of Script----------------

10:24:39 INFO  : Launch script is exported to file 'C:\Users\saber\Desktop\share\DanDike_NewBoard\vitis1\DDK_system\_ide\scripts\debugger_cpu1-default.tcl'
11:11:06 INFO  : Checking for BSP changes to sync application flags for project 'CPU1'...
11:11:58 INFO  : Checking for BSP changes to sync application flags for project 'CPU1'...
11:13:08 INFO  : Checking for BSP changes to sync application flags for project 'CPU1'...
11:13:39 INFO  : Checking for BSP changes to sync application flags for project 'CPU1'...
11:14:03 INFO  : Checking for BSP changes to sync application flags for project 'CPU1'...
11:14:15 INFO  : Disconnected from the channel tcfchan#4.
11:14:16 INFO  : Connected to target on host '127.0.0.1' and port '3121'.
11:14:16 INFO  : Jtag cable 'Digilent JTAG-SMT2 210251A08870' is selected.
11:14:16 INFO  : 'jtag frequency' command is executed.
11:14:16 INFO  : Context for 'APU' is selected.
11:14:16 INFO  : System reset is completed.
11:14:19 INFO  : 'after 3000' command is executed.
11:14:19 INFO  : 'targets -set -filter {jtag_cable_name =~ "Digilent JTAG-SMT2 210251A08870" && level==0 && jtag_device_ctx=="jsn-JTAG-SMT2-210251A08870-23727093-0"}' command is executed.
11:14:22 INFO  : Device configured successfully with "C:/Users/saber/Desktop/share/DanDike_NewBoard/vitis1/CPU1/_ide/bitstream/system_wrapper.bit"
11:14:22 INFO  : Context for 'APU' is selected.
11:14:25 INFO  : Hardware design and registers information is loaded from 'C:/Users/saber/Desktop/share/DanDike_NewBoard/vitis1/system_wrapper/export/system_wrapper/hw/system_wrapper.xsa'.
11:14:25 INFO  : 'configparams force-mem-access 1' command is executed.
11:14:25 INFO  : Context for 'APU' is selected.
11:14:25 INFO  : Sourcing of 'C:/Users/saber/Desktop/share/DanDike_NewBoard/vitis1/CPU1/_ide/psinit/ps7_init.tcl' is done.
11:14:25 INFO  : 'ps7_init' command is executed.
11:14:25 INFO  : 'ps7_post_config' command is executed.
11:14:25 INFO  : Context for processor 'ps7_cortexa9_0' is selected.
11:14:26 INFO  : The application 'C:/Users/saber/Desktop/share/DanDike_NewBoard/vitis1/CPU1/Debug/CPU1.elf' is downloaded to processor 'ps7_cortexa9_0'.
11:14:26 INFO  : 'configparams force-mem-access 0' command is executed.
11:14:26 INFO  : ----------------XSDB Script----------------
connect -url tcp:127.0.0.1:3121
targets -set -nocase -filter {name =~"APU*"}
rst -system
after 3000
targets -set -filter {jtag_cable_name =~ "Digilent JTAG-SMT2 210251A08870" && level==0 && jtag_device_ctx=="jsn-JTAG-SMT2-210251A08870-23727093-0"}
fpga -file C:/Users/saber/Desktop/share/DanDike_NewBoard/vitis1/CPU1/_ide/bitstream/system_wrapper.bit
targets -set -nocase -filter {name =~"APU*"}
loadhw -hw C:/Users/saber/Desktop/share/DanDike_NewBoard/vitis1/system_wrapper/export/system_wrapper/hw/system_wrapper.xsa -mem-ranges [list {0x40000000 0xbfffffff}] -regs
configparams force-mem-access 1
targets -set -nocase -filter {name =~"APU*"}
source C:/Users/saber/Desktop/share/DanDike_NewBoard/vitis1/CPU1/_ide/psinit/ps7_init.tcl
ps7_init
ps7_post_config
targets -set -nocase -filter {name =~ "*A9*#0"}
dow C:/Users/saber/Desktop/share/DanDike_NewBoard/vitis1/CPU1/Debug/CPU1.elf
configparams force-mem-access 0
----------------End of Script----------------

11:14:27 INFO  : Context for processor 'ps7_cortexa9_0' is selected.
11:14:27 INFO  : 'con' command is executed.
11:14:27 INFO  : ----------------XSDB Script (After Launch)----------------
targets -set -nocase -filter {name =~ "*A9*#0"}
con
----------------End of Script----------------

11:14:27 INFO  : Launch script is exported to file 'C:\Users\saber\Desktop\share\DanDike_NewBoard\vitis1\DDK_system\_ide\scripts\debugger_cpu1-default.tcl'
11:22:16 INFO  : Checking for BSP changes to sync application flags for project 'CPU1'...
11:22:23 INFO  : Disconnected from the channel tcfchan#5.
11:22:24 INFO  : Connected to target on host '127.0.0.1' and port '3121'.
11:22:24 INFO  : Jtag cable 'Digilent JTAG-SMT2 210251A08870' is selected.
11:22:24 INFO  : 'jtag frequency' command is executed.
11:22:24 INFO  : Context for 'APU' is selected.
11:22:24 INFO  : System reset is completed.
11:22:27 INFO  : 'after 3000' command is executed.
11:22:27 INFO  : 'targets -set -filter {jtag_cable_name =~ "Digilent JTAG-SMT2 210251A08870" && level==0 && jtag_device_ctx=="jsn-JTAG-SMT2-210251A08870-23727093-0"}' command is executed.
11:22:29 INFO  : Device configured successfully with "C:/Users/saber/Desktop/share/DanDike_NewBoard/vitis1/CPU1/_ide/bitstream/system_wrapper.bit"
11:22:29 INFO  : Context for 'APU' is selected.
11:22:32 INFO  : Hardware design and registers information is loaded from 'C:/Users/saber/Desktop/share/DanDike_NewBoard/vitis1/system_wrapper/export/system_wrapper/hw/system_wrapper.xsa'.
11:22:32 INFO  : 'configparams force-mem-access 1' command is executed.
11:22:32 INFO  : Context for 'APU' is selected.
11:22:32 INFO  : Sourcing of 'C:/Users/saber/Desktop/share/DanDike_NewBoard/vitis1/CPU1/_ide/psinit/ps7_init.tcl' is done.
11:22:33 INFO  : 'ps7_init' command is executed.
11:22:33 INFO  : 'ps7_post_config' command is executed.
11:22:33 INFO  : Context for processor 'ps7_cortexa9_0' is selected.
11:22:34 INFO  : The application 'C:/Users/saber/Desktop/share/DanDike_NewBoard/vitis1/CPU1/Debug/CPU1.elf' is downloaded to processor 'ps7_cortexa9_0'.
11:22:34 INFO  : 'configparams force-mem-access 0' command is executed.
11:22:34 INFO  : ----------------XSDB Script----------------
connect -url tcp:127.0.0.1:3121
targets -set -nocase -filter {name =~"APU*"}
rst -system
after 3000
targets -set -filter {jtag_cable_name =~ "Digilent JTAG-SMT2 210251A08870" && level==0 && jtag_device_ctx=="jsn-JTAG-SMT2-210251A08870-23727093-0"}
fpga -file C:/Users/saber/Desktop/share/DanDike_NewBoard/vitis1/CPU1/_ide/bitstream/system_wrapper.bit
targets -set -nocase -filter {name =~"APU*"}
loadhw -hw C:/Users/saber/Desktop/share/DanDike_NewBoard/vitis1/system_wrapper/export/system_wrapper/hw/system_wrapper.xsa -mem-ranges [list {0x40000000 0xbfffffff}] -regs
configparams force-mem-access 1
targets -set -nocase -filter {name =~"APU*"}
source C:/Users/saber/Desktop/share/DanDike_NewBoard/vitis1/CPU1/_ide/psinit/ps7_init.tcl
ps7_init
ps7_post_config
targets -set -nocase -filter {name =~ "*A9*#0"}
dow C:/Users/saber/Desktop/share/DanDike_NewBoard/vitis1/CPU1/Debug/CPU1.elf
configparams force-mem-access 0
----------------End of Script----------------

11:22:34 INFO  : Context for processor 'ps7_cortexa9_0' is selected.
11:22:34 INFO  : 'con' command is executed.
11:22:34 INFO  : ----------------XSDB Script (After Launch)----------------
targets -set -nocase -filter {name =~ "*A9*#0"}
con
----------------End of Script----------------

11:22:34 INFO  : Launch script is exported to file 'C:\Users\saber\Desktop\share\DanDike_NewBoard\vitis1\DDK_system\_ide\scripts\debugger_cpu1-default.tcl'
11:32:49 INFO  : Checking for BSP changes to sync application flags for project 'CPU1'...
11:33:01 INFO  : Checking for BSP changes to sync application flags for project 'CPU1'...
11:33:03 INFO  : Disconnected from the channel tcfchan#6.
11:33:04 INFO  : Connected to target on host '127.0.0.1' and port '3121'.
11:33:04 INFO  : Jtag cable 'Digilent JTAG-SMT2 210251A08870' is selected.
11:33:04 INFO  : 'jtag frequency' command is executed.
11:33:04 INFO  : Context for 'APU' is selected.
11:33:04 INFO  : System reset is completed.
11:33:07 INFO  : 'after 3000' command is executed.
11:33:07 INFO  : 'targets -set -filter {jtag_cable_name =~ "Digilent JTAG-SMT2 210251A08870" && level==0 && jtag_device_ctx=="jsn-JTAG-SMT2-210251A08870-23727093-0"}' command is executed.
11:33:09 INFO  : Device configured successfully with "C:/Users/saber/Desktop/share/DanDike_NewBoard/vitis1/CPU1/_ide/bitstream/system_wrapper.bit"
11:33:09 INFO  : Context for 'APU' is selected.
11:33:12 INFO  : Hardware design and registers information is loaded from 'C:/Users/saber/Desktop/share/DanDike_NewBoard/vitis1/system_wrapper/export/system_wrapper/hw/system_wrapper.xsa'.
11:33:12 INFO  : 'configparams force-mem-access 1' command is executed.
11:33:12 INFO  : Context for 'APU' is selected.
11:33:12 INFO  : Sourcing of 'C:/Users/saber/Desktop/share/DanDike_NewBoard/vitis1/CPU1/_ide/psinit/ps7_init.tcl' is done.
11:33:13 INFO  : 'ps7_init' command is executed.
11:33:13 INFO  : 'ps7_post_config' command is executed.
11:33:13 INFO  : Context for processor 'ps7_cortexa9_0' is selected.
11:33:14 INFO  : The application 'C:/Users/saber/Desktop/share/DanDike_NewBoard/vitis1/CPU1/Debug/CPU1.elf' is downloaded to processor 'ps7_cortexa9_0'.
11:33:14 INFO  : 'configparams force-mem-access 0' command is executed.
11:33:14 INFO  : ----------------XSDB Script----------------
connect -url tcp:127.0.0.1:3121
targets -set -nocase -filter {name =~"APU*"}
rst -system
after 3000
targets -set -filter {jtag_cable_name =~ "Digilent JTAG-SMT2 210251A08870" && level==0 && jtag_device_ctx=="jsn-JTAG-SMT2-210251A08870-23727093-0"}
fpga -file C:/Users/saber/Desktop/share/DanDike_NewBoard/vitis1/CPU1/_ide/bitstream/system_wrapper.bit
targets -set -nocase -filter {name =~"APU*"}
loadhw -hw C:/Users/saber/Desktop/share/DanDike_NewBoard/vitis1/system_wrapper/export/system_wrapper/hw/system_wrapper.xsa -mem-ranges [list {0x40000000 0xbfffffff}] -regs
configparams force-mem-access 1
targets -set -nocase -filter {name =~"APU*"}
source C:/Users/saber/Desktop/share/DanDike_NewBoard/vitis1/CPU1/_ide/psinit/ps7_init.tcl
ps7_init
ps7_post_config
targets -set -nocase -filter {name =~ "*A9*#0"}
dow C:/Users/saber/Desktop/share/DanDike_NewBoard/vitis1/CPU1/Debug/CPU1.elf
configparams force-mem-access 0
----------------End of Script----------------

11:33:14 INFO  : Context for processor 'ps7_cortexa9_0' is selected.
11:33:14 INFO  : 'con' command is executed.
11:33:14 INFO  : ----------------XSDB Script (After Launch)----------------
targets -set -nocase -filter {name =~ "*A9*#0"}
con
----------------End of Script----------------

11:33:14 INFO  : Launch script is exported to file 'C:\Users\saber\Desktop\share\DanDike_NewBoard\vitis1\DDK_system\_ide\scripts\debugger_cpu1-default.tcl'
11:34:21 INFO  : Checking for BSP changes to sync application flags for project 'CPU1'...
11:34:23 INFO  : Disconnected from the channel tcfchan#7.
11:34:24 INFO  : Connected to target on host '127.0.0.1' and port '3121'.
11:34:25 INFO  : Jtag cable 'Digilent JTAG-SMT2 210251A08870' is selected.
11:34:25 INFO  : 'jtag frequency' command is executed.
11:34:25 INFO  : Context for 'APU' is selected.
11:34:25 INFO  : System reset is completed.
11:34:28 INFO  : 'after 3000' command is executed.
11:34:28 INFO  : 'targets -set -filter {jtag_cable_name =~ "Digilent JTAG-SMT2 210251A08870" && level==0 && jtag_device_ctx=="jsn-JTAG-SMT2-210251A08870-23727093-0"}' command is executed.
11:34:30 INFO  : Device configured successfully with "C:/Users/saber/Desktop/share/DanDike_NewBoard/vitis1/CPU1/_ide/bitstream/system_wrapper.bit"
11:34:30 INFO  : Context for 'APU' is selected.
11:34:33 INFO  : Hardware design and registers information is loaded from 'C:/Users/saber/Desktop/share/DanDike_NewBoard/vitis1/system_wrapper/export/system_wrapper/hw/system_wrapper.xsa'.
11:34:33 INFO  : 'configparams force-mem-access 1' command is executed.
11:34:33 INFO  : Context for 'APU' is selected.
11:34:33 INFO  : Sourcing of 'C:/Users/saber/Desktop/share/DanDike_NewBoard/vitis1/CPU1/_ide/psinit/ps7_init.tcl' is done.
11:34:34 INFO  : 'ps7_init' command is executed.
11:34:34 INFO  : 'ps7_post_config' command is executed.
11:34:34 INFO  : Context for processor 'ps7_cortexa9_0' is selected.
11:34:35 INFO  : The application 'C:/Users/saber/Desktop/share/DanDike_NewBoard/vitis1/CPU1/Debug/CPU1.elf' is downloaded to processor 'ps7_cortexa9_0'.
11:34:35 INFO  : 'configparams force-mem-access 0' command is executed.
11:34:35 INFO  : ----------------XSDB Script----------------
connect -url tcp:127.0.0.1:3121
targets -set -nocase -filter {name =~"APU*"}
rst -system
after 3000
targets -set -filter {jtag_cable_name =~ "Digilent JTAG-SMT2 210251A08870" && level==0 && jtag_device_ctx=="jsn-JTAG-SMT2-210251A08870-23727093-0"}
fpga -file C:/Users/saber/Desktop/share/DanDike_NewBoard/vitis1/CPU1/_ide/bitstream/system_wrapper.bit
targets -set -nocase -filter {name =~"APU*"}
loadhw -hw C:/Users/saber/Desktop/share/DanDike_NewBoard/vitis1/system_wrapper/export/system_wrapper/hw/system_wrapper.xsa -mem-ranges [list {0x40000000 0xbfffffff}] -regs
configparams force-mem-access 1
targets -set -nocase -filter {name =~"APU*"}
source C:/Users/saber/Desktop/share/DanDike_NewBoard/vitis1/CPU1/_ide/psinit/ps7_init.tcl
ps7_init
ps7_post_config
targets -set -nocase -filter {name =~ "*A9*#0"}
dow C:/Users/saber/Desktop/share/DanDike_NewBoard/vitis1/CPU1/Debug/CPU1.elf
configparams force-mem-access 0
----------------End of Script----------------

11:34:35 INFO  : Context for processor 'ps7_cortexa9_0' is selected.
11:34:35 INFO  : 'con' command is executed.
11:34:35 INFO  : ----------------XSDB Script (After Launch)----------------
targets -set -nocase -filter {name =~ "*A9*#0"}
con
----------------End of Script----------------

11:34:35 INFO  : Launch script is exported to file 'C:\Users\saber\Desktop\share\DanDike_NewBoard\vitis1\DDK_system\_ide\scripts\debugger_cpu1-default.tcl'
11:35:56 INFO  : Checking for BSP changes to sync application flags for project 'CPU1'...
11:36:36 INFO  : Disconnected from the channel tcfchan#8.
11:49:02 INFO  : Connected to target on host '127.0.0.1' and port '3121'.
11:49:11 INFO  : ----------------XSDB Script----------------
connect -url tcp:127.0.0.1:3121
----------------End of Script----------------

11:49:11 ERROR : Could not find ARM device on the board for connection 'Local'.
Check if the target is in:
1. Split JTAG - No operations are possible with ARM DAP.
2. Non JTAG bootmode - Bootrom may need time to enable DAP.
Please try again.


Troubleshooting hints:
1. Check whether board is connected to system properly.
2. In case of zynq board, check whether Digilent/Xilinx cable switch settings are correct.
3. If you are using Xilinx Platform Cable USB, ensure that status LED is green.
12:41:34 INFO  : Hardware specification for platform project 'system_wrapper' is updated.
12:43:31 INFO  : Result from executing command 'getProjects': system_wrapper
12:43:31 INFO  : Result from executing command 'getPlatforms': system_wrapper|C:/Users/saber/Desktop/share/DanDike_NewBoard/vitis1/system_wrapper/export/system_wrapper/system_wrapper.xpfm
12:43:55 INFO  : Checking for BSP changes to sync application flags for project 'CPU1'...
12:43:55 WARN  : Failed to closehw "C:/Users/saber/Desktop/share/DanDike_NewBoard/vitis1/system_wrapper/export/system_wrapper/hw/system_wrapper.xsa"
Reason: Cannot close hw design 'C:/Users/saber/Desktop/share/DanDike_NewBoard/vitis1/system_wrapper/export/system_wrapper/hw/system_wrapper.xsa'.
Design is not opened in the current session.

12:45:01 INFO  : Checking for BSP changes to sync application flags for project 'CPU1'...
14:09:57 INFO  : Checking for BSP changes to sync application flags for project 'CPU1'...
14:10:04 INFO  : The hardware specfication used by project 'CPU1' is out of sync with the platform. Resource files extracted from the hardware specfiication will be updated.
14:10:04 INFO  : The file 'C:\Users\saber\Desktop\share\DanDike_NewBoard\vitis1\CPU1\_ide\bitstream\system_wrapper.bit' stored in project is removed.
14:10:04 INFO  : The file 'C:\Users\saber\Desktop\share\DanDike_NewBoard\vitis1\CPU1\_ide\bitstream\system_wrapper.mmi' stored in project is removed.
14:10:04 INFO  : The updated bitstream files are copied from platform to folder 'C:\Users\saber\Desktop\share\DanDike_NewBoard\vitis1\CPU1\_ide\bitstream' in project 'CPU1'.
14:10:04 INFO  : The file 'C:\Users\saber\Desktop\share\DanDike_NewBoard\vitis1\CPU1\_ide\psinit\ps7_init.tcl' stored in project is removed.
14:10:11 INFO  : The updated ps init files are copied from platform to folder 'C:\Users\saber\Desktop\share\DanDike_NewBoard\vitis1\CPU1\_ide\psinit' in project 'CPU1'.
14:10:11 INFO  : Connected to target on host '127.0.0.1' and port '3121'.
14:10:11 INFO  : Jtag cable 'Digilent JTAG-SMT2 210251A08870' is selected.
14:10:11 INFO  : 'jtag frequency' command is executed.
14:10:11 INFO  : Context for 'APU' is selected.
14:10:11 INFO  : System reset is completed.
14:10:14 INFO  : 'after 3000' command is executed.
14:10:15 INFO  : 'targets -set -filter {jtag_cable_name =~ "Digilent JTAG-SMT2 210251A08870" && level==0 && jtag_device_ctx=="jsn-JTAG-SMT2-210251A08870-23727093-0"}' command is executed.
14:10:17 INFO  : Device configured successfully with "C:/Users/saber/Desktop/share/DanDike_NewBoard/vitis1/CPU1/_ide/bitstream/system_wrapper.bit"
14:10:17 INFO  : Context for 'APU' is selected.
14:10:17 INFO  : Hardware design and registers information is loaded from 'C:/Users/saber/Desktop/share/DanDike_NewBoard/vitis1/system_wrapper/export/system_wrapper/hw/system_wrapper.xsa'.
14:10:17 INFO  : 'configparams force-mem-access 1' command is executed.
14:10:17 INFO  : Context for 'APU' is selected.
14:10:17 INFO  : Sourcing of 'C:/Users/saber/Desktop/share/DanDike_NewBoard/vitis1/CPU1/_ide/psinit/ps7_init.tcl' is done.
14:10:17 INFO  : 'ps7_init' command is executed.
14:10:17 INFO  : 'ps7_post_config' command is executed.
14:10:17 INFO  : Context for processor 'ps7_cortexa9_0' is selected.
14:10:18 INFO  : The application 'C:/Users/saber/Desktop/share/DanDike_NewBoard/vitis1/CPU1/Debug/CPU1.elf' is downloaded to processor 'ps7_cortexa9_0'.
14:10:18 INFO  : 'configparams force-mem-access 0' command is executed.
14:10:18 INFO  : ----------------XSDB Script----------------
connect -url tcp:127.0.0.1:3121
targets -set -nocase -filter {name =~"APU*"}
rst -system
after 3000
targets -set -filter {jtag_cable_name =~ "Digilent JTAG-SMT2 210251A08870" && level==0 && jtag_device_ctx=="jsn-JTAG-SMT2-210251A08870-23727093-0"}
fpga -file C:/Users/saber/Desktop/share/DanDike_NewBoard/vitis1/CPU1/_ide/bitstream/system_wrapper.bit
targets -set -nocase -filter {name =~"APU*"}
loadhw -hw C:/Users/saber/Desktop/share/DanDike_NewBoard/vitis1/system_wrapper/export/system_wrapper/hw/system_wrapper.xsa -mem-ranges [list {0x40000000 0xbfffffff}] -regs
configparams force-mem-access 1
targets -set -nocase -filter {name =~"APU*"}
source C:/Users/saber/Desktop/share/DanDike_NewBoard/vitis1/CPU1/_ide/psinit/ps7_init.tcl
ps7_init
ps7_post_config
targets -set -nocase -filter {name =~ "*A9*#0"}
dow C:/Users/saber/Desktop/share/DanDike_NewBoard/vitis1/CPU1/Debug/CPU1.elf
configparams force-mem-access 0
----------------End of Script----------------

14:10:18 INFO  : Context for processor 'ps7_cortexa9_0' is selected.
14:10:18 INFO  : 'con' command is executed.
14:10:18 INFO  : ----------------XSDB Script (After Launch)----------------
targets -set -nocase -filter {name =~ "*A9*#0"}
con
----------------End of Script----------------

14:10:18 INFO  : Launch script is exported to file 'C:\Users\saber\Desktop\share\DanDike_NewBoard\vitis1\DDK_system\_ide\scripts\debugger_cpu1-default.tcl'
14:11:43 INFO  : Checking for BSP changes to sync application flags for project 'CPU1'...
14:11:46 INFO  : Disconnected from the channel tcfchan#9.
14:11:47 INFO  : Connected to target on host '127.0.0.1' and port '3121'.
14:11:47 INFO  : Jtag cable 'Digilent JTAG-SMT2 210251A08870' is selected.
14:11:47 INFO  : 'jtag frequency' command is executed.
14:11:47 INFO  : Context for 'APU' is selected.
14:11:47 INFO  : System reset is completed.
14:11:50 INFO  : 'after 3000' command is executed.
14:11:50 INFO  : 'targets -set -filter {jtag_cable_name =~ "Digilent JTAG-SMT2 210251A08870" && level==0 && jtag_device_ctx=="jsn-JTAG-SMT2-210251A08870-23727093-0"}' command is executed.
14:11:52 INFO  : Device configured successfully with "C:/Users/saber/Desktop/share/DanDike_NewBoard/vitis1/CPU1/_ide/bitstream/system_wrapper.bit"
14:11:52 INFO  : Context for 'APU' is selected.
14:11:52 INFO  : Hardware design and registers information is loaded from 'C:/Users/saber/Desktop/share/DanDike_NewBoard/vitis1/system_wrapper/export/system_wrapper/hw/system_wrapper.xsa'.
14:11:52 INFO  : 'configparams force-mem-access 1' command is executed.
14:11:52 INFO  : Context for 'APU' is selected.
14:11:52 INFO  : Sourcing of 'C:/Users/saber/Desktop/share/DanDike_NewBoard/vitis1/CPU1/_ide/psinit/ps7_init.tcl' is done.
14:11:53 INFO  : 'ps7_init' command is executed.
14:11:53 INFO  : 'ps7_post_config' command is executed.
14:11:53 INFO  : Context for processor 'ps7_cortexa9_0' is selected.
14:11:54 INFO  : The application 'C:/Users/saber/Desktop/share/DanDike_NewBoard/vitis1/CPU1/Debug/CPU1.elf' is downloaded to processor 'ps7_cortexa9_0'.
14:11:54 INFO  : 'configparams force-mem-access 0' command is executed.
14:11:54 INFO  : ----------------XSDB Script----------------
connect -url tcp:127.0.0.1:3121
targets -set -nocase -filter {name =~"APU*"}
rst -system
after 3000
targets -set -filter {jtag_cable_name =~ "Digilent JTAG-SMT2 210251A08870" && level==0 && jtag_device_ctx=="jsn-JTAG-SMT2-210251A08870-23727093-0"}
fpga -file C:/Users/saber/Desktop/share/DanDike_NewBoard/vitis1/CPU1/_ide/bitstream/system_wrapper.bit
targets -set -nocase -filter {name =~"APU*"}
loadhw -hw C:/Users/saber/Desktop/share/DanDike_NewBoard/vitis1/system_wrapper/export/system_wrapper/hw/system_wrapper.xsa -mem-ranges [list {0x40000000 0xbfffffff}] -regs
configparams force-mem-access 1
targets -set -nocase -filter {name =~"APU*"}
source C:/Users/saber/Desktop/share/DanDike_NewBoard/vitis1/CPU1/_ide/psinit/ps7_init.tcl
ps7_init
ps7_post_config
targets -set -nocase -filter {name =~ "*A9*#0"}
dow C:/Users/saber/Desktop/share/DanDike_NewBoard/vitis1/CPU1/Debug/CPU1.elf
configparams force-mem-access 0
----------------End of Script----------------

14:11:54 INFO  : Context for processor 'ps7_cortexa9_0' is selected.
14:11:54 INFO  : 'con' command is executed.
14:11:54 INFO  : ----------------XSDB Script (After Launch)----------------
targets -set -nocase -filter {name =~ "*A9*#0"}
con
----------------End of Script----------------

14:11:54 INFO  : Launch script is exported to file 'C:\Users\saber\Desktop\share\DanDike_NewBoard\vitis1\DDK_system\_ide\scripts\debugger_cpu1-default.tcl'
14:13:32 INFO  : Checking for BSP changes to sync application flags for project 'CPU1'...
14:13:34 INFO  : Disconnected from the channel tcfchan#12.
14:13:35 INFO  : Connected to target on host '127.0.0.1' and port '3121'.
14:13:36 INFO  : Jtag cable 'Digilent JTAG-SMT2 210251A08870' is selected.
14:13:36 INFO  : 'jtag frequency' command is executed.
14:13:36 INFO  : Context for 'APU' is selected.
14:13:36 INFO  : System reset is completed.
14:13:39 INFO  : 'after 3000' command is executed.
14:13:39 INFO  : 'targets -set -filter {jtag_cable_name =~ "Digilent JTAG-SMT2 210251A08870" && level==0 && jtag_device_ctx=="jsn-JTAG-SMT2-210251A08870-23727093-0"}' command is executed.
14:13:41 INFO  : Device configured successfully with "C:/Users/saber/Desktop/share/DanDike_NewBoard/vitis1/CPU1/_ide/bitstream/system_wrapper.bit"
14:13:41 INFO  : Context for 'APU' is selected.
14:13:41 INFO  : Hardware design and registers information is loaded from 'C:/Users/saber/Desktop/share/DanDike_NewBoard/vitis1/system_wrapper/export/system_wrapper/hw/system_wrapper.xsa'.
14:13:41 INFO  : 'configparams force-mem-access 1' command is executed.
14:13:41 INFO  : Context for 'APU' is selected.
14:13:41 INFO  : Sourcing of 'C:/Users/saber/Desktop/share/DanDike_NewBoard/vitis1/CPU1/_ide/psinit/ps7_init.tcl' is done.
14:13:41 INFO  : 'ps7_init' command is executed.
14:13:41 INFO  : 'ps7_post_config' command is executed.
14:13:41 INFO  : Context for processor 'ps7_cortexa9_0' is selected.
14:13:42 INFO  : The application 'C:/Users/saber/Desktop/share/DanDike_NewBoard/vitis1/CPU1/Debug/CPU1.elf' is downloaded to processor 'ps7_cortexa9_0'.
14:13:42 INFO  : 'configparams force-mem-access 0' command is executed.
14:13:42 INFO  : ----------------XSDB Script----------------
connect -url tcp:127.0.0.1:3121
targets -set -nocase -filter {name =~"APU*"}
rst -system
after 3000
targets -set -filter {jtag_cable_name =~ "Digilent JTAG-SMT2 210251A08870" && level==0 && jtag_device_ctx=="jsn-JTAG-SMT2-210251A08870-23727093-0"}
fpga -file C:/Users/saber/Desktop/share/DanDike_NewBoard/vitis1/CPU1/_ide/bitstream/system_wrapper.bit
targets -set -nocase -filter {name =~"APU*"}
loadhw -hw C:/Users/saber/Desktop/share/DanDike_NewBoard/vitis1/system_wrapper/export/system_wrapper/hw/system_wrapper.xsa -mem-ranges [list {0x40000000 0xbfffffff}] -regs
configparams force-mem-access 1
targets -set -nocase -filter {name =~"APU*"}
source C:/Users/saber/Desktop/share/DanDike_NewBoard/vitis1/CPU1/_ide/psinit/ps7_init.tcl
ps7_init
ps7_post_config
targets -set -nocase -filter {name =~ "*A9*#0"}
dow C:/Users/saber/Desktop/share/DanDike_NewBoard/vitis1/CPU1/Debug/CPU1.elf
configparams force-mem-access 0
----------------End of Script----------------

14:13:42 INFO  : Context for processor 'ps7_cortexa9_0' is selected.
14:13:42 INFO  : 'con' command is executed.
14:13:42 INFO  : ----------------XSDB Script (After Launch)----------------
targets -set -nocase -filter {name =~ "*A9*#0"}
con
----------------End of Script----------------

14:13:42 INFO  : Launch script is exported to file 'C:\Users\saber\Desktop\share\DanDike_NewBoard\vitis1\DDK_system\_ide\scripts\debugger_cpu1-default.tcl'
15:29:09 INFO  : Checking for BSP changes to sync application flags for project 'CPU1'...
15:29:22 INFO  : Disconnected from the channel tcfchan#13.
15:29:23 INFO  : Connected to target on host '127.0.0.1' and port '3121'.
15:29:23 INFO  : Jtag cable 'Digilent JTAG-SMT2 210251A08870' is selected.
15:29:23 INFO  : 'jtag frequency' command is executed.
15:29:23 INFO  : Context for 'APU' is selected.
15:29:23 INFO  : System reset is completed.
15:29:27 INFO  : 'after 3000' command is executed.
15:29:27 INFO  : 'targets -set -filter {jtag_cable_name =~ "Digilent JTAG-SMT2 210251A08870" && level==0 && jtag_device_ctx=="jsn-JTAG-SMT2-210251A08870-23727093-0"}' command is executed.
15:29:29 INFO  : Device configured successfully with "C:/Users/saber/Desktop/share/DanDike_NewBoard/vitis1/CPU1/_ide/bitstream/system_wrapper.bit"
15:29:29 INFO  : Context for 'APU' is selected.
15:29:29 INFO  : Hardware design and registers information is loaded from 'C:/Users/saber/Desktop/share/DanDike_NewBoard/vitis1/system_wrapper/export/system_wrapper/hw/system_wrapper.xsa'.
15:29:29 INFO  : 'configparams force-mem-access 1' command is executed.
15:29:29 INFO  : Context for 'APU' is selected.
15:29:29 INFO  : Sourcing of 'C:/Users/saber/Desktop/share/DanDike_NewBoard/vitis1/CPU1/_ide/psinit/ps7_init.tcl' is done.
15:29:29 INFO  : 'ps7_init' command is executed.
15:29:29 INFO  : 'ps7_post_config' command is executed.
15:29:29 INFO  : Context for processor 'ps7_cortexa9_0' is selected.
15:29:30 INFO  : The application 'C:/Users/saber/Desktop/share/DanDike_NewBoard/vitis1/CPU1/Debug/CPU1.elf' is downloaded to processor 'ps7_cortexa9_0'.
15:29:30 INFO  : 'configparams force-mem-access 0' command is executed.
15:29:30 INFO  : ----------------XSDB Script----------------
connect -url tcp:127.0.0.1:3121
targets -set -nocase -filter {name =~"APU*"}
rst -system
after 3000
targets -set -filter {jtag_cable_name =~ "Digilent JTAG-SMT2 210251A08870" && level==0 && jtag_device_ctx=="jsn-JTAG-SMT2-210251A08870-23727093-0"}
fpga -file C:/Users/saber/Desktop/share/DanDike_NewBoard/vitis1/CPU1/_ide/bitstream/system_wrapper.bit
targets -set -nocase -filter {name =~"APU*"}
loadhw -hw C:/Users/saber/Desktop/share/DanDike_NewBoard/vitis1/system_wrapper/export/system_wrapper/hw/system_wrapper.xsa -mem-ranges [list {0x40000000 0xbfffffff}] -regs
configparams force-mem-access 1
targets -set -nocase -filter {name =~"APU*"}
source C:/Users/saber/Desktop/share/DanDike_NewBoard/vitis1/CPU1/_ide/psinit/ps7_init.tcl
ps7_init
ps7_post_config
targets -set -nocase -filter {name =~ "*A9*#0"}
dow C:/Users/saber/Desktop/share/DanDike_NewBoard/vitis1/CPU1/Debug/CPU1.elf
configparams force-mem-access 0
----------------End of Script----------------

15:29:30 INFO  : Context for processor 'ps7_cortexa9_0' is selected.
15:29:30 INFO  : 'con' command is executed.
15:29:30 INFO  : ----------------XSDB Script (After Launch)----------------
targets -set -nocase -filter {name =~ "*A9*#0"}
con
----------------End of Script----------------

15:29:30 INFO  : Launch script is exported to file 'C:\Users\saber\Desktop\share\DanDike_NewBoard\vitis1\DDK_system\_ide\scripts\debugger_cpu1-default.tcl'
15:34:40 INFO  : Checking for BSP changes to sync application flags for project 'CPU1'...
15:34:45 INFO  : Disconnected from the channel tcfchan#14.
15:34:46 INFO  : Connected to target on host '127.0.0.1' and port '3121'.
15:34:46 INFO  : Jtag cable 'Digilent JTAG-SMT2 210251A08870' is selected.
15:34:46 INFO  : 'jtag frequency' command is executed.
15:34:46 INFO  : Context for 'APU' is selected.
15:34:47 INFO  : System reset is completed.
15:34:50 INFO  : 'after 3000' command is executed.
15:34:50 INFO  : 'targets -set -filter {jtag_cable_name =~ "Digilent JTAG-SMT2 210251A08870" && level==0 && jtag_device_ctx=="jsn-JTAG-SMT2-210251A08870-23727093-0"}' command is executed.
15:34:52 INFO  : Device configured successfully with "C:/Users/saber/Desktop/share/DanDike_NewBoard/vitis1/CPU1/_ide/bitstream/system_wrapper.bit"
15:34:52 INFO  : Context for 'APU' is selected.
15:34:52 INFO  : Hardware design and registers information is loaded from 'C:/Users/saber/Desktop/share/DanDike_NewBoard/vitis1/system_wrapper/export/system_wrapper/hw/system_wrapper.xsa'.
15:34:52 INFO  : 'configparams force-mem-access 1' command is executed.
15:34:52 INFO  : Context for 'APU' is selected.
15:34:52 INFO  : Sourcing of 'C:/Users/saber/Desktop/share/DanDike_NewBoard/vitis1/CPU1/_ide/psinit/ps7_init.tcl' is done.
15:34:52 INFO  : 'ps7_init' command is executed.
15:34:52 INFO  : 'ps7_post_config' command is executed.
15:34:52 INFO  : Context for processor 'ps7_cortexa9_0' is selected.
15:34:53 INFO  : The application 'C:/Users/saber/Desktop/share/DanDike_NewBoard/vitis1/CPU1/Debug/CPU1.elf' is downloaded to processor 'ps7_cortexa9_0'.
15:34:53 INFO  : 'configparams force-mem-access 0' command is executed.
15:34:53 INFO  : ----------------XSDB Script----------------
connect -url tcp:127.0.0.1:3121
targets -set -nocase -filter {name =~"APU*"}
rst -system
after 3000
targets -set -filter {jtag_cable_name =~ "Digilent JTAG-SMT2 210251A08870" && level==0 && jtag_device_ctx=="jsn-JTAG-SMT2-210251A08870-23727093-0"}
fpga -file C:/Users/saber/Desktop/share/DanDike_NewBoard/vitis1/CPU1/_ide/bitstream/system_wrapper.bit
targets -set -nocase -filter {name =~"APU*"}
loadhw -hw C:/Users/saber/Desktop/share/DanDike_NewBoard/vitis1/system_wrapper/export/system_wrapper/hw/system_wrapper.xsa -mem-ranges [list {0x40000000 0xbfffffff}] -regs
configparams force-mem-access 1
targets -set -nocase -filter {name =~"APU*"}
source C:/Users/saber/Desktop/share/DanDike_NewBoard/vitis1/CPU1/_ide/psinit/ps7_init.tcl
ps7_init
ps7_post_config
targets -set -nocase -filter {name =~ "*A9*#0"}
dow C:/Users/saber/Desktop/share/DanDike_NewBoard/vitis1/CPU1/Debug/CPU1.elf
configparams force-mem-access 0
----------------End of Script----------------

15:34:53 INFO  : Context for processor 'ps7_cortexa9_0' is selected.
15:34:53 INFO  : 'con' command is executed.
15:34:53 INFO  : ----------------XSDB Script (After Launch)----------------
targets -set -nocase -filter {name =~ "*A9*#0"}
con
----------------End of Script----------------

15:34:53 INFO  : Launch script is exported to file 'C:\Users\saber\Desktop\share\DanDike_NewBoard\vitis1\DDK_system\_ide\scripts\debugger_cpu1-default.tcl'
15:36:45 INFO  : Checking for BSP changes to sync application flags for project 'CPU1'...
15:36:47 INFO  : Disconnected from the channel tcfchan#15.
15:36:48 INFO  : Connected to target on host '127.0.0.1' and port '3121'.
15:36:48 INFO  : Jtag cable 'Digilent JTAG-SMT2 210251A08870' is selected.
15:36:48 INFO  : 'jtag frequency' command is executed.
15:36:48 INFO  : Context for 'APU' is selected.
15:36:48 INFO  : System reset is completed.
15:36:51 INFO  : 'after 3000' command is executed.
15:36:51 INFO  : 'targets -set -filter {jtag_cable_name =~ "Digilent JTAG-SMT2 210251A08870" && level==0 && jtag_device_ctx=="jsn-JTAG-SMT2-210251A08870-23727093-0"}' command is executed.
15:36:53 INFO  : Device configured successfully with "C:/Users/saber/Desktop/share/DanDike_NewBoard/vitis1/CPU1/_ide/bitstream/system_wrapper.bit"
15:36:53 INFO  : Context for 'APU' is selected.
15:36:53 INFO  : Hardware design and registers information is loaded from 'C:/Users/saber/Desktop/share/DanDike_NewBoard/vitis1/system_wrapper/export/system_wrapper/hw/system_wrapper.xsa'.
15:36:53 INFO  : 'configparams force-mem-access 1' command is executed.
15:36:53 INFO  : Context for 'APU' is selected.
15:36:53 INFO  : Sourcing of 'C:/Users/saber/Desktop/share/DanDike_NewBoard/vitis1/CPU1/_ide/psinit/ps7_init.tcl' is done.
15:36:54 INFO  : 'ps7_init' command is executed.
15:36:54 INFO  : 'ps7_post_config' command is executed.
15:36:54 INFO  : Context for processor 'ps7_cortexa9_0' is selected.
15:36:55 INFO  : The application 'C:/Users/saber/Desktop/share/DanDike_NewBoard/vitis1/CPU1/Debug/CPU1.elf' is downloaded to processor 'ps7_cortexa9_0'.
15:36:55 INFO  : 'configparams force-mem-access 0' command is executed.
15:36:55 INFO  : ----------------XSDB Script----------------
connect -url tcp:127.0.0.1:3121
targets -set -nocase -filter {name =~"APU*"}
rst -system
after 3000
targets -set -filter {jtag_cable_name =~ "Digilent JTAG-SMT2 210251A08870" && level==0 && jtag_device_ctx=="jsn-JTAG-SMT2-210251A08870-23727093-0"}
fpga -file C:/Users/saber/Desktop/share/DanDike_NewBoard/vitis1/CPU1/_ide/bitstream/system_wrapper.bit
targets -set -nocase -filter {name =~"APU*"}
loadhw -hw C:/Users/saber/Desktop/share/DanDike_NewBoard/vitis1/system_wrapper/export/system_wrapper/hw/system_wrapper.xsa -mem-ranges [list {0x40000000 0xbfffffff}] -regs
configparams force-mem-access 1
targets -set -nocase -filter {name =~"APU*"}
source C:/Users/saber/Desktop/share/DanDike_NewBoard/vitis1/CPU1/_ide/psinit/ps7_init.tcl
ps7_init
ps7_post_config
targets -set -nocase -filter {name =~ "*A9*#0"}
dow C:/Users/saber/Desktop/share/DanDike_NewBoard/vitis1/CPU1/Debug/CPU1.elf
configparams force-mem-access 0
----------------End of Script----------------

15:36:55 INFO  : Context for processor 'ps7_cortexa9_0' is selected.
15:36:55 INFO  : 'con' command is executed.
15:36:55 INFO  : ----------------XSDB Script (After Launch)----------------
targets -set -nocase -filter {name =~ "*A9*#0"}
con
----------------End of Script----------------

15:36:55 INFO  : Launch script is exported to file 'C:\Users\saber\Desktop\share\DanDike_NewBoard\vitis1\DDK_system\_ide\scripts\debugger_cpu1-default.tcl'
15:44:57 INFO  : Checking for BSP changes to sync application flags for project 'CPU1'...
15:44:59 INFO  : Disconnected from the channel tcfchan#16.
15:45:00 INFO  : Connected to target on host '127.0.0.1' and port '3121'.
15:45:01 INFO  : Jtag cable 'Digilent JTAG-SMT2 210251A08870' is selected.
15:45:01 INFO  : 'jtag frequency' command is executed.
15:45:01 INFO  : Context for 'APU' is selected.
15:45:01 INFO  : System reset is completed.
15:45:04 INFO  : 'after 3000' command is executed.
15:45:04 INFO  : 'targets -set -filter {jtag_cable_name =~ "Digilent JTAG-SMT2 210251A08870" && level==0 && jtag_device_ctx=="jsn-JTAG-SMT2-210251A08870-23727093-0"}' command is executed.
15:45:06 INFO  : Device configured successfully with "C:/Users/saber/Desktop/share/DanDike_NewBoard/vitis1/CPU1/_ide/bitstream/system_wrapper.bit"
15:45:06 INFO  : Context for 'APU' is selected.
15:45:06 INFO  : Hardware design and registers information is loaded from 'C:/Users/saber/Desktop/share/DanDike_NewBoard/vitis1/system_wrapper/export/system_wrapper/hw/system_wrapper.xsa'.
15:45:06 INFO  : 'configparams force-mem-access 1' command is executed.
15:45:06 INFO  : Context for 'APU' is selected.
15:45:06 INFO  : Sourcing of 'C:/Users/saber/Desktop/share/DanDike_NewBoard/vitis1/CPU1/_ide/psinit/ps7_init.tcl' is done.
15:45:06 INFO  : 'ps7_init' command is executed.
15:45:06 INFO  : 'ps7_post_config' command is executed.
15:45:06 INFO  : Context for processor 'ps7_cortexa9_0' is selected.
15:45:07 INFO  : The application 'C:/Users/saber/Desktop/share/DanDike_NewBoard/vitis1/CPU1/Debug/CPU1.elf' is downloaded to processor 'ps7_cortexa9_0'.
15:45:08 INFO  : 'configparams force-mem-access 0' command is executed.
15:45:08 INFO  : ----------------XSDB Script----------------
connect -url tcp:127.0.0.1:3121
targets -set -nocase -filter {name =~"APU*"}
rst -system
after 3000
targets -set -filter {jtag_cable_name =~ "Digilent JTAG-SMT2 210251A08870" && level==0 && jtag_device_ctx=="jsn-JTAG-SMT2-210251A08870-23727093-0"}
fpga -file C:/Users/saber/Desktop/share/DanDike_NewBoard/vitis1/CPU1/_ide/bitstream/system_wrapper.bit
targets -set -nocase -filter {name =~"APU*"}
loadhw -hw C:/Users/saber/Desktop/share/DanDike_NewBoard/vitis1/system_wrapper/export/system_wrapper/hw/system_wrapper.xsa -mem-ranges [list {0x40000000 0xbfffffff}] -regs
configparams force-mem-access 1
targets -set -nocase -filter {name =~"APU*"}
source C:/Users/saber/Desktop/share/DanDike_NewBoard/vitis1/CPU1/_ide/psinit/ps7_init.tcl
ps7_init
ps7_post_config
targets -set -nocase -filter {name =~ "*A9*#0"}
dow C:/Users/saber/Desktop/share/DanDike_NewBoard/vitis1/CPU1/Debug/CPU1.elf
configparams force-mem-access 0
----------------End of Script----------------

15:45:08 INFO  : Context for processor 'ps7_cortexa9_0' is selected.
15:45:08 INFO  : 'con' command is executed.
15:45:08 INFO  : ----------------XSDB Script (After Launch)----------------
targets -set -nocase -filter {name =~ "*A9*#0"}
con
----------------End of Script----------------

15:45:08 INFO  : Launch script is exported to file 'C:\Users\saber\Desktop\share\DanDike_NewBoard\vitis1\DDK_system\_ide\scripts\debugger_cpu1-default.tcl'
15:47:05 INFO  : Checking for BSP changes to sync application flags for project 'CPU1'...
15:47:10 INFO  : Disconnected from the channel tcfchan#17.
15:47:11 INFO  : Connected to target on host '127.0.0.1' and port '3121'.
15:47:12 INFO  : Jtag cable 'Digilent JTAG-SMT2 210251A08870' is selected.
15:47:12 INFO  : 'jtag frequency' command is executed.
15:47:12 INFO  : Context for 'APU' is selected.
15:47:12 INFO  : System reset is completed.
15:47:15 INFO  : 'after 3000' command is executed.
15:47:15 INFO  : 'targets -set -filter {jtag_cable_name =~ "Digilent JTAG-SMT2 210251A08870" && level==0 && jtag_device_ctx=="jsn-JTAG-SMT2-210251A08870-23727093-0"}' command is executed.
15:47:17 INFO  : Device configured successfully with "C:/Users/saber/Desktop/share/DanDike_NewBoard/vitis1/CPU1/_ide/bitstream/system_wrapper.bit"
15:47:17 INFO  : Context for 'APU' is selected.
15:47:17 INFO  : Hardware design and registers information is loaded from 'C:/Users/saber/Desktop/share/DanDike_NewBoard/vitis1/system_wrapper/export/system_wrapper/hw/system_wrapper.xsa'.
15:47:17 INFO  : 'configparams force-mem-access 1' command is executed.
15:47:17 INFO  : Context for 'APU' is selected.
15:47:17 INFO  : Sourcing of 'C:/Users/saber/Desktop/share/DanDike_NewBoard/vitis1/CPU1/_ide/psinit/ps7_init.tcl' is done.
15:47:18 INFO  : 'ps7_init' command is executed.
15:47:18 INFO  : 'ps7_post_config' command is executed.
15:47:18 INFO  : Context for processor 'ps7_cortexa9_0' is selected.
15:47:19 INFO  : The application 'C:/Users/saber/Desktop/share/DanDike_NewBoard/vitis1/CPU1/Debug/CPU1.elf' is downloaded to processor 'ps7_cortexa9_0'.
15:47:19 INFO  : 'configparams force-mem-access 0' command is executed.
15:47:19 INFO  : ----------------XSDB Script----------------
connect -url tcp:127.0.0.1:3121
targets -set -nocase -filter {name =~"APU*"}
rst -system
after 3000
targets -set -filter {jtag_cable_name =~ "Digilent JTAG-SMT2 210251A08870" && level==0 && jtag_device_ctx=="jsn-JTAG-SMT2-210251A08870-23727093-0"}
fpga -file C:/Users/saber/Desktop/share/DanDike_NewBoard/vitis1/CPU1/_ide/bitstream/system_wrapper.bit
targets -set -nocase -filter {name =~"APU*"}
loadhw -hw C:/Users/saber/Desktop/share/DanDike_NewBoard/vitis1/system_wrapper/export/system_wrapper/hw/system_wrapper.xsa -mem-ranges [list {0x40000000 0xbfffffff}] -regs
configparams force-mem-access 1
targets -set -nocase -filter {name =~"APU*"}
source C:/Users/saber/Desktop/share/DanDike_NewBoard/vitis1/CPU1/_ide/psinit/ps7_init.tcl
ps7_init
ps7_post_config
targets -set -nocase -filter {name =~ "*A9*#0"}
dow C:/Users/saber/Desktop/share/DanDike_NewBoard/vitis1/CPU1/Debug/CPU1.elf
configparams force-mem-access 0
----------------End of Script----------------

15:47:19 INFO  : Context for processor 'ps7_cortexa9_0' is selected.
15:47:19 INFO  : 'con' command is executed.
15:47:19 INFO  : ----------------XSDB Script (After Launch)----------------
targets -set -nocase -filter {name =~ "*A9*#0"}
con
----------------End of Script----------------

15:47:19 INFO  : Launch script is exported to file 'C:\Users\saber\Desktop\share\DanDike_NewBoard\vitis1\DDK_system\_ide\scripts\debugger_cpu1-default.tcl'
15:57:46 INFO  : Checking for BSP changes to sync application flags for project 'CPU1'...
15:57:49 INFO  : Disconnected from the channel tcfchan#18.
15:57:50 INFO  : Connected to target on host '127.0.0.1' and port '3121'.
15:57:50 INFO  : Jtag cable 'Digilent JTAG-SMT2 210251A08870' is selected.
15:57:50 INFO  : 'jtag frequency' command is executed.
15:57:50 INFO  : Context for 'APU' is selected.
15:57:50 INFO  : System reset is completed.
15:57:54 INFO  : 'after 3000' command is executed.
15:57:54 INFO  : 'targets -set -filter {jtag_cable_name =~ "Digilent JTAG-SMT2 210251A08870" && level==0 && jtag_device_ctx=="jsn-JTAG-SMT2-210251A08870-23727093-0"}' command is executed.
15:57:56 INFO  : Device configured successfully with "C:/Users/saber/Desktop/share/DanDike_NewBoard/vitis1/CPU1/_ide/bitstream/system_wrapper.bit"
15:57:56 INFO  : Context for 'APU' is selected.
15:57:56 INFO  : Hardware design and registers information is loaded from 'C:/Users/saber/Desktop/share/DanDike_NewBoard/vitis1/system_wrapper/export/system_wrapper/hw/system_wrapper.xsa'.
15:57:56 INFO  : 'configparams force-mem-access 1' command is executed.
15:57:56 INFO  : Context for 'APU' is selected.
15:57:56 INFO  : Sourcing of 'C:/Users/saber/Desktop/share/DanDike_NewBoard/vitis1/CPU1/_ide/psinit/ps7_init.tcl' is done.
15:57:56 INFO  : 'ps7_init' command is executed.
15:57:56 INFO  : 'ps7_post_config' command is executed.
15:57:56 INFO  : Context for processor 'ps7_cortexa9_0' is selected.
15:57:57 INFO  : The application 'C:/Users/saber/Desktop/share/DanDike_NewBoard/vitis1/CPU1/Debug/CPU1.elf' is downloaded to processor 'ps7_cortexa9_0'.
15:57:57 INFO  : 'configparams force-mem-access 0' command is executed.
15:57:57 INFO  : ----------------XSDB Script----------------
connect -url tcp:127.0.0.1:3121
targets -set -nocase -filter {name =~"APU*"}
rst -system
after 3000
targets -set -filter {jtag_cable_name =~ "Digilent JTAG-SMT2 210251A08870" && level==0 && jtag_device_ctx=="jsn-JTAG-SMT2-210251A08870-23727093-0"}
fpga -file C:/Users/saber/Desktop/share/DanDike_NewBoard/vitis1/CPU1/_ide/bitstream/system_wrapper.bit
targets -set -nocase -filter {name =~"APU*"}
loadhw -hw C:/Users/saber/Desktop/share/DanDike_NewBoard/vitis1/system_wrapper/export/system_wrapper/hw/system_wrapper.xsa -mem-ranges [list {0x40000000 0xbfffffff}] -regs
configparams force-mem-access 1
targets -set -nocase -filter {name =~"APU*"}
source C:/Users/saber/Desktop/share/DanDike_NewBoard/vitis1/CPU1/_ide/psinit/ps7_init.tcl
ps7_init
ps7_post_config
targets -set -nocase -filter {name =~ "*A9*#0"}
dow C:/Users/saber/Desktop/share/DanDike_NewBoard/vitis1/CPU1/Debug/CPU1.elf
configparams force-mem-access 0
----------------End of Script----------------

15:57:57 INFO  : Context for processor 'ps7_cortexa9_0' is selected.
15:57:57 INFO  : 'con' command is executed.
15:57:57 INFO  : ----------------XSDB Script (After Launch)----------------
targets -set -nocase -filter {name =~ "*A9*#0"}
con
----------------End of Script----------------

15:57:57 INFO  : Launch script is exported to file 'C:\Users\saber\Desktop\share\DanDike_NewBoard\vitis1\DDK_system\_ide\scripts\debugger_cpu1-default.tcl'
15:58:19 INFO  : Checking for BSP changes to sync application flags for project 'CPU1'...
15:58:22 INFO  : Disconnected from the channel tcfchan#19.
15:58:23 INFO  : Connected to target on host '127.0.0.1' and port '3121'.
15:58:23 INFO  : Jtag cable 'Digilent JTAG-SMT2 210251A08870' is selected.
15:58:23 INFO  : 'jtag frequency' command is executed.
15:58:23 INFO  : Context for 'APU' is selected.
15:58:23 INFO  : System reset is completed.
15:58:26 INFO  : 'after 3000' command is executed.
15:58:26 INFO  : 'targets -set -filter {jtag_cable_name =~ "Digilent JTAG-SMT2 210251A08870" && level==0 && jtag_device_ctx=="jsn-JTAG-SMT2-210251A08870-23727093-0"}' command is executed.
15:58:28 INFO  : Device configured successfully with "C:/Users/saber/Desktop/share/DanDike_NewBoard/vitis1/CPU1/_ide/bitstream/system_wrapper.bit"
15:58:28 INFO  : Context for 'APU' is selected.
15:58:28 INFO  : Hardware design and registers information is loaded from 'C:/Users/saber/Desktop/share/DanDike_NewBoard/vitis1/system_wrapper/export/system_wrapper/hw/system_wrapper.xsa'.
15:58:28 INFO  : 'configparams force-mem-access 1' command is executed.
15:58:28 INFO  : Context for 'APU' is selected.
15:58:28 INFO  : Sourcing of 'C:/Users/saber/Desktop/share/DanDike_NewBoard/vitis1/CPU1/_ide/psinit/ps7_init.tcl' is done.
15:58:29 INFO  : 'ps7_init' command is executed.
15:58:29 INFO  : 'ps7_post_config' command is executed.
15:58:29 INFO  : Context for processor 'ps7_cortexa9_0' is selected.
15:58:30 INFO  : The application 'C:/Users/saber/Desktop/share/DanDike_NewBoard/vitis1/CPU1/Debug/CPU1.elf' is downloaded to processor 'ps7_cortexa9_0'.
15:58:30 INFO  : 'configparams force-mem-access 0' command is executed.
15:58:30 INFO  : ----------------XSDB Script----------------
connect -url tcp:127.0.0.1:3121
targets -set -nocase -filter {name =~"APU*"}
rst -system
after 3000
targets -set -filter {jtag_cable_name =~ "Digilent JTAG-SMT2 210251A08870" && level==0 && jtag_device_ctx=="jsn-JTAG-SMT2-210251A08870-23727093-0"}
fpga -file C:/Users/saber/Desktop/share/DanDike_NewBoard/vitis1/CPU1/_ide/bitstream/system_wrapper.bit
targets -set -nocase -filter {name =~"APU*"}
loadhw -hw C:/Users/saber/Desktop/share/DanDike_NewBoard/vitis1/system_wrapper/export/system_wrapper/hw/system_wrapper.xsa -mem-ranges [list {0x40000000 0xbfffffff}] -regs
configparams force-mem-access 1
targets -set -nocase -filter {name =~"APU*"}
source C:/Users/saber/Desktop/share/DanDike_NewBoard/vitis1/CPU1/_ide/psinit/ps7_init.tcl
ps7_init
ps7_post_config
targets -set -nocase -filter {name =~ "*A9*#0"}
dow C:/Users/saber/Desktop/share/DanDike_NewBoard/vitis1/CPU1/Debug/CPU1.elf
configparams force-mem-access 0
----------------End of Script----------------

15:58:30 INFO  : Context for processor 'ps7_cortexa9_0' is selected.
15:58:30 INFO  : 'con' command is executed.
15:58:30 INFO  : ----------------XSDB Script (After Launch)----------------
targets -set -nocase -filter {name =~ "*A9*#0"}
con
----------------End of Script----------------

15:58:30 INFO  : Launch script is exported to file 'C:\Users\saber\Desktop\share\DanDike_NewBoard\vitis1\DDK_system\_ide\scripts\debugger_cpu1-default.tcl'
15:59:16 INFO  : Checking for BSP changes to sync application flags for project 'CPU1'...
15:59:20 INFO  : Disconnected from the channel tcfchan#20.
15:59:21 INFO  : Connected to target on host '127.0.0.1' and port '3121'.
15:59:22 INFO  : Jtag cable 'Digilent JTAG-SMT2 210251A08870' is selected.
15:59:22 INFO  : 'jtag frequency' command is executed.
15:59:22 INFO  : Context for 'APU' is selected.
15:59:22 INFO  : System reset is completed.
15:59:25 INFO  : 'after 3000' command is executed.
15:59:25 INFO  : 'targets -set -filter {jtag_cable_name =~ "Digilent JTAG-SMT2 210251A08870" && level==0 && jtag_device_ctx=="jsn-JTAG-SMT2-210251A08870-23727093-0"}' command is executed.
15:59:27 INFO  : Device configured successfully with "C:/Users/saber/Desktop/share/DanDike_NewBoard/vitis1/CPU1/_ide/bitstream/system_wrapper.bit"
15:59:27 INFO  : Context for 'APU' is selected.
15:59:27 INFO  : Hardware design and registers information is loaded from 'C:/Users/saber/Desktop/share/DanDike_NewBoard/vitis1/system_wrapper/export/system_wrapper/hw/system_wrapper.xsa'.
15:59:27 INFO  : 'configparams force-mem-access 1' command is executed.
15:59:27 INFO  : Context for 'APU' is selected.
15:59:27 INFO  : Sourcing of 'C:/Users/saber/Desktop/share/DanDike_NewBoard/vitis1/CPU1/_ide/psinit/ps7_init.tcl' is done.
15:59:27 INFO  : 'ps7_init' command is executed.
15:59:27 INFO  : 'ps7_post_config' command is executed.
15:59:27 INFO  : Context for processor 'ps7_cortexa9_0' is selected.
15:59:28 INFO  : The application 'C:/Users/saber/Desktop/share/DanDike_NewBoard/vitis1/CPU1/Debug/CPU1.elf' is downloaded to processor 'ps7_cortexa9_0'.
15:59:28 INFO  : 'configparams force-mem-access 0' command is executed.
15:59:28 INFO  : ----------------XSDB Script----------------
connect -url tcp:127.0.0.1:3121
targets -set -nocase -filter {name =~"APU*"}
rst -system
after 3000
targets -set -filter {jtag_cable_name =~ "Digilent JTAG-SMT2 210251A08870" && level==0 && jtag_device_ctx=="jsn-JTAG-SMT2-210251A08870-23727093-0"}
fpga -file C:/Users/saber/Desktop/share/DanDike_NewBoard/vitis1/CPU1/_ide/bitstream/system_wrapper.bit
targets -set -nocase -filter {name =~"APU*"}
loadhw -hw C:/Users/saber/Desktop/share/DanDike_NewBoard/vitis1/system_wrapper/export/system_wrapper/hw/system_wrapper.xsa -mem-ranges [list {0x40000000 0xbfffffff}] -regs
configparams force-mem-access 1
targets -set -nocase -filter {name =~"APU*"}
source C:/Users/saber/Desktop/share/DanDike_NewBoard/vitis1/CPU1/_ide/psinit/ps7_init.tcl
ps7_init
ps7_post_config
targets -set -nocase -filter {name =~ "*A9*#0"}
dow C:/Users/saber/Desktop/share/DanDike_NewBoard/vitis1/CPU1/Debug/CPU1.elf
configparams force-mem-access 0
----------------End of Script----------------

15:59:28 INFO  : Context for processor 'ps7_cortexa9_0' is selected.
15:59:29 INFO  : 'con' command is executed.
15:59:29 INFO  : ----------------XSDB Script (After Launch)----------------
targets -set -nocase -filter {name =~ "*A9*#0"}
con
----------------End of Script----------------

15:59:29 INFO  : Launch script is exported to file 'C:\Users\saber\Desktop\share\DanDike_NewBoard\vitis1\DDK_system\_ide\scripts\debugger_cpu1-default.tcl'
16:02:42 INFO  : Checking for BSP changes to sync application flags for project 'CPU1'...
16:03:01 INFO  : Checking for BSP changes to sync application flags for project 'CPU1'...
16:03:02 INFO  : Disconnected from the channel tcfchan#21.
16:03:04 INFO  : Connected to target on host '127.0.0.1' and port '3121'.
16:03:04 INFO  : Jtag cable 'Digilent JTAG-SMT2 210251A08870' is selected.
16:03:04 INFO  : 'jtag frequency' command is executed.
16:03:04 INFO  : Context for 'APU' is selected.
16:03:04 INFO  : System reset is completed.
16:03:07 INFO  : 'after 3000' command is executed.
16:03:07 INFO  : 'targets -set -filter {jtag_cable_name =~ "Digilent JTAG-SMT2 210251A08870" && level==0 && jtag_device_ctx=="jsn-JTAG-SMT2-210251A08870-23727093-0"}' command is executed.
16:03:09 INFO  : Device configured successfully with "C:/Users/saber/Desktop/share/DanDike_NewBoard/vitis1/CPU1/_ide/bitstream/system_wrapper.bit"
16:03:09 INFO  : Context for 'APU' is selected.
16:03:09 INFO  : Hardware design and registers information is loaded from 'C:/Users/saber/Desktop/share/DanDike_NewBoard/vitis1/system_wrapper/export/system_wrapper/hw/system_wrapper.xsa'.
16:03:09 INFO  : 'configparams force-mem-access 1' command is executed.
16:03:09 INFO  : Context for 'APU' is selected.
16:03:09 INFO  : Sourcing of 'C:/Users/saber/Desktop/share/DanDike_NewBoard/vitis1/CPU1/_ide/psinit/ps7_init.tcl' is done.
16:03:09 INFO  : 'ps7_init' command is executed.
16:03:09 INFO  : 'ps7_post_config' command is executed.
16:03:09 INFO  : Context for processor 'ps7_cortexa9_0' is selected.
16:03:10 INFO  : The application 'C:/Users/saber/Desktop/share/DanDike_NewBoard/vitis1/CPU1/Debug/CPU1.elf' is downloaded to processor 'ps7_cortexa9_0'.
16:03:10 INFO  : 'configparams force-mem-access 0' command is executed.
16:03:10 INFO  : ----------------XSDB Script----------------
connect -url tcp:127.0.0.1:3121
targets -set -nocase -filter {name =~"APU*"}
rst -system
after 3000
targets -set -filter {jtag_cable_name =~ "Digilent JTAG-SMT2 210251A08870" && level==0 && jtag_device_ctx=="jsn-JTAG-SMT2-210251A08870-23727093-0"}
fpga -file C:/Users/saber/Desktop/share/DanDike_NewBoard/vitis1/CPU1/_ide/bitstream/system_wrapper.bit
targets -set -nocase -filter {name =~"APU*"}
loadhw -hw C:/Users/saber/Desktop/share/DanDike_NewBoard/vitis1/system_wrapper/export/system_wrapper/hw/system_wrapper.xsa -mem-ranges [list {0x40000000 0xbfffffff}] -regs
configparams force-mem-access 1
targets -set -nocase -filter {name =~"APU*"}
source C:/Users/saber/Desktop/share/DanDike_NewBoard/vitis1/CPU1/_ide/psinit/ps7_init.tcl
ps7_init
ps7_post_config
targets -set -nocase -filter {name =~ "*A9*#0"}
dow C:/Users/saber/Desktop/share/DanDike_NewBoard/vitis1/CPU1/Debug/CPU1.elf
configparams force-mem-access 0
----------------End of Script----------------

16:03:10 INFO  : Context for processor 'ps7_cortexa9_0' is selected.
16:03:10 INFO  : 'con' command is executed.
16:03:10 INFO  : ----------------XSDB Script (After Launch)----------------
targets -set -nocase -filter {name =~ "*A9*#0"}
con
----------------End of Script----------------

16:03:10 INFO  : Launch script is exported to file 'C:\Users\saber\Desktop\share\DanDike_NewBoard\vitis1\DDK_system\_ide\scripts\debugger_cpu1-default.tcl'
16:11:10 INFO  : Checking for BSP changes to sync application flags for project 'CPU1'...
16:11:17 INFO  : Checking for BSP changes to sync application flags for project 'CPU1'...
16:11:19 INFO  : Disconnected from the channel tcfchan#22.
16:11:20 INFO  : Connected to target on host '127.0.0.1' and port '3121'.
16:11:20 INFO  : Jtag cable 'Digilent JTAG-SMT2 210251A08870' is selected.
16:11:20 INFO  : 'jtag frequency' command is executed.
16:11:20 INFO  : Context for 'APU' is selected.
16:11:20 INFO  : System reset is completed.
16:11:23 INFO  : 'after 3000' command is executed.
16:11:23 INFO  : 'targets -set -filter {jtag_cable_name =~ "Digilent JTAG-SMT2 210251A08870" && level==0 && jtag_device_ctx=="jsn-JTAG-SMT2-210251A08870-23727093-0"}' command is executed.
16:11:25 INFO  : Device configured successfully with "C:/Users/saber/Desktop/share/DanDike_NewBoard/vitis1/CPU1/_ide/bitstream/system_wrapper.bit"
16:11:25 INFO  : Context for 'APU' is selected.
16:11:25 INFO  : Hardware design and registers information is loaded from 'C:/Users/saber/Desktop/share/DanDike_NewBoard/vitis1/system_wrapper/export/system_wrapper/hw/system_wrapper.xsa'.
16:11:25 INFO  : 'configparams force-mem-access 1' command is executed.
16:11:25 INFO  : Context for 'APU' is selected.
16:11:25 INFO  : Sourcing of 'C:/Users/saber/Desktop/share/DanDike_NewBoard/vitis1/CPU1/_ide/psinit/ps7_init.tcl' is done.
16:11:26 INFO  : 'ps7_init' command is executed.
16:11:26 INFO  : 'ps7_post_config' command is executed.
16:11:26 INFO  : Context for processor 'ps7_cortexa9_0' is selected.
16:11:27 INFO  : The application 'C:/Users/saber/Desktop/share/DanDike_NewBoard/vitis1/CPU1/Debug/CPU1.elf' is downloaded to processor 'ps7_cortexa9_0'.
16:11:27 INFO  : 'configparams force-mem-access 0' command is executed.
16:11:27 INFO  : ----------------XSDB Script----------------
connect -url tcp:127.0.0.1:3121
targets -set -nocase -filter {name =~"APU*"}
rst -system
after 3000
targets -set -filter {jtag_cable_name =~ "Digilent JTAG-SMT2 210251A08870" && level==0 && jtag_device_ctx=="jsn-JTAG-SMT2-210251A08870-23727093-0"}
fpga -file C:/Users/saber/Desktop/share/DanDike_NewBoard/vitis1/CPU1/_ide/bitstream/system_wrapper.bit
targets -set -nocase -filter {name =~"APU*"}
loadhw -hw C:/Users/saber/Desktop/share/DanDike_NewBoard/vitis1/system_wrapper/export/system_wrapper/hw/system_wrapper.xsa -mem-ranges [list {0x40000000 0xbfffffff}] -regs
configparams force-mem-access 1
targets -set -nocase -filter {name =~"APU*"}
source C:/Users/saber/Desktop/share/DanDike_NewBoard/vitis1/CPU1/_ide/psinit/ps7_init.tcl
ps7_init
ps7_post_config
targets -set -nocase -filter {name =~ "*A9*#0"}
dow C:/Users/saber/Desktop/share/DanDike_NewBoard/vitis1/CPU1/Debug/CPU1.elf
configparams force-mem-access 0
----------------End of Script----------------

16:11:27 INFO  : Context for processor 'ps7_cortexa9_0' is selected.
16:11:27 INFO  : 'con' command is executed.
16:11:27 INFO  : ----------------XSDB Script (After Launch)----------------
targets -set -nocase -filter {name =~ "*A9*#0"}
con
----------------End of Script----------------

16:11:27 INFO  : Launch script is exported to file 'C:\Users\saber\Desktop\share\DanDike_NewBoard\vitis1\DDK_system\_ide\scripts\debugger_cpu1-default.tcl'
16:15:55 INFO  : Checking for BSP changes to sync application flags for project 'CPU1'...
16:15:59 INFO  : Disconnected from the channel tcfchan#23.
16:16:00 INFO  : Connected to target on host '127.0.0.1' and port '3121'.
16:16:00 INFO  : Jtag cable 'Digilent JTAG-SMT2 210251A08870' is selected.
16:16:00 INFO  : 'jtag frequency' command is executed.
16:16:00 INFO  : Context for 'APU' is selected.
16:16:00 INFO  : System reset is completed.
16:16:03 INFO  : 'after 3000' command is executed.
16:16:03 INFO  : 'targets -set -filter {jtag_cable_name =~ "Digilent JTAG-SMT2 210251A08870" && level==0 && jtag_device_ctx=="jsn-JTAG-SMT2-210251A08870-23727093-0"}' command is executed.
16:16:05 INFO  : Device configured successfully with "C:/Users/saber/Desktop/share/DanDike_NewBoard/vitis1/CPU1/_ide/bitstream/system_wrapper.bit"
16:16:05 INFO  : Context for 'APU' is selected.
16:16:05 INFO  : Hardware design and registers information is loaded from 'C:/Users/saber/Desktop/share/DanDike_NewBoard/vitis1/system_wrapper/export/system_wrapper/hw/system_wrapper.xsa'.
16:16:05 INFO  : 'configparams force-mem-access 1' command is executed.
16:16:05 INFO  : Context for 'APU' is selected.
16:16:05 INFO  : Sourcing of 'C:/Users/saber/Desktop/share/DanDike_NewBoard/vitis1/CPU1/_ide/psinit/ps7_init.tcl' is done.
16:16:06 INFO  : 'ps7_init' command is executed.
16:16:06 INFO  : 'ps7_post_config' command is executed.
16:16:06 INFO  : Context for processor 'ps7_cortexa9_0' is selected.
16:16:07 INFO  : The application 'C:/Users/saber/Desktop/share/DanDike_NewBoard/vitis1/CPU1/Debug/CPU1.elf' is downloaded to processor 'ps7_cortexa9_0'.
16:16:07 INFO  : 'configparams force-mem-access 0' command is executed.
16:16:07 INFO  : ----------------XSDB Script----------------
connect -url tcp:127.0.0.1:3121
targets -set -nocase -filter {name =~"APU*"}
rst -system
after 3000
targets -set -filter {jtag_cable_name =~ "Digilent JTAG-SMT2 210251A08870" && level==0 && jtag_device_ctx=="jsn-JTAG-SMT2-210251A08870-23727093-0"}
fpga -file C:/Users/saber/Desktop/share/DanDike_NewBoard/vitis1/CPU1/_ide/bitstream/system_wrapper.bit
targets -set -nocase -filter {name =~"APU*"}
loadhw -hw C:/Users/saber/Desktop/share/DanDike_NewBoard/vitis1/system_wrapper/export/system_wrapper/hw/system_wrapper.xsa -mem-ranges [list {0x40000000 0xbfffffff}] -regs
configparams force-mem-access 1
targets -set -nocase -filter {name =~"APU*"}
source C:/Users/saber/Desktop/share/DanDike_NewBoard/vitis1/CPU1/_ide/psinit/ps7_init.tcl
ps7_init
ps7_post_config
targets -set -nocase -filter {name =~ "*A9*#0"}
dow C:/Users/saber/Desktop/share/DanDike_NewBoard/vitis1/CPU1/Debug/CPU1.elf
configparams force-mem-access 0
----------------End of Script----------------

16:16:07 INFO  : Context for processor 'ps7_cortexa9_0' is selected.
16:16:07 INFO  : 'con' command is executed.
16:16:07 INFO  : ----------------XSDB Script (After Launch)----------------
targets -set -nocase -filter {name =~ "*A9*#0"}
con
----------------End of Script----------------

16:16:07 INFO  : Launch script is exported to file 'C:\Users\saber\Desktop\share\DanDike_NewBoard\vitis1\DDK_system\_ide\scripts\debugger_cpu1-default.tcl'
16:25:23 INFO  : Checking for BSP changes to sync application flags for project 'CPU1'...
16:25:27 INFO  : Disconnected from the channel tcfchan#24.
16:25:28 INFO  : Connected to target on host '127.0.0.1' and port '3121'.
16:25:28 INFO  : Jtag cable 'Digilent JTAG-SMT2 210251A08870' is selected.
16:25:28 INFO  : 'jtag frequency' command is executed.
16:25:28 INFO  : Context for 'APU' is selected.
16:25:28 INFO  : System reset is completed.
16:25:31 INFO  : 'after 3000' command is executed.
16:25:31 INFO  : 'targets -set -filter {jtag_cable_name =~ "Digilent JTAG-SMT2 210251A08870" && level==0 && jtag_device_ctx=="jsn-JTAG-SMT2-210251A08870-23727093-0"}' command is executed.
16:25:33 INFO  : Device configured successfully with "C:/Users/saber/Desktop/share/DanDike_NewBoard/vitis1/CPU1/_ide/bitstream/system_wrapper.bit"
16:25:33 INFO  : Context for 'APU' is selected.
16:25:33 INFO  : Hardware design and registers information is loaded from 'C:/Users/saber/Desktop/share/DanDike_NewBoard/vitis1/system_wrapper/export/system_wrapper/hw/system_wrapper.xsa'.
16:25:33 INFO  : 'configparams force-mem-access 1' command is executed.
16:25:33 INFO  : Context for 'APU' is selected.
16:25:33 INFO  : Sourcing of 'C:/Users/saber/Desktop/share/DanDike_NewBoard/vitis1/CPU1/_ide/psinit/ps7_init.tcl' is done.
16:25:34 INFO  : 'ps7_init' command is executed.
16:25:34 INFO  : 'ps7_post_config' command is executed.
16:25:34 INFO  : Context for processor 'ps7_cortexa9_0' is selected.
16:25:35 INFO  : The application 'C:/Users/saber/Desktop/share/DanDike_NewBoard/vitis1/CPU1/Debug/CPU1.elf' is downloaded to processor 'ps7_cortexa9_0'.
16:25:35 INFO  : 'configparams force-mem-access 0' command is executed.
16:25:35 INFO  : ----------------XSDB Script----------------
connect -url tcp:127.0.0.1:3121
targets -set -nocase -filter {name =~"APU*"}
rst -system
after 3000
targets -set -filter {jtag_cable_name =~ "Digilent JTAG-SMT2 210251A08870" && level==0 && jtag_device_ctx=="jsn-JTAG-SMT2-210251A08870-23727093-0"}
fpga -file C:/Users/saber/Desktop/share/DanDike_NewBoard/vitis1/CPU1/_ide/bitstream/system_wrapper.bit
targets -set -nocase -filter {name =~"APU*"}
loadhw -hw C:/Users/saber/Desktop/share/DanDike_NewBoard/vitis1/system_wrapper/export/system_wrapper/hw/system_wrapper.xsa -mem-ranges [list {0x40000000 0xbfffffff}] -regs
configparams force-mem-access 1
targets -set -nocase -filter {name =~"APU*"}
source C:/Users/saber/Desktop/share/DanDike_NewBoard/vitis1/CPU1/_ide/psinit/ps7_init.tcl
ps7_init
ps7_post_config
targets -set -nocase -filter {name =~ "*A9*#0"}
dow C:/Users/saber/Desktop/share/DanDike_NewBoard/vitis1/CPU1/Debug/CPU1.elf
configparams force-mem-access 0
----------------End of Script----------------

16:25:35 INFO  : Context for processor 'ps7_cortexa9_0' is selected.
16:25:35 INFO  : 'con' command is executed.
16:25:35 INFO  : ----------------XSDB Script (After Launch)----------------
targets -set -nocase -filter {name =~ "*A9*#0"}
con
----------------End of Script----------------

16:25:35 INFO  : Launch script is exported to file 'C:\Users\saber\Desktop\share\DanDike_NewBoard\vitis1\DDK_system\_ide\scripts\debugger_cpu1-default.tcl'
19:05:31 INFO  : Hardware specification for platform project 'system_wrapper' is updated.
19:06:44 INFO  : Result from executing command 'getProjects': system_wrapper
19:06:44 INFO  : Result from executing command 'getPlatforms': system_wrapper|C:/Users/saber/Desktop/share/DanDike_NewBoard/vitis1/system_wrapper/export/system_wrapper/system_wrapper.xpfm
19:18:28 INFO  : Checking for BSP changes to sync application flags for project 'CPU1'...
19:18:34 INFO  : The hardware specfication used by project 'CPU1' is out of sync with the platform. Resource files extracted from the hardware specfiication will be updated.
19:18:35 INFO  : The file 'C:\Users\saber\Desktop\share\DanDike_NewBoard\vitis1\CPU1\_ide\bitstream\system_wrapper.bit' stored in project is removed.
19:18:35 INFO  : The file 'C:\Users\saber\Desktop\share\DanDike_NewBoard\vitis1\CPU1\_ide\bitstream\system_wrapper.mmi' stored in project is removed.
19:18:35 INFO  : The updated bitstream files are copied from platform to folder 'C:\Users\saber\Desktop\share\DanDike_NewBoard\vitis1\CPU1\_ide\bitstream' in project 'CPU1'.
19:18:35 INFO  : The file 'C:\Users\saber\Desktop\share\DanDike_NewBoard\vitis1\CPU1\_ide\psinit\ps7_init.tcl' stored in project is removed.
19:18:40 INFO  : The updated ps init files are copied from platform to folder 'C:\Users\saber\Desktop\share\DanDike_NewBoard\vitis1\CPU1\_ide\psinit' in project 'CPU1'.
19:19:40 INFO  : Checking for BSP changes to sync application flags for project 'CPU1'...
19:20:31 INFO  : Checking for BSP changes to sync application flags for project 'CPU1'...
19:20:33 INFO  : Disconnected from the channel tcfchan#25.
19:20:35 INFO  : Connected to target on host '127.0.0.1' and port '3121'.
19:20:37 INFO  : ----------------XSDB Script----------------
connect -url tcp:127.0.0.1:3121
----------------End of Script----------------

19:20:37 ERROR : Could not find FPGA device on the board for connection 'Local'.


Troubleshooting hints:
1. Check whether board is connected to system properly.
2. In case of zynq board, check whether Digilent/Xilinx cable switch settings are correct.
3. If you are using Xilinx Platform Cable USB, ensure that status LED is green.
19:20:45 INFO  : Connected to target on host '127.0.0.1' and port '3121'.
19:20:45 INFO  : Jtag cable 'Digilent JTAG-SMT2 210251A08870' is selected.
19:20:45 INFO  : 'jtag frequency' command is executed.
19:20:45 INFO  : Context for 'APU' is selected.
19:20:45 INFO  : System reset is completed.
19:20:48 INFO  : 'after 3000' command is executed.
19:20:48 INFO  : 'targets -set -filter {jtag_cable_name =~ "Digilent JTAG-SMT2 210251A08870" && level==0 && jtag_device_ctx=="jsn-JTAG-SMT2-210251A08870-23727093-0"}' command is executed.
19:20:50 INFO  : Device configured successfully with "C:/Users/saber/Desktop/share/DanDike_NewBoard/vitis1/CPU1/_ide/bitstream/system_wrapper.bit"
19:20:50 INFO  : Context for 'APU' is selected.
19:20:51 INFO  : Hardware design and registers information is loaded from 'C:/Users/saber/Desktop/share/DanDike_NewBoard/vitis1/system_wrapper/export/system_wrapper/hw/system_wrapper.xsa'.
19:20:51 INFO  : 'configparams force-mem-access 1' command is executed.
19:20:51 INFO  : Context for 'APU' is selected.
19:20:51 INFO  : Sourcing of 'C:/Users/saber/Desktop/share/DanDike_NewBoard/vitis1/CPU1/_ide/psinit/ps7_init.tcl' is done.
19:20:51 INFO  : 'ps7_init' command is executed.
19:20:51 INFO  : 'ps7_post_config' command is executed.
19:20:51 INFO  : Context for processor 'ps7_cortexa9_0' is selected.
19:20:52 INFO  : The application 'C:/Users/saber/Desktop/share/DanDike_NewBoard/vitis1/CPU1/Debug/CPU1.elf' is downloaded to processor 'ps7_cortexa9_0'.
19:20:52 INFO  : 'configparams force-mem-access 0' command is executed.
19:20:52 INFO  : ----------------XSDB Script----------------
connect -url tcp:127.0.0.1:3121
targets -set -nocase -filter {name =~"APU*"}
rst -system
after 3000
targets -set -filter {jtag_cable_name =~ "Digilent JTAG-SMT2 210251A08870" && level==0 && jtag_device_ctx=="jsn-JTAG-SMT2-210251A08870-23727093-0"}
fpga -file C:/Users/saber/Desktop/share/DanDike_NewBoard/vitis1/CPU1/_ide/bitstream/system_wrapper.bit
targets -set -nocase -filter {name =~"APU*"}
loadhw -hw C:/Users/saber/Desktop/share/DanDike_NewBoard/vitis1/system_wrapper/export/system_wrapper/hw/system_wrapper.xsa -mem-ranges [list {0x40000000 0xbfffffff}] -regs
configparams force-mem-access 1
targets -set -nocase -filter {name =~"APU*"}
source C:/Users/saber/Desktop/share/DanDike_NewBoard/vitis1/CPU1/_ide/psinit/ps7_init.tcl
ps7_init
ps7_post_config
targets -set -nocase -filter {name =~ "*A9*#0"}
dow C:/Users/saber/Desktop/share/DanDike_NewBoard/vitis1/CPU1/Debug/CPU1.elf
configparams force-mem-access 0
----------------End of Script----------------

19:20:52 INFO  : Context for processor 'ps7_cortexa9_0' is selected.
19:20:52 INFO  : 'con' command is executed.
19:20:52 INFO  : ----------------XSDB Script (After Launch)----------------
targets -set -nocase -filter {name =~ "*A9*#0"}
con
----------------End of Script----------------

19:20:52 INFO  : Launch script is exported to file 'C:\Users\saber\Desktop\share\DanDike_NewBoard\vitis1\DDK_system\_ide\scripts\debugger_cpu1-default.tcl'
19:23:07 INFO  : Checking for BSP changes to sync application flags for project 'CPU1'...
19:23:15 INFO  : Disconnected from the channel tcfchan#29.
19:23:16 INFO  : Connected to target on host '127.0.0.1' and port '3121'.
19:23:16 INFO  : Jtag cable 'Digilent JTAG-SMT2 210251A08870' is selected.
19:23:16 INFO  : 'jtag frequency' command is executed.
19:23:16 INFO  : Context for 'APU' is selected.
19:23:17 INFO  : System reset is completed.
19:23:20 INFO  : 'after 3000' command is executed.
19:23:20 INFO  : 'targets -set -filter {jtag_cable_name =~ "Digilent JTAG-SMT2 210251A08870" && level==0 && jtag_device_ctx=="jsn-JTAG-SMT2-210251A08870-23727093-0"}' command is executed.
19:23:22 INFO  : Device configured successfully with "C:/Users/saber/Desktop/share/DanDike_NewBoard/vitis1/CPU1/_ide/bitstream/system_wrapper.bit"
19:23:22 INFO  : Context for 'APU' is selected.
19:23:22 INFO  : Hardware design and registers information is loaded from 'C:/Users/saber/Desktop/share/DanDike_NewBoard/vitis1/system_wrapper/export/system_wrapper/hw/system_wrapper.xsa'.
19:23:22 INFO  : 'configparams force-mem-access 1' command is executed.
19:23:22 INFO  : Context for 'APU' is selected.
19:23:22 INFO  : Sourcing of 'C:/Users/saber/Desktop/share/DanDike_NewBoard/vitis1/CPU1/_ide/psinit/ps7_init.tcl' is done.
19:23:22 INFO  : 'ps7_init' command is executed.
19:23:22 INFO  : 'ps7_post_config' command is executed.
19:23:22 INFO  : Context for processor 'ps7_cortexa9_0' is selected.
19:23:23 INFO  : The application 'C:/Users/saber/Desktop/share/DanDike_NewBoard/vitis1/CPU1/Debug/CPU1.elf' is downloaded to processor 'ps7_cortexa9_0'.
19:23:23 INFO  : 'configparams force-mem-access 0' command is executed.
19:23:23 INFO  : ----------------XSDB Script----------------
connect -url tcp:127.0.0.1:3121
targets -set -nocase -filter {name =~"APU*"}
rst -system
after 3000
targets -set -filter {jtag_cable_name =~ "Digilent JTAG-SMT2 210251A08870" && level==0 && jtag_device_ctx=="jsn-JTAG-SMT2-210251A08870-23727093-0"}
fpga -file C:/Users/saber/Desktop/share/DanDike_NewBoard/vitis1/CPU1/_ide/bitstream/system_wrapper.bit
targets -set -nocase -filter {name =~"APU*"}
loadhw -hw C:/Users/saber/Desktop/share/DanDike_NewBoard/vitis1/system_wrapper/export/system_wrapper/hw/system_wrapper.xsa -mem-ranges [list {0x40000000 0xbfffffff}] -regs
configparams force-mem-access 1
targets -set -nocase -filter {name =~"APU*"}
source C:/Users/saber/Desktop/share/DanDike_NewBoard/vitis1/CPU1/_ide/psinit/ps7_init.tcl
ps7_init
ps7_post_config
targets -set -nocase -filter {name =~ "*A9*#0"}
dow C:/Users/saber/Desktop/share/DanDike_NewBoard/vitis1/CPU1/Debug/CPU1.elf
configparams force-mem-access 0
----------------End of Script----------------

19:23:23 INFO  : Context for processor 'ps7_cortexa9_0' is selected.
19:23:23 INFO  : 'con' command is executed.
19:23:23 INFO  : ----------------XSDB Script (After Launch)----------------
targets -set -nocase -filter {name =~ "*A9*#0"}
con
----------------End of Script----------------

19:23:23 INFO  : Launch script is exported to file 'C:\Users\saber\Desktop\share\DanDike_NewBoard\vitis1\DDK_system\_ide\scripts\debugger_cpu1-default.tcl'
19:24:27 INFO  : Checking for BSP changes to sync application flags for project 'CPU1'...
19:24:35 INFO  : Disconnected from the channel tcfchan#30.
19:24:36 INFO  : Connected to target on host '127.0.0.1' and port '3121'.
19:24:36 INFO  : Jtag cable 'Digilent JTAG-SMT2 210251A08870' is selected.
19:24:36 INFO  : 'jtag frequency' command is executed.
19:24:36 INFO  : Context for 'APU' is selected.
19:24:36 INFO  : System reset is completed.
19:24:39 INFO  : 'after 3000' command is executed.
19:24:39 INFO  : 'targets -set -filter {jtag_cable_name =~ "Digilent JTAG-SMT2 210251A08870" && level==0 && jtag_device_ctx=="jsn-JTAG-SMT2-210251A08870-23727093-0"}' command is executed.
19:24:41 INFO  : Device configured successfully with "C:/Users/saber/Desktop/share/DanDike_NewBoard/vitis1/CPU1/_ide/bitstream/system_wrapper.bit"
19:24:41 INFO  : Context for 'APU' is selected.
19:24:41 INFO  : Hardware design and registers information is loaded from 'C:/Users/saber/Desktop/share/DanDike_NewBoard/vitis1/system_wrapper/export/system_wrapper/hw/system_wrapper.xsa'.
19:24:41 INFO  : 'configparams force-mem-access 1' command is executed.
19:24:41 INFO  : Context for 'APU' is selected.
19:24:41 INFO  : Sourcing of 'C:/Users/saber/Desktop/share/DanDike_NewBoard/vitis1/CPU1/_ide/psinit/ps7_init.tcl' is done.
19:24:42 INFO  : 'ps7_init' command is executed.
19:24:42 INFO  : 'ps7_post_config' command is executed.
19:24:42 INFO  : Context for processor 'ps7_cortexa9_0' is selected.
19:24:43 INFO  : The application 'C:/Users/saber/Desktop/share/DanDike_NewBoard/vitis1/CPU1/Debug/CPU1.elf' is downloaded to processor 'ps7_cortexa9_0'.
19:24:43 INFO  : 'configparams force-mem-access 0' command is executed.
19:24:43 INFO  : ----------------XSDB Script----------------
connect -url tcp:127.0.0.1:3121
targets -set -nocase -filter {name =~"APU*"}
rst -system
after 3000
targets -set -filter {jtag_cable_name =~ "Digilent JTAG-SMT2 210251A08870" && level==0 && jtag_device_ctx=="jsn-JTAG-SMT2-210251A08870-23727093-0"}
fpga -file C:/Users/saber/Desktop/share/DanDike_NewBoard/vitis1/CPU1/_ide/bitstream/system_wrapper.bit
targets -set -nocase -filter {name =~"APU*"}
loadhw -hw C:/Users/saber/Desktop/share/DanDike_NewBoard/vitis1/system_wrapper/export/system_wrapper/hw/system_wrapper.xsa -mem-ranges [list {0x40000000 0xbfffffff}] -regs
configparams force-mem-access 1
targets -set -nocase -filter {name =~"APU*"}
source C:/Users/saber/Desktop/share/DanDike_NewBoard/vitis1/CPU1/_ide/psinit/ps7_init.tcl
ps7_init
ps7_post_config
targets -set -nocase -filter {name =~ "*A9*#0"}
dow C:/Users/saber/Desktop/share/DanDike_NewBoard/vitis1/CPU1/Debug/CPU1.elf
configparams force-mem-access 0
----------------End of Script----------------

19:24:43 INFO  : Context for processor 'ps7_cortexa9_0' is selected.
19:24:43 INFO  : 'con' command is executed.
19:24:43 INFO  : ----------------XSDB Script (After Launch)----------------
targets -set -nocase -filter {name =~ "*A9*#0"}
con
----------------End of Script----------------

19:24:43 INFO  : Launch script is exported to file 'C:\Users\saber\Desktop\share\DanDike_NewBoard\vitis1\DDK_system\_ide\scripts\debugger_cpu1-default.tcl'
19:54:42 INFO  : No changes in MSS file content so sources will not be generated.
20:22:59 INFO  : Hardware specification for platform project 'system_wrapper' is updated.
20:24:23 INFO  : Result from executing command 'getProjects': system_wrapper
20:24:23 INFO  : Result from executing command 'getPlatforms': system_wrapper|C:/Users/saber/Desktop/share/DanDike_NewBoard/vitis1/system_wrapper/export/system_wrapper/system_wrapper.xpfm
20:25:09 INFO  : Result from executing command 'getProjects': system_wrapper
20:25:09 INFO  : Result from executing command 'getPlatforms': system_wrapper|C:/Users/saber/Desktop/share/DanDike_NewBoard/vitis1/system_wrapper/export/system_wrapper/system_wrapper.xpfm
20:25:09 INFO  : Checking for BSP changes to sync application flags for project 'CPU1'...
20:25:14 INFO  : Updating application flags with new BSP settings...
20:25:14 INFO  : Successfully updated application flags for project CPU1.
20:25:20 INFO  : The hardware specfication used by project 'CPU1' is out of sync with the platform. Resource files extracted from the hardware specfiication will be updated.
20:25:20 INFO  : The file 'C:\Users\saber\Desktop\share\DanDike_NewBoard\vitis1\CPU1\_ide\bitstream\system_wrapper.bit' stored in project is removed.
20:25:20 INFO  : The file 'C:\Users\saber\Desktop\share\DanDike_NewBoard\vitis1\CPU1\_ide\bitstream\system_wrapper.mmi' stored in project is removed.
20:25:20 INFO  : The updated bitstream files are copied from platform to folder 'C:\Users\saber\Desktop\share\DanDike_NewBoard\vitis1\CPU1\_ide\bitstream' in project 'CPU1'.
20:25:20 INFO  : The file 'C:\Users\saber\Desktop\share\DanDike_NewBoard\vitis1\CPU1\_ide\psinit\ps7_init.tcl' stored in project is removed.
20:25:28 INFO  : The updated ps init files are copied from platform to folder 'C:\Users\saber\Desktop\share\DanDike_NewBoard\vitis1\CPU1\_ide\psinit' in project 'CPU1'.
20:42:53 INFO  : Checking for BSP changes to sync application flags for project 'CPU1'...
20:43:36 INFO  : Checking for BSP changes to sync application flags for project 'CPU1'...
20:44:21 INFO  : Checking for BSP changes to sync application flags for project 'CPU1'...
20:44:35 INFO  : Checking for BSP changes to sync application flags for project 'CPU1'...
20:45:54 INFO  : Checking for BSP changes to sync application flags for project 'CPU1'...
20:49:05 INFO  : Checking for BSP changes to sync application flags for project 'CPU1'...
20:49:21 INFO  : Checking for BSP changes to sync application flags for project 'CPU1'...
