
*** Running vivado
    with args -log system_wrapper.vdi -applog -m64 -product Vivado -messageDb vivado.pb -mode batch -source system_wrapper.tcl -notrace



****** Vivado v2020.2 (64-bit)
  **** SW Build 3064766 on Wed Nov 18 09:12:45 MST 2020
  **** IP Build 3064653 on Wed Nov 18 14:17:31 MST 2020
    ** Copyright 1986-2020 Xilinx, Inc. All Rights Reserved.

source system_wrapper.tcl -notrace
INFO: [IP_Flow 19-234] Refreshing IP repositories
INFO: [IP_Flow 19-1700] Loaded user IP repository 'c:/Users/saber/Desktop/share/DanDike_NewBoard/ip_repo'.
INFO: [IP_Flow 19-1700] Loaded user IP repository 'c:/Users/saber/Desktop/share/DanDike_NewBoard/if'.
INFO: [IP_Flow 19-2313] Loaded Vivado IP repository 'E:/vivado/Vivado/2020.2/data/ip'.
add_files: Time (s): cpu = 00:00:05 ; elapsed = 00:00:06 . Memory (MB): peak = 1140.641 ; gain = 0.000
Command: link_design -top system_wrapper -part xc7z020clg400-2
Design is defaulting to srcset: sources_1
Design is defaulting to constrset: constrs_1
INFO: [Device 21-403] Loading part xc7z020clg400-2
Netlist sorting complete. Time (s): cpu = 00:00:01 ; elapsed = 00:00:00.859 . Memory (MB): peak = 1140.641 ; gain = 0.000
INFO: [Netlist 29-17] Analyzing 1660 Unisim elements for replacement
INFO: [Netlist 29-28] Unisim Transformation completed in 0 CPU seconds
INFO: [Project 1-479] Netlist was created with Vivado 2020.2
INFO: [Project 1-570] Preparing netlist for logic optimization
Parsing XDC File [c:/Users/saber/Desktop/share/DanDike_NewBoard/DanDike_NewBoard.srcs/sources_1/bd/system/ip/system_processing_system7_0_0_1/system_processing_system7_0_0.xdc] for cell 'system_i/processing_system7_0/inst'
Finished Parsing XDC File [c:/Users/saber/Desktop/share/DanDike_NewBoard/DanDike_NewBoard.srcs/sources_1/bd/system/ip/system_processing_system7_0_0_1/system_processing_system7_0_0.xdc] for cell 'system_i/processing_system7_0/inst'
Parsing XDC File [c:/Users/saber/Desktop/share/DanDike_NewBoard/DanDike_NewBoard.srcs/sources_1/bd/system/ip/system_rst_ps7_0_100M_0_1/system_rst_ps7_0_100M_0_board.xdc] for cell 'system_i/rst_ps7_0_100M/U0'
Finished Parsing XDC File [c:/Users/saber/Desktop/share/DanDike_NewBoard/DanDike_NewBoard.srcs/sources_1/bd/system/ip/system_rst_ps7_0_100M_0_1/system_rst_ps7_0_100M_0_board.xdc] for cell 'system_i/rst_ps7_0_100M/U0'
Parsing XDC File [c:/Users/saber/Desktop/share/DanDike_NewBoard/DanDike_NewBoard.srcs/sources_1/bd/system/ip/system_rst_ps7_0_100M_0_1/system_rst_ps7_0_100M_0.xdc] for cell 'system_i/rst_ps7_0_100M/U0'
Finished Parsing XDC File [c:/Users/saber/Desktop/share/DanDike_NewBoard/DanDike_NewBoard.srcs/sources_1/bd/system/ip/system_rst_ps7_0_100M_0_1/system_rst_ps7_0_100M_0.xdc] for cell 'system_i/rst_ps7_0_100M/U0'
Parsing XDC File [c:/Users/saber/Desktop/share/DanDike_NewBoard/DanDike_NewBoard.srcs/sources_1/bd/system/ip/system_proc_sys_reset_0_0_1/system_proc_sys_reset_0_0_board.xdc] for cell 'system_i/proc_sys_reset_0/U0'
Finished Parsing XDC File [c:/Users/saber/Desktop/share/DanDike_NewBoard/DanDike_NewBoard.srcs/sources_1/bd/system/ip/system_proc_sys_reset_0_0_1/system_proc_sys_reset_0_0_board.xdc] for cell 'system_i/proc_sys_reset_0/U0'
Parsing XDC File [c:/Users/saber/Desktop/share/DanDike_NewBoard/DanDike_NewBoard.srcs/sources_1/bd/system/ip/system_proc_sys_reset_0_0_1/system_proc_sys_reset_0_0.xdc] for cell 'system_i/proc_sys_reset_0/U0'
Finished Parsing XDC File [c:/Users/saber/Desktop/share/DanDike_NewBoard/DanDike_NewBoard.srcs/sources_1/bd/system/ip/system_proc_sys_reset_0_0_1/system_proc_sys_reset_0_0.xdc] for cell 'system_i/proc_sys_reset_0/U0'
Parsing XDC File [c:/Users/saber/Desktop/share/DanDike_NewBoard/DanDike_NewBoard.srcs/sources_1/bd/system/ip/system_rst_ps7_0_142M_0_1/system_rst_ps7_0_142M_0_board.xdc] for cell 'system_i/lcd/rst_ps7_0_142M/U0'
Finished Parsing XDC File [c:/Users/saber/Desktop/share/DanDike_NewBoard/DanDike_NewBoard.srcs/sources_1/bd/system/ip/system_rst_ps7_0_142M_0_1/system_rst_ps7_0_142M_0_board.xdc] for cell 'system_i/lcd/rst_ps7_0_142M/U0'
Parsing XDC File [c:/Users/saber/Desktop/share/DanDike_NewBoard/DanDike_NewBoard.srcs/sources_1/bd/system/ip/system_rst_ps7_0_142M_0_1/system_rst_ps7_0_142M_0.xdc] for cell 'system_i/lcd/rst_ps7_0_142M/U0'
Finished Parsing XDC File [c:/Users/saber/Desktop/share/DanDike_NewBoard/DanDike_NewBoard.srcs/sources_1/bd/system/ip/system_rst_ps7_0_142M_0_1/system_rst_ps7_0_142M_0.xdc] for cell 'system_i/lcd/rst_ps7_0_142M/U0'
Parsing XDC File [c:/Users/saber/Desktop/share/DanDike_NewBoard/DanDike_NewBoard.srcs/sources_1/bd/system/ip/system_axi_vdma_0_0_1/system_axi_vdma_0_0.xdc] for cell 'system_i/lcd/axi_vdma_0/U0'
WARNING: [Vivado_Tcl 4-921] Waiver ID 'CDC-4' -to list should not be empty. [c:/Users/saber/Desktop/share/DanDike_NewBoard/DanDike_NewBoard.srcs/sources_1/bd/system/ip/system_axi_vdma_0_0_1/system_axi_vdma_0_0.xdc:65]
WARNING: [Vivado_Tcl 4-921] Waiver ID 'CDC-4' -to list should not be empty. [c:/Users/saber/Desktop/share/DanDike_NewBoard/DanDike_NewBoard.srcs/sources_1/bd/system/ip/system_axi_vdma_0_0_1/system_axi_vdma_0_0.xdc:69]
WARNING: [Vivado_Tcl 4-921] Waiver ID 'CDC-4' -to list should not be empty. [c:/Users/saber/Desktop/share/DanDike_NewBoard/DanDike_NewBoard.srcs/sources_1/bd/system/ip/system_axi_vdma_0_0_1/system_axi_vdma_0_0.xdc:93]
WARNING: [Vivado_Tcl 4-921] Waiver ID 'CDC-4' -to list should not be empty. [c:/Users/saber/Desktop/share/DanDike_NewBoard/DanDike_NewBoard.srcs/sources_1/bd/system/ip/system_axi_vdma_0_0_1/system_axi_vdma_0_0.xdc:97]
WARNING: [Vivado_Tcl 4-921] Waiver ID 'CDC-4' -to list should not be empty. [c:/Users/saber/Desktop/share/DanDike_NewBoard/DanDike_NewBoard.srcs/sources_1/bd/system/ip/system_axi_vdma_0_0_1/system_axi_vdma_0_0.xdc:101]
WARNING: [Vivado_Tcl 4-921] Waiver ID 'CDC-4' -to list should not be empty. [c:/Users/saber/Desktop/share/DanDike_NewBoard/DanDike_NewBoard.srcs/sources_1/bd/system/ip/system_axi_vdma_0_0_1/system_axi_vdma_0_0.xdc:105]
WARNING: [Vivado_Tcl 4-921] Waiver ID 'CDC-4' -to list should not be empty. [c:/Users/saber/Desktop/share/DanDike_NewBoard/DanDike_NewBoard.srcs/sources_1/bd/system/ip/system_axi_vdma_0_0_1/system_axi_vdma_0_0.xdc:109]
WARNING: [Vivado_Tcl 4-921] Waiver ID 'CDC-1' -to list should not be empty. [c:/Users/saber/Desktop/share/DanDike_NewBoard/DanDike_NewBoard.srcs/sources_1/bd/system/ip/system_axi_vdma_0_0_1/system_axi_vdma_0_0.xdc:113]
WARNING: [Vivado_Tcl 4-921] Waiver ID 'CDC-4' -to list should not be empty. [c:/Users/saber/Desktop/share/DanDike_NewBoard/DanDike_NewBoard.srcs/sources_1/bd/system/ip/system_axi_vdma_0_0_1/system_axi_vdma_0_0.xdc:121]
WARNING: [Vivado_Tcl 4-921] Waiver ID 'CDC-4' -to list should not be empty. [c:/Users/saber/Desktop/share/DanDike_NewBoard/DanDike_NewBoard.srcs/sources_1/bd/system/ip/system_axi_vdma_0_0_1/system_axi_vdma_0_0.xdc:125]
WARNING: [Vivado_Tcl 4-921] Waiver ID 'CDC-1' -to list should not be empty. [c:/Users/saber/Desktop/share/DanDike_NewBoard/DanDike_NewBoard.srcs/sources_1/bd/system/ip/system_axi_vdma_0_0_1/system_axi_vdma_0_0.xdc:129]
WARNING: [Vivado_Tcl 4-921] Waiver ID 'CDC-4' -to list should not be empty. [c:/Users/saber/Desktop/share/DanDike_NewBoard/DanDike_NewBoard.srcs/sources_1/bd/system/ip/system_axi_vdma_0_0_1/system_axi_vdma_0_0.xdc:141]
WARNING: [Vivado_Tcl 4-921] Waiver ID 'CDC-4' -to list should not be empty. [c:/Users/saber/Desktop/share/DanDike_NewBoard/DanDike_NewBoard.srcs/sources_1/bd/system/ip/system_axi_vdma_0_0_1/system_axi_vdma_0_0.xdc:145]
WARNING: [Vivado_Tcl 4-921] Waiver ID 'CDC-1' -to list should not be empty. [c:/Users/saber/Desktop/share/DanDike_NewBoard/DanDike_NewBoard.srcs/sources_1/bd/system/ip/system_axi_vdma_0_0_1/system_axi_vdma_0_0.xdc:149]
WARNING: [Vivado_Tcl 4-921] Waiver ID 'CDC-4' -to list should not be empty. [c:/Users/saber/Desktop/share/DanDike_NewBoard/DanDike_NewBoard.srcs/sources_1/bd/system/ip/system_axi_vdma_0_0_1/system_axi_vdma_0_0.xdc:153]
WARNING: [Vivado_Tcl 4-921] Waiver ID 'CDC-4' -to list should not be empty. [c:/Users/saber/Desktop/share/DanDike_NewBoard/DanDike_NewBoard.srcs/sources_1/bd/system/ip/system_axi_vdma_0_0_1/system_axi_vdma_0_0.xdc:157]
WARNING: [Vivado_Tcl 4-921] Waiver ID 'CDC-4' -to list should not be empty. [c:/Users/saber/Desktop/share/DanDike_NewBoard/DanDike_NewBoard.srcs/sources_1/bd/system/ip/system_axi_vdma_0_0_1/system_axi_vdma_0_0.xdc:161]
WARNING: [Vivado_Tcl 4-921] Waiver ID 'CDC-4' -to list should not be empty. [c:/Users/saber/Desktop/share/DanDike_NewBoard/DanDike_NewBoard.srcs/sources_1/bd/system/ip/system_axi_vdma_0_0_1/system_axi_vdma_0_0.xdc:165]
WARNING: [Vivado_Tcl 4-921] Waiver ID 'CDC-4' -to list should not be empty. [c:/Users/saber/Desktop/share/DanDike_NewBoard/DanDike_NewBoard.srcs/sources_1/bd/system/ip/system_axi_vdma_0_0_1/system_axi_vdma_0_0.xdc:169]
WARNING: [Vivado_Tcl 4-921] Waiver ID 'CDC-4' -to list should not be empty. [c:/Users/saber/Desktop/share/DanDike_NewBoard/DanDike_NewBoard.srcs/sources_1/bd/system/ip/system_axi_vdma_0_0_1/system_axi_vdma_0_0.xdc:173]
WARNING: [Vivado_Tcl 4-921] Waiver ID 'CDC-4' -to list should not be empty. [c:/Users/saber/Desktop/share/DanDike_NewBoard/DanDike_NewBoard.srcs/sources_1/bd/system/ip/system_axi_vdma_0_0_1/system_axi_vdma_0_0.xdc:177]
WARNING: [Vivado_Tcl 4-921] Waiver ID 'CDC-1' -to list should not be empty. [c:/Users/saber/Desktop/share/DanDike_NewBoard/DanDike_NewBoard.srcs/sources_1/bd/system/ip/system_axi_vdma_0_0_1/system_axi_vdma_0_0.xdc:181]
WARNING: [Vivado_Tcl 4-921] Waiver ID 'CDC-4' -to list should not be empty. [c:/Users/saber/Desktop/share/DanDike_NewBoard/DanDike_NewBoard.srcs/sources_1/bd/system/ip/system_axi_vdma_0_0_1/system_axi_vdma_0_0.xdc:185]
WARNING: [Vivado_Tcl 4-921] Waiver ID 'CDC-1' -to list should not be empty. [c:/Users/saber/Desktop/share/DanDike_NewBoard/DanDike_NewBoard.srcs/sources_1/bd/system/ip/system_axi_vdma_0_0_1/system_axi_vdma_0_0.xdc:189]
WARNING: [Vivado_Tcl 4-921] Waiver ID 'CDC-6' -to list should not be empty. [c:/Users/saber/Desktop/share/DanDike_NewBoard/DanDike_NewBoard.srcs/sources_1/bd/system/ip/system_axi_vdma_0_0_1/system_axi_vdma_0_0.xdc:197]
WARNING: [Vivado_Tcl 4-921] Waiver ID 'CDC-6' -to list should not be empty. [c:/Users/saber/Desktop/share/DanDike_NewBoard/DanDike_NewBoard.srcs/sources_1/bd/system/ip/system_axi_vdma_0_0_1/system_axi_vdma_0_0.xdc:205]
WARNING: [Vivado_Tcl 4-921] Waiver ID 'CDC-6' -to list should not be empty. [c:/Users/saber/Desktop/share/DanDike_NewBoard/DanDike_NewBoard.srcs/sources_1/bd/system/ip/system_axi_vdma_0_0_1/system_axi_vdma_0_0.xdc:213]
WARNING: [Vivado_Tcl 4-921] Waiver ID 'CDC-6' -to list should not be empty. [c:/Users/saber/Desktop/share/DanDike_NewBoard/DanDike_NewBoard.srcs/sources_1/bd/system/ip/system_axi_vdma_0_0_1/system_axi_vdma_0_0.xdc:217]
WARNING: [Vivado_Tcl 4-921] Waiver ID 'CDC-6' -to list should not be empty. [c:/Users/saber/Desktop/share/DanDike_NewBoard/DanDike_NewBoard.srcs/sources_1/bd/system/ip/system_axi_vdma_0_0_1/system_axi_vdma_0_0.xdc:221]
WARNING: [Vivado_Tcl 4-921] Waiver ID 'CDC-6' -to list should not be empty. [c:/Users/saber/Desktop/share/DanDike_NewBoard/DanDike_NewBoard.srcs/sources_1/bd/system/ip/system_axi_vdma_0_0_1/system_axi_vdma_0_0.xdc:225]
Finished Parsing XDC File [c:/Users/saber/Desktop/share/DanDike_NewBoard/DanDike_NewBoard.srcs/sources_1/bd/system/ip/system_axi_vdma_0_0_1/system_axi_vdma_0_0.xdc] for cell 'system_i/lcd/axi_vdma_0/U0'
Parsing XDC File [c:/Users/saber/Desktop/share/DanDike_NewBoard/DanDike_NewBoard.srcs/sources_1/bd/system/ip/system_axi_gpio_0_0_1/system_axi_gpio_0_0_board.xdc] for cell 'system_i/lcd/axi_gpio_0/U0'
Finished Parsing XDC File [c:/Users/saber/Desktop/share/DanDike_NewBoard/DanDike_NewBoard.srcs/sources_1/bd/system/ip/system_axi_gpio_0_0_1/system_axi_gpio_0_0_board.xdc] for cell 'system_i/lcd/axi_gpio_0/U0'
Parsing XDC File [c:/Users/saber/Desktop/share/DanDike_NewBoard/DanDike_NewBoard.srcs/sources_1/bd/system/ip/system_axi_gpio_0_0_1/system_axi_gpio_0_0.xdc] for cell 'system_i/lcd/axi_gpio_0/U0'
Finished Parsing XDC File [c:/Users/saber/Desktop/share/DanDike_NewBoard/DanDike_NewBoard.srcs/sources_1/bd/system/ip/system_axi_gpio_0_0_1/system_axi_gpio_0_0.xdc] for cell 'system_i/lcd/axi_gpio_0/U0'
Parsing XDC File [c:/Users/saber/Desktop/share/DanDike_NewBoard/DanDike_NewBoard.srcs/sources_1/bd/system/ip/system_clk_wiz_0_0_1/system_clk_wiz_0_0_board.xdc] for cell 'system_i/lcd/clk_wiz_0/inst'
Finished Parsing XDC File [c:/Users/saber/Desktop/share/DanDike_NewBoard/DanDike_NewBoard.srcs/sources_1/bd/system/ip/system_clk_wiz_0_0_1/system_clk_wiz_0_0_board.xdc] for cell 'system_i/lcd/clk_wiz_0/inst'
Parsing XDC File [c:/Users/saber/Desktop/share/DanDike_NewBoard/DanDike_NewBoard.srcs/sources_1/bd/system/ip/system_clk_wiz_0_0_1/system_clk_wiz_0_0.xdc] for cell 'system_i/lcd/clk_wiz_0/inst'
INFO: [Timing 38-35] Done setting XDC timing constraints. [c:/Users/saber/Desktop/share/DanDike_NewBoard/DanDike_NewBoard.srcs/sources_1/bd/system/ip/system_clk_wiz_0_0_1/system_clk_wiz_0_0.xdc:57]
INFO: [Timing 38-2] Deriving generated clocks [c:/Users/saber/Desktop/share/DanDike_NewBoard/DanDike_NewBoard.srcs/sources_1/bd/system/ip/system_clk_wiz_0_0_1/system_clk_wiz_0_0.xdc:57]
get_clocks: Time (s): cpu = 00:00:08 ; elapsed = 00:00:08 . Memory (MB): peak = 1955.922 ; gain = 603.406
Finished Parsing XDC File [c:/Users/saber/Desktop/share/DanDike_NewBoard/DanDike_NewBoard.srcs/sources_1/bd/system/ip/system_clk_wiz_0_0_1/system_clk_wiz_0_0.xdc] for cell 'system_i/lcd/clk_wiz_0/inst'
Parsing XDC File [c:/Users/saber/Desktop/share/DanDike_NewBoard/DanDike_NewBoard.srcs/sources_1/bd/system/ip/system_axi_gpio_0_1_1/system_axi_gpio_0_1_board.xdc] for cell 'system_i/axi_gpio_0/U0'
Finished Parsing XDC File [c:/Users/saber/Desktop/share/DanDike_NewBoard/DanDike_NewBoard.srcs/sources_1/bd/system/ip/system_axi_gpio_0_1_1/system_axi_gpio_0_1_board.xdc] for cell 'system_i/axi_gpio_0/U0'
Parsing XDC File [c:/Users/saber/Desktop/share/DanDike_NewBoard/DanDike_NewBoard.srcs/sources_1/bd/system/ip/system_axi_gpio_0_1_1/system_axi_gpio_0_1.xdc] for cell 'system_i/axi_gpio_0/U0'
Finished Parsing XDC File [c:/Users/saber/Desktop/share/DanDike_NewBoard/DanDike_NewBoard.srcs/sources_1/bd/system/ip/system_axi_gpio_0_1_1/system_axi_gpio_0_1.xdc] for cell 'system_i/axi_gpio_0/U0'
Parsing XDC File [c:/Users/saber/Desktop/share/DanDike_NewBoard/DanDike_NewBoard.srcs/sources_1/bd/system/ip/system_axi_uartlite_0_0_1/system_axi_uartlite_0_0_board.xdc] for cell 'system_i/axi_uartlite_0/U0'
Finished Parsing XDC File [c:/Users/saber/Desktop/share/DanDike_NewBoard/DanDike_NewBoard.srcs/sources_1/bd/system/ip/system_axi_uartlite_0_0_1/system_axi_uartlite_0_0_board.xdc] for cell 'system_i/axi_uartlite_0/U0'
Parsing XDC File [c:/Users/saber/Desktop/share/DanDike_NewBoard/DanDike_NewBoard.srcs/sources_1/bd/system/ip/system_axi_uartlite_0_0_1/system_axi_uartlite_0_0.xdc] for cell 'system_i/axi_uartlite_0/U0'
Finished Parsing XDC File [c:/Users/saber/Desktop/share/DanDike_NewBoard/DanDike_NewBoard.srcs/sources_1/bd/system/ip/system_axi_uartlite_0_0_1/system_axi_uartlite_0_0.xdc] for cell 'system_i/axi_uartlite_0/U0'
Parsing XDC File [c:/Users/saber/Desktop/share/DanDike_NewBoard/DanDike_NewBoard.srcs/sources_1/bd/system/ip/system_axi_iic_0_0_1/system_axi_iic_0_0_board.xdc] for cell 'system_i/key_board/axi_iic_0/U0'
Finished Parsing XDC File [c:/Users/saber/Desktop/share/DanDike_NewBoard/DanDike_NewBoard.srcs/sources_1/bd/system/ip/system_axi_iic_0_0_1/system_axi_iic_0_0_board.xdc] for cell 'system_i/key_board/axi_iic_0/U0'
Parsing XDC File [c:/Users/saber/Desktop/share/DanDike_NewBoard/DanDike_NewBoard.srcs/sources_1/bd/system/ip/system_axi_dma_0_0_1/system_axi_dma_0_0.xdc] for cell 'system_i/AC_8_channel_0/adda/axi_dma_0/U0'
WARNING: [Vivado_Tcl 4-921] Waiver ID 'CDC-1' -to list should not be empty. [c:/Users/saber/Desktop/share/DanDike_NewBoard/DanDike_NewBoard.srcs/sources_1/bd/system/ip/system_axi_dma_0_0_1/system_axi_dma_0_0.xdc:52]
WARNING: [Vivado_Tcl 4-921] Waiver ID 'CDC-1' -to list should not be empty. [c:/Users/saber/Desktop/share/DanDike_NewBoard/DanDike_NewBoard.srcs/sources_1/bd/system/ip/system_axi_dma_0_0_1/system_axi_dma_0_0.xdc:56]
WARNING: [Vivado_Tcl 4-919] Waiver ID 'CDC-1' -from list should not be empty. [c:/Users/saber/Desktop/share/DanDike_NewBoard/DanDike_NewBoard.srcs/sources_1/bd/system/ip/system_axi_dma_0_0_1/system_axi_dma_0_0.xdc:61]
Finished Parsing XDC File [c:/Users/saber/Desktop/share/DanDike_NewBoard/DanDike_NewBoard.srcs/sources_1/bd/system/ip/system_axi_dma_0_0_1/system_axi_dma_0_0.xdc] for cell 'system_i/AC_8_channel_0/adda/axi_dma_0/U0'
Parsing XDC File [c:/Users/saber/Desktop/share/DanDike_NewBoard/DanDike_NewBoard.srcs/sources_1/bd/system/ip/system_axi_smc_0_1/bd_0/ip/ip_1/bd_44e3_psr_aclk_0_board.xdc] for cell 'system_i/AC_8_channel_0/adda/axi_smc/inst/clk_map/psr_aclk/U0'
Finished Parsing XDC File [c:/Users/saber/Desktop/share/DanDike_NewBoard/DanDike_NewBoard.srcs/sources_1/bd/system/ip/system_axi_smc_0_1/bd_0/ip/ip_1/bd_44e3_psr_aclk_0_board.xdc] for cell 'system_i/AC_8_channel_0/adda/axi_smc/inst/clk_map/psr_aclk/U0'
Parsing XDC File [c:/Users/saber/Desktop/share/DanDike_NewBoard/DanDike_NewBoard.srcs/sources_1/bd/system/ip/system_axi_smc_0_1/bd_0/ip/ip_1/bd_44e3_psr_aclk_0.xdc] for cell 'system_i/AC_8_channel_0/adda/axi_smc/inst/clk_map/psr_aclk/U0'
Finished Parsing XDC File [c:/Users/saber/Desktop/share/DanDike_NewBoard/DanDike_NewBoard.srcs/sources_1/bd/system/ip/system_axi_smc_0_1/bd_0/ip/ip_1/bd_44e3_psr_aclk_0.xdc] for cell 'system_i/AC_8_channel_0/adda/axi_smc/inst/clk_map/psr_aclk/U0'
Parsing XDC File [c:/Users/saber/Desktop/share/DanDike_NewBoard/DanDike_NewBoard.srcs/sources_1/bd/system/ip/system_axi_iic_0_1/system_axi_iic_0_1_board.xdc] for cell 'system_i/RTC_EEPROM/axi_iic_0/U0'
Finished Parsing XDC File [c:/Users/saber/Desktop/share/DanDike_NewBoard/DanDike_NewBoard.srcs/sources_1/bd/system/ip/system_axi_iic_0_1/system_axi_iic_0_1_board.xdc] for cell 'system_i/RTC_EEPROM/axi_iic_0/U0'
Parsing XDC File [c:/Users/saber/Desktop/share/DanDike_NewBoard/DanDike_NewBoard.srcs/sources_1/bd/system/ip/system_system_ila_0_0/bd_0/ip/ip_0/ila_v6_2/constraints/ila_impl.xdc] for cell 'system_i/system_ila_0/inst/ila_lib/inst'
Finished Parsing XDC File [c:/Users/saber/Desktop/share/DanDike_NewBoard/DanDike_NewBoard.srcs/sources_1/bd/system/ip/system_system_ila_0_0/bd_0/ip/ip_0/ila_v6_2/constraints/ila_impl.xdc] for cell 'system_i/system_ila_0/inst/ila_lib/inst'
Parsing XDC File [c:/Users/saber/Desktop/share/DanDike_NewBoard/DanDike_NewBoard.srcs/sources_1/bd/system/ip/system_system_ila_0_0/bd_0/ip/ip_0/ila_v6_2/constraints/ila.xdc] for cell 'system_i/system_ila_0/inst/ila_lib/inst'
Finished Parsing XDC File [c:/Users/saber/Desktop/share/DanDike_NewBoard/DanDike_NewBoard.srcs/sources_1/bd/system/ip/system_system_ila_0_0/bd_0/ip/ip_0/ila_v6_2/constraints/ila.xdc] for cell 'system_i/system_ila_0/inst/ila_lib/inst'
Parsing XDC File [C:/Users/saber/Desktop/share/DanDike_NewBoard/DanDike_NewBoard.srcs/constrs_1/new/navigator.xdc]
Finished Parsing XDC File [C:/Users/saber/Desktop/share/DanDike_NewBoard/DanDike_NewBoard.srcs/constrs_1/new/navigator.xdc]
Parsing XDC File [c:/Users/saber/Desktop/share/DanDike_NewBoard/DanDike_NewBoard.srcs/sources_1/bd/system/ip/system_axi_vdma_0_0_1/system_axi_vdma_0_0_clocks.xdc] for cell 'system_i/lcd/axi_vdma_0/U0'
Finished Parsing XDC File [c:/Users/saber/Desktop/share/DanDike_NewBoard/DanDike_NewBoard.srcs/sources_1/bd/system/ip/system_axi_vdma_0_0_1/system_axi_vdma_0_0_clocks.xdc] for cell 'system_i/lcd/axi_vdma_0/U0'
Parsing XDC File [c:/Users/saber/Desktop/share/DanDike_NewBoard/DanDike_NewBoard.srcs/sources_1/bd/system/ip/system_v_axi4s_vid_out_0_0_1/system_v_axi4s_vid_out_0_0_clocks.xdc] for cell 'system_i/lcd/v_axi4s_vid_out_0/inst'
Finished Parsing XDC File [c:/Users/saber/Desktop/share/DanDike_NewBoard/DanDike_NewBoard.srcs/sources_1/bd/system/ip/system_v_axi4s_vid_out_0_0_1/system_v_axi4s_vid_out_0_0_clocks.xdc] for cell 'system_i/lcd/v_axi4s_vid_out_0/inst'
Parsing XDC File [c:/Users/saber/Desktop/share/DanDike_NewBoard/DanDike_NewBoard.srcs/sources_1/bd/system/ip/system_v_tc_0_0_1/system_v_tc_0_0_clocks.xdc] for cell 'system_i/lcd/v_tc_0/U0'
Finished Parsing XDC File [c:/Users/saber/Desktop/share/DanDike_NewBoard/DanDike_NewBoard.srcs/sources_1/bd/system/ip/system_v_tc_0_0_1/system_v_tc_0_0_clocks.xdc] for cell 'system_i/lcd/v_tc_0/U0'
Parsing XDC File [c:/Users/saber/Desktop/share/DanDike_NewBoard/DanDike_NewBoard.srcs/sources_1/bd/system/ip/system_axi_dma_0_0_1/system_axi_dma_0_0_clocks.xdc] for cell 'system_i/AC_8_channel_0/adda/axi_dma_0/U0'
Finished Parsing XDC File [c:/Users/saber/Desktop/share/DanDike_NewBoard/DanDike_NewBoard.srcs/sources_1/bd/system/ip/system_axi_dma_0_0_1/system_axi_dma_0_0_clocks.xdc] for cell 'system_i/AC_8_channel_0/adda/axi_dma_0/U0'
INFO: [Project 1-1715] 8 XPM XDC files have been applied to the design.
INFO: [Opt 31-138] Pushed 0 inverter(s) to 0 load pin(s).
Generating merged BMM file for the design top 'system_wrapper'...
Netlist sorting complete. Time (s): cpu = 00:00:00 ; elapsed = 00:00:00.016 . Memory (MB): peak = 1955.922 ; gain = 0.000
INFO: [Project 1-111] Unisim Transformation Summary:
  A total of 243 instances were transformed.
  CFGLUT5 => CFGLUT5 (SRL16E, SRLC32E): 48 instances
  IOBUF => IOBUF (IBUF, OBUFT): 29 instances
  RAM16X1D => RAM32X1D (RAMD32(x2)): 1 instance 
  RAM32M => RAM32M (RAMD32(x6), RAMS32(x2)): 165 instances

14 Infos, 33 Warnings, 0 Critical Warnings and 0 Errors encountered.
link_design completed successfully
link_design: Time (s): cpu = 00:00:26 ; elapsed = 00:00:32 . Memory (MB): peak = 1955.922 ; gain = 815.281
Command: opt_design
Attempting to get a license for feature 'Implementation' and/or device 'xc7z020'
INFO: [Common 17-349] Got license for feature 'Implementation' and/or device 'xc7z020'
Running DRC as a precondition to command opt_design

Starting DRC Task
INFO: [DRC 23-27] Running DRC with 2 threads
INFO: [Project 1-461] DRC finished with 0 Errors
INFO: [Project 1-462] Please refer to the DRC report (report_drc) for more information.

Time (s): cpu = 00:00:02 ; elapsed = 00:00:01 . Memory (MB): peak = 1955.922 ; gain = 0.000

Starting Cache Timing Information Task
INFO: [Timing 38-35] Done setting XDC timing constraints.
Ending Cache Timing Information Task | Checksum: f3394fe0

Time (s): cpu = 00:00:03 ; elapsed = 00:00:02 . Memory (MB): peak = 1955.922 ; gain = 0.000

Starting Logic Optimization Task

Phase 1 Generate And Synthesize Debug Cores
INFO: [Chipscope 16-329] Generating Script for core instance : dbg_hub 
INFO: [IP_Flow 19-3806] Processing IP xilinx.com:ip:xsdbm:3.0 for cell dbg_hub_CV.
INFO: [Chipscope 16-469] Using cached IP synthesis design for IP xilinx.com:ip:xsdbm:3.0, cache-ID = 4f8025476f65c80e.
Netlist sorting complete. Time (s): cpu = 00:00:00 ; elapsed = 00:00:00.047 . Memory (MB): peak = 2192.234 ; gain = 0.000
Phase 1 Generate And Synthesize Debug Cores | Checksum: 17024e6ae

Time (s): cpu = 00:00:04 ; elapsed = 00:00:16 . Memory (MB): peak = 2192.234 ; gain = 51.234

Phase 2 Retarget
INFO: [Opt 31-138] Pushed 19 inverter(s) to 132 load pin(s).
INFO: [Opt 31-49] Retargeted 0 cell(s).
Phase 2 Retarget | Checksum: 10d3bb12d

Time (s): cpu = 00:00:08 ; elapsed = 00:00:18 . Memory (MB): peak = 2192.234 ; gain = 51.234
INFO: [Opt 31-389] Phase Retarget created 167 cells and removed 455 cells
INFO: [Opt 31-1021] In phase Retarget, 159 netlist objects are constrained preventing optimization. Please run opt_design with -debug_log to get more detail. 

Phase 3 Constant propagation
INFO: [Opt 31-138] Pushed 0 inverter(s) to 0 load pin(s).
Phase 3 Constant propagation | Checksum: 1a8585a93

Time (s): cpu = 00:00:08 ; elapsed = 00:00:19 . Memory (MB): peak = 2192.234 ; gain = 51.234
INFO: [Opt 31-389] Phase Constant propagation created 116 cells and removed 1394 cells
INFO: [Opt 31-1021] In phase Constant propagation, 515 netlist objects are constrained preventing optimization. Please run opt_design with -debug_log to get more detail. 

Phase 4 Sweep
Phase 4 Sweep | Checksum: 1c7397016

Time (s): cpu = 00:00:09 ; elapsed = 00:00:20 . Memory (MB): peak = 2192.234 ; gain = 51.234
INFO: [Opt 31-389] Phase Sweep created 0 cells and removed 1010 cells
INFO: [Opt 31-1021] In phase Sweep, 1005 netlist objects are constrained preventing optimization. Please run opt_design with -debug_log to get more detail. 

Phase 5 BUFG optimization
Phase 5 BUFG optimization | Checksum: 1c7397016

Time (s): cpu = 00:00:10 ; elapsed = 00:00:21 . Memory (MB): peak = 2192.234 ; gain = 51.234
INFO: [Opt 31-662] Phase BUFG optimization created 0 cells of which 0 are BUFGs and removed 0 cells.

Phase 6 Shift Register Optimization
INFO: [Opt 31-1064] SRL Remap converted 0 SRLs to 0 registers and converted 0 registers of register chains to 0 SRLs
Phase 6 Shift Register Optimization | Checksum: 1c7397016

Time (s): cpu = 00:00:10 ; elapsed = 00:00:21 . Memory (MB): peak = 2192.234 ; gain = 51.234
INFO: [Opt 31-389] Phase Shift Register Optimization created 0 cells and removed 0 cells

Phase 7 Post Processing Netlist
Phase 7 Post Processing Netlist | Checksum: 1c7397016

Time (s): cpu = 00:00:11 ; elapsed = 00:00:21 . Memory (MB): peak = 2192.234 ; gain = 51.234
INFO: [Opt 31-389] Phase Post Processing Netlist created 0 cells and removed 0 cells
INFO: [Opt 31-1021] In phase Post Processing Netlist, 98 netlist objects are constrained preventing optimization. Please run opt_design with -debug_log to get more detail. 
Opt_design Change Summary
=========================


-------------------------------------------------------------------------------------------------------------------------
|  Phase                        |  #Cells created  |  #Cells Removed  |  #Constrained objects preventing optimizations  |
-------------------------------------------------------------------------------------------------------------------------
|  Retarget                     |             167  |             455  |                                            159  |
|  Constant propagation         |             116  |            1394  |                                            515  |
|  Sweep                        |               0  |            1010  |                                           1005  |
|  BUFG optimization            |               0  |               0  |                                              0  |
|  Shift Register Optimization  |               0  |               0  |                                              0  |
|  Post Processing Netlist      |               0  |               0  |                                             98  |
-------------------------------------------------------------------------------------------------------------------------



Starting Connectivity Check Task

Time (s): cpu = 00:00:00 ; elapsed = 00:00:00.094 . Memory (MB): peak = 2192.234 ; gain = 0.000
Ending Logic Optimization Task | Checksum: 12fe6f287

Time (s): cpu = 00:00:11 ; elapsed = 00:00:22 . Memory (MB): peak = 2192.234 ; gain = 51.234

Starting Power Optimization Task
INFO: [Pwropt 34-132] Skipping clock gating for clocks with a period < 2.00 ns.
INFO: [Timing 38-35] Done setting XDC timing constraints.
INFO: [Pwropt 34-9] Applying IDT optimizations ...
INFO: [Pwropt 34-10] Applying ODC optimizations ...
Running Vector-less Activity Propagation...

Finished Running Vector-less Activity Propagation


Starting PowerOpt Patch Enables Task
INFO: [Pwropt 34-162] WRITE_MODE attribute of 0 BRAM(s) out of a total of 39 has been updated to save power. Run report_power_opt to get a complete listing of the BRAMs updated.
INFO: [Pwropt 34-201] Structural ODC has moved 1 WE to EN ports
Number of BRAM Ports augmented: 33 newly gated: 1 Total Ports: 78
Ending PowerOpt Patch Enables Task | Checksum: d94f5512

Time (s): cpu = 00:00:00 ; elapsed = 00:00:00.297 . Memory (MB): peak = 2602.973 ; gain = 0.000
Ending Power Optimization Task | Checksum: d94f5512

Time (s): cpu = 00:00:16 ; elapsed = 00:00:09 . Memory (MB): peak = 2602.973 ; gain = 410.738

Starting Final Cleanup Task
Ending Final Cleanup Task | Checksum: d94f5512

Time (s): cpu = 00:00:00 ; elapsed = 00:00:00 . Memory (MB): peak = 2602.973 ; gain = 0.000

Starting Netlist Obfuscation Task
Netlist sorting complete. Time (s): cpu = 00:00:00 ; elapsed = 00:00:00.051 . Memory (MB): peak = 2602.973 ; gain = 0.000
Ending Netlist Obfuscation Task | Checksum: c2467304

Time (s): cpu = 00:00:00 ; elapsed = 00:00:00.051 . Memory (MB): peak = 2602.973 ; gain = 0.000
INFO: [Common 17-83] Releasing license: Implementation
46 Infos, 33 Warnings, 0 Critical Warnings and 0 Errors encountered.
opt_design completed successfully
opt_design: Time (s): cpu = 00:00:33 ; elapsed = 00:00:37 . Memory (MB): peak = 2602.973 ; gain = 647.051
INFO: [Timing 38-35] Done setting XDC timing constraints.
INFO: [Timing 38-480] Writing timing data to binary archive.
Writing placer database...
Writing XDEF routing.
Writing XDEF routing logical nets.
Writing XDEF routing special nets.
Write XDEF Complete: Time (s): cpu = 00:00:00 ; elapsed = 00:00:00.081 . Memory (MB): peak = 2602.973 ; gain = 0.000
INFO: [Common 17-1381] The checkpoint 'C:/Users/saber/Desktop/share/DanDike_NewBoard/DanDike_NewBoard.runs/impl_1/system_wrapper_opt.dcp' has been generated.
write_checkpoint: Time (s): cpu = 00:00:15 ; elapsed = 00:00:10 . Memory (MB): peak = 2602.973 ; gain = 0.000
INFO: [runtcl-4] Executing : report_drc -file system_wrapper_drc_opted.rpt -pb system_wrapper_drc_opted.pb -rpx system_wrapper_drc_opted.rpx
Command: report_drc -file system_wrapper_drc_opted.rpt -pb system_wrapper_drc_opted.pb -rpx system_wrapper_drc_opted.rpx
INFO: [IP_Flow 19-1839] IP Catalog is up to date.
INFO: [DRC 23-27] Running DRC with 2 threads
INFO: [Coretcl 2-168] The results of DRC are in file C:/Users/saber/Desktop/share/DanDike_NewBoard/DanDike_NewBoard.runs/impl_1/system_wrapper_drc_opted.rpt.
report_drc completed successfully
report_drc: Time (s): cpu = 00:00:11 ; elapsed = 00:00:07 . Memory (MB): peak = 2602.973 ; gain = 0.000
INFO: [Chipscope 16-240] Debug cores have already been implemented
Command: place_design
Attempting to get a license for feature 'Implementation' and/or device 'xc7z020'
INFO: [Common 17-349] Got license for feature 'Implementation' and/or device 'xc7z020'
INFO: [DRC 23-27] Running DRC with 2 threads
INFO: [Vivado_Tcl 4-198] DRC finished with 0 Errors
INFO: [Vivado_Tcl 4-199] Please refer to the DRC report (report_drc) for more information.
Running DRC as a precondition to command place_design
INFO: [DRC 23-27] Running DRC with 2 threads
WARNING: [DRC REQP-1839] RAMB36 async control check: The RAMB36E1 system_i/lcd/axi_vdma_0/U0/I_PRMRY_DATAMOVER/GEN_MM2S_FULL.I_MM2S_FULL_WRAPPER/GEN_INCLUDE_MM2S_SF.I_RD_SF/I_DATA_FIFO/BLK_MEM.I_SYNC_FIFOGEN_FIFO/xpm_fifo_instance.xpm_fifo_sync_inst/xpm_fifo_base_inst/gen_sdpram.xpm_memory_base_inst/gen_wr_a.gen_word_narrow.mem_reg_0 has an input control pin system_i/lcd/axi_vdma_0/U0/I_PRMRY_DATAMOVER/GEN_MM2S_FULL.I_MM2S_FULL_WRAPPER/GEN_INCLUDE_MM2S_SF.I_RD_SF/I_DATA_FIFO/BLK_MEM.I_SYNC_FIFOGEN_FIFO/xpm_fifo_instance.xpm_fifo_sync_inst/xpm_fifo_base_inst/gen_sdpram.xpm_memory_base_inst/gen_wr_a.gen_word_narrow.mem_reg_0/WEBWE[0] (net: system_i/lcd/axi_vdma_0/U0/I_PRMRY_DATAMOVER/GEN_MM2S_FULL.I_MM2S_FULL_WRAPPER/GEN_INCLUDE_MM2S_SF.I_RD_SF/I_DATA_FIFO/BLK_MEM.I_SYNC_FIFOGEN_FIFO/xpm_fifo_instance.xpm_fifo_sync_inst/xpm_fifo_base_inst/gen_sdpram.xpm_memory_base_inst/wea[0]) which is driven by a register (system_i/lcd/axi_mem_intercon/s00_couplers/auto_pc/inst/gen_axi4_axi3.axi3_conv_inst/USE_READ.USE_SPLIT_R.read_addr_inst/USE_R_CHANNEL.cmd_queue/inst/fifo_gen_inst/inst_fifo_gen/gconvfifo.rf/grf.rf/gntv_or_sync_fifo.gl0.rd/gr1.gr1_int.rfwft/empty_fwft_i_reg) that has an active asychronous set or reset. This may cause corruption of the memory contents and/or read values when the set/reset is asserted and is not analyzed by the default static timing analysis. It is suggested to eliminate the use of a set/reset to registers driving this RAMB pin or else use a synchronous reset in which the assertion of the reset is timed by default.
WARNING: [DRC REQP-1839] RAMB36 async control check: The RAMB36E1 system_i/lcd/axi_vdma_0/U0/I_PRMRY_DATAMOVER/GEN_MM2S_FULL.I_MM2S_FULL_WRAPPER/GEN_INCLUDE_MM2S_SF.I_RD_SF/I_DATA_FIFO/BLK_MEM.I_SYNC_FIFOGEN_FIFO/xpm_fifo_instance.xpm_fifo_sync_inst/xpm_fifo_base_inst/gen_sdpram.xpm_memory_base_inst/gen_wr_a.gen_word_narrow.mem_reg_0 has an input control pin system_i/lcd/axi_vdma_0/U0/I_PRMRY_DATAMOVER/GEN_MM2S_FULL.I_MM2S_FULL_WRAPPER/GEN_INCLUDE_MM2S_SF.I_RD_SF/I_DATA_FIFO/BLK_MEM.I_SYNC_FIFOGEN_FIFO/xpm_fifo_instance.xpm_fifo_sync_inst/xpm_fifo_base_inst/gen_sdpram.xpm_memory_base_inst/gen_wr_a.gen_word_narrow.mem_reg_0/WEBWE[1] (net: system_i/lcd/axi_vdma_0/U0/I_PRMRY_DATAMOVER/GEN_MM2S_FULL.I_MM2S_FULL_WRAPPER/GEN_INCLUDE_MM2S_SF.I_RD_SF/I_DATA_FIFO/BLK_MEM.I_SYNC_FIFOGEN_FIFO/xpm_fifo_instance.xpm_fifo_sync_inst/xpm_fifo_base_inst/gen_sdpram.xpm_memory_base_inst/wea[0]) which is driven by a register (system_i/lcd/axi_mem_intercon/s00_couplers/auto_pc/inst/gen_axi4_axi3.axi3_conv_inst/USE_READ.USE_SPLIT_R.read_addr_inst/USE_R_CHANNEL.cmd_queue/inst/fifo_gen_inst/inst_fifo_gen/gconvfifo.rf/grf.rf/gntv_or_sync_fifo.gl0.rd/gr1.gr1_int.rfwft/empty_fwft_i_reg) that has an active asychronous set or reset. This may cause corruption of the memory contents and/or read values when the set/reset is asserted and is not analyzed by the default static timing analysis. It is suggested to eliminate the use of a set/reset to registers driving this RAMB pin or else use a synchronous reset in which the assertion of the reset is timed by default.
WARNING: [DRC REQP-1839] RAMB36 async control check: The RAMB36E1 system_i/lcd/axi_vdma_0/U0/I_PRMRY_DATAMOVER/GEN_MM2S_FULL.I_MM2S_FULL_WRAPPER/GEN_INCLUDE_MM2S_SF.I_RD_SF/I_DATA_FIFO/BLK_MEM.I_SYNC_FIFOGEN_FIFO/xpm_fifo_instance.xpm_fifo_sync_inst/xpm_fifo_base_inst/gen_sdpram.xpm_memory_base_inst/gen_wr_a.gen_word_narrow.mem_reg_0 has an input control pin system_i/lcd/axi_vdma_0/U0/I_PRMRY_DATAMOVER/GEN_MM2S_FULL.I_MM2S_FULL_WRAPPER/GEN_INCLUDE_MM2S_SF.I_RD_SF/I_DATA_FIFO/BLK_MEM.I_SYNC_FIFOGEN_FIFO/xpm_fifo_instance.xpm_fifo_sync_inst/xpm_fifo_base_inst/gen_sdpram.xpm_memory_base_inst/gen_wr_a.gen_word_narrow.mem_reg_0/WEBWE[2] (net: system_i/lcd/axi_vdma_0/U0/I_PRMRY_DATAMOVER/GEN_MM2S_FULL.I_MM2S_FULL_WRAPPER/GEN_INCLUDE_MM2S_SF.I_RD_SF/I_DATA_FIFO/BLK_MEM.I_SYNC_FIFOGEN_FIFO/xpm_fifo_instance.xpm_fifo_sync_inst/xpm_fifo_base_inst/gen_sdpram.xpm_memory_base_inst/wea[0]) which is driven by a register (system_i/lcd/axi_mem_intercon/s00_couplers/auto_pc/inst/gen_axi4_axi3.axi3_conv_inst/USE_READ.USE_SPLIT_R.read_addr_inst/USE_R_CHANNEL.cmd_queue/inst/fifo_gen_inst/inst_fifo_gen/gconvfifo.rf/grf.rf/gntv_or_sync_fifo.gl0.rd/gr1.gr1_int.rfwft/empty_fwft_i_reg) that has an active asychronous set or reset. This may cause corruption of the memory contents and/or read values when the set/reset is asserted and is not analyzed by the default static timing analysis. It is suggested to eliminate the use of a set/reset to registers driving this RAMB pin or else use a synchronous reset in which the assertion of the reset is timed by default.
WARNING: [DRC REQP-1839] RAMB36 async control check: The RAMB36E1 system_i/lcd/axi_vdma_0/U0/I_PRMRY_DATAMOVER/GEN_MM2S_FULL.I_MM2S_FULL_WRAPPER/GEN_INCLUDE_MM2S_SF.I_RD_SF/I_DATA_FIFO/BLK_MEM.I_SYNC_FIFOGEN_FIFO/xpm_fifo_instance.xpm_fifo_sync_inst/xpm_fifo_base_inst/gen_sdpram.xpm_memory_base_inst/gen_wr_a.gen_word_narrow.mem_reg_0 has an input control pin system_i/lcd/axi_vdma_0/U0/I_PRMRY_DATAMOVER/GEN_MM2S_FULL.I_MM2S_FULL_WRAPPER/GEN_INCLUDE_MM2S_SF.I_RD_SF/I_DATA_FIFO/BLK_MEM.I_SYNC_FIFOGEN_FIFO/xpm_fifo_instance.xpm_fifo_sync_inst/xpm_fifo_base_inst/gen_sdpram.xpm_memory_base_inst/gen_wr_a.gen_word_narrow.mem_reg_0/WEBWE[3] (net: system_i/lcd/axi_vdma_0/U0/I_PRMRY_DATAMOVER/GEN_MM2S_FULL.I_MM2S_FULL_WRAPPER/GEN_INCLUDE_MM2S_SF.I_RD_SF/I_DATA_FIFO/BLK_MEM.I_SYNC_FIFOGEN_FIFO/xpm_fifo_instance.xpm_fifo_sync_inst/xpm_fifo_base_inst/gen_sdpram.xpm_memory_base_inst/wea[0]) which is driven by a register (system_i/lcd/axi_mem_intercon/s00_couplers/auto_pc/inst/gen_axi4_axi3.axi3_conv_inst/USE_READ.USE_SPLIT_R.read_addr_inst/USE_R_CHANNEL.cmd_queue/inst/fifo_gen_inst/inst_fifo_gen/gconvfifo.rf/grf.rf/gntv_or_sync_fifo.gl0.rd/gr1.gr1_int.rfwft/empty_fwft_i_reg) that has an active asychronous set or reset. This may cause corruption of the memory contents and/or read values when the set/reset is asserted and is not analyzed by the default static timing analysis. It is suggested to eliminate the use of a set/reset to registers driving this RAMB pin or else use a synchronous reset in which the assertion of the reset is timed by default.
WARNING: [DRC REQP-1839] RAMB36 async control check: The RAMB36E1 system_i/lcd/axi_vdma_0/U0/I_PRMRY_DATAMOVER/GEN_MM2S_FULL.I_MM2S_FULL_WRAPPER/GEN_INCLUDE_MM2S_SF.I_RD_SF/I_DATA_FIFO/BLK_MEM.I_SYNC_FIFOGEN_FIFO/xpm_fifo_instance.xpm_fifo_sync_inst/xpm_fifo_base_inst/gen_sdpram.xpm_memory_base_inst/gen_wr_a.gen_word_narrow.mem_reg_0 has an input control pin system_i/lcd/axi_vdma_0/U0/I_PRMRY_DATAMOVER/GEN_MM2S_FULL.I_MM2S_FULL_WRAPPER/GEN_INCLUDE_MM2S_SF.I_RD_SF/I_DATA_FIFO/BLK_MEM.I_SYNC_FIFOGEN_FIFO/xpm_fifo_instance.xpm_fifo_sync_inst/xpm_fifo_base_inst/gen_sdpram.xpm_memory_base_inst/gen_wr_a.gen_word_narrow.mem_reg_0/WEBWE[4] (net: system_i/lcd/axi_vdma_0/U0/I_PRMRY_DATAMOVER/GEN_MM2S_FULL.I_MM2S_FULL_WRAPPER/GEN_INCLUDE_MM2S_SF.I_RD_SF/I_DATA_FIFO/BLK_MEM.I_SYNC_FIFOGEN_FIFO/xpm_fifo_instance.xpm_fifo_sync_inst/xpm_fifo_base_inst/gen_sdpram.xpm_memory_base_inst/wea[0]) which is driven by a register (system_i/lcd/axi_mem_intercon/s00_couplers/auto_pc/inst/gen_axi4_axi3.axi3_conv_inst/USE_READ.USE_SPLIT_R.read_addr_inst/USE_R_CHANNEL.cmd_queue/inst/fifo_gen_inst/inst_fifo_gen/gconvfifo.rf/grf.rf/gntv_or_sync_fifo.gl0.rd/gr1.gr1_int.rfwft/empty_fwft_i_reg) that has an active asychronous set or reset. This may cause corruption of the memory contents and/or read values when the set/reset is asserted and is not analyzed by the default static timing analysis. It is suggested to eliminate the use of a set/reset to registers driving this RAMB pin or else use a synchronous reset in which the assertion of the reset is timed by default.
WARNING: [DRC REQP-1839] RAMB36 async control check: The RAMB36E1 system_i/lcd/axi_vdma_0/U0/I_PRMRY_DATAMOVER/GEN_MM2S_FULL.I_MM2S_FULL_WRAPPER/GEN_INCLUDE_MM2S_SF.I_RD_SF/I_DATA_FIFO/BLK_MEM.I_SYNC_FIFOGEN_FIFO/xpm_fifo_instance.xpm_fifo_sync_inst/xpm_fifo_base_inst/gen_sdpram.xpm_memory_base_inst/gen_wr_a.gen_word_narrow.mem_reg_0 has an input control pin system_i/lcd/axi_vdma_0/U0/I_PRMRY_DATAMOVER/GEN_MM2S_FULL.I_MM2S_FULL_WRAPPER/GEN_INCLUDE_MM2S_SF.I_RD_SF/I_DATA_FIFO/BLK_MEM.I_SYNC_FIFOGEN_FIFO/xpm_fifo_instance.xpm_fifo_sync_inst/xpm_fifo_base_inst/gen_sdpram.xpm_memory_base_inst/gen_wr_a.gen_word_narrow.mem_reg_0/WEBWE[5] (net: system_i/lcd/axi_vdma_0/U0/I_PRMRY_DATAMOVER/GEN_MM2S_FULL.I_MM2S_FULL_WRAPPER/GEN_INCLUDE_MM2S_SF.I_RD_SF/I_DATA_FIFO/BLK_MEM.I_SYNC_FIFOGEN_FIFO/xpm_fifo_instance.xpm_fifo_sync_inst/xpm_fifo_base_inst/gen_sdpram.xpm_memory_base_inst/wea[0]) which is driven by a register (system_i/lcd/axi_mem_intercon/s00_couplers/auto_pc/inst/gen_axi4_axi3.axi3_conv_inst/USE_READ.USE_SPLIT_R.read_addr_inst/USE_R_CHANNEL.cmd_queue/inst/fifo_gen_inst/inst_fifo_gen/gconvfifo.rf/grf.rf/gntv_or_sync_fifo.gl0.rd/gr1.gr1_int.rfwft/empty_fwft_i_reg) that has an active asychronous set or reset. This may cause corruption of the memory contents and/or read values when the set/reset is asserted and is not analyzed by the default static timing analysis. It is suggested to eliminate the use of a set/reset to registers driving this RAMB pin or else use a synchronous reset in which the assertion of the reset is timed by default.
WARNING: [DRC REQP-1839] RAMB36 async control check: The RAMB36E1 system_i/lcd/axi_vdma_0/U0/I_PRMRY_DATAMOVER/GEN_MM2S_FULL.I_MM2S_FULL_WRAPPER/GEN_INCLUDE_MM2S_SF.I_RD_SF/I_DATA_FIFO/BLK_MEM.I_SYNC_FIFOGEN_FIFO/xpm_fifo_instance.xpm_fifo_sync_inst/xpm_fifo_base_inst/gen_sdpram.xpm_memory_base_inst/gen_wr_a.gen_word_narrow.mem_reg_0 has an input control pin system_i/lcd/axi_vdma_0/U0/I_PRMRY_DATAMOVER/GEN_MM2S_FULL.I_MM2S_FULL_WRAPPER/GEN_INCLUDE_MM2S_SF.I_RD_SF/I_DATA_FIFO/BLK_MEM.I_SYNC_FIFOGEN_FIFO/xpm_fifo_instance.xpm_fifo_sync_inst/xpm_fifo_base_inst/gen_sdpram.xpm_memory_base_inst/gen_wr_a.gen_word_narrow.mem_reg_0/WEBWE[6] (net: system_i/lcd/axi_vdma_0/U0/I_PRMRY_DATAMOVER/GEN_MM2S_FULL.I_MM2S_FULL_WRAPPER/GEN_INCLUDE_MM2S_SF.I_RD_SF/I_DATA_FIFO/BLK_MEM.I_SYNC_FIFOGEN_FIFO/xpm_fifo_instance.xpm_fifo_sync_inst/xpm_fifo_base_inst/gen_sdpram.xpm_memory_base_inst/wea[0]) which is driven by a register (system_i/lcd/axi_mem_intercon/s00_couplers/auto_pc/inst/gen_axi4_axi3.axi3_conv_inst/USE_READ.USE_SPLIT_R.read_addr_inst/USE_R_CHANNEL.cmd_queue/inst/fifo_gen_inst/inst_fifo_gen/gconvfifo.rf/grf.rf/gntv_or_sync_fifo.gl0.rd/gr1.gr1_int.rfwft/empty_fwft_i_reg) that has an active asychronous set or reset. This may cause corruption of the memory contents and/or read values when the set/reset is asserted and is not analyzed by the default static timing analysis. It is suggested to eliminate the use of a set/reset to registers driving this RAMB pin or else use a synchronous reset in which the assertion of the reset is timed by default.
WARNING: [DRC REQP-1839] RAMB36 async control check: The RAMB36E1 system_i/lcd/axi_vdma_0/U0/I_PRMRY_DATAMOVER/GEN_MM2S_FULL.I_MM2S_FULL_WRAPPER/GEN_INCLUDE_MM2S_SF.I_RD_SF/I_DATA_FIFO/BLK_MEM.I_SYNC_FIFOGEN_FIFO/xpm_fifo_instance.xpm_fifo_sync_inst/xpm_fifo_base_inst/gen_sdpram.xpm_memory_base_inst/gen_wr_a.gen_word_narrow.mem_reg_0 has an input control pin system_i/lcd/axi_vdma_0/U0/I_PRMRY_DATAMOVER/GEN_MM2S_FULL.I_MM2S_FULL_WRAPPER/GEN_INCLUDE_MM2S_SF.I_RD_SF/I_DATA_FIFO/BLK_MEM.I_SYNC_FIFOGEN_FIFO/xpm_fifo_instance.xpm_fifo_sync_inst/xpm_fifo_base_inst/gen_sdpram.xpm_memory_base_inst/gen_wr_a.gen_word_narrow.mem_reg_0/WEBWE[7] (net: system_i/lcd/axi_vdma_0/U0/I_PRMRY_DATAMOVER/GEN_MM2S_FULL.I_MM2S_FULL_WRAPPER/GEN_INCLUDE_MM2S_SF.I_RD_SF/I_DATA_FIFO/BLK_MEM.I_SYNC_FIFOGEN_FIFO/xpm_fifo_instance.xpm_fifo_sync_inst/xpm_fifo_base_inst/gen_sdpram.xpm_memory_base_inst/wea[0]) which is driven by a register (system_i/lcd/axi_mem_intercon/s00_couplers/auto_pc/inst/gen_axi4_axi3.axi3_conv_inst/USE_READ.USE_SPLIT_R.read_addr_inst/USE_R_CHANNEL.cmd_queue/inst/fifo_gen_inst/inst_fifo_gen/gconvfifo.rf/grf.rf/gntv_or_sync_fifo.gl0.rd/gr1.gr1_int.rfwft/empty_fwft_i_reg) that has an active asychronous set or reset. This may cause corruption of the memory contents and/or read values when the set/reset is asserted and is not analyzed by the default static timing analysis. It is suggested to eliminate the use of a set/reset to registers driving this RAMB pin or else use a synchronous reset in which the assertion of the reset is timed by default.
WARNING: [DRC REQP-1840] RAMB18 async control check: The RAMB18E1 system_i/lcd/axi_vdma_0/U0/I_PRMRY_DATAMOVER/GEN_MM2S_FULL.I_MM2S_FULL_WRAPPER/GEN_INCLUDE_MM2S_SF.I_RD_SF/I_DATA_FIFO/BLK_MEM.I_SYNC_FIFOGEN_FIFO/xpm_fifo_instance.xpm_fifo_sync_inst/xpm_fifo_base_inst/gen_sdpram.xpm_memory_base_inst/gen_wr_a.gen_word_narrow.mem_reg_1 has an input control pin system_i/lcd/axi_vdma_0/U0/I_PRMRY_DATAMOVER/GEN_MM2S_FULL.I_MM2S_FULL_WRAPPER/GEN_INCLUDE_MM2S_SF.I_RD_SF/I_DATA_FIFO/BLK_MEM.I_SYNC_FIFOGEN_FIFO/xpm_fifo_instance.xpm_fifo_sync_inst/xpm_fifo_base_inst/gen_sdpram.xpm_memory_base_inst/gen_wr_a.gen_word_narrow.mem_reg_1/ENBWREN (net: system_i/lcd/axi_vdma_0/U0/I_PRMRY_DATAMOVER/GEN_MM2S_FULL.I_MM2S_FULL_WRAPPER/GEN_INCLUDE_MM2S_SF.I_RD_SF/I_DATA_FIFO/BLK_MEM.I_SYNC_FIFOGEN_FIFO/xpm_fifo_instance.xpm_fifo_sync_inst/xpm_fifo_base_inst/gen_sdpram.xpm_memory_base_inst/wea[0]) which is driven by a register (system_i/lcd/axi_mem_intercon/s00_couplers/auto_pc/inst/gen_axi4_axi3.axi3_conv_inst/USE_READ.USE_SPLIT_R.read_addr_inst/USE_R_CHANNEL.cmd_queue/inst/fifo_gen_inst/inst_fifo_gen/gconvfifo.rf/grf.rf/gntv_or_sync_fifo.gl0.rd/gr1.gr1_int.rfwft/empty_fwft_i_reg) that has an active asychronous set or reset. This may cause corruption of the memory contents and/or read values when the set/reset is asserted and is not analyzed by the default static timing analysis. It is suggested to eliminate the use of a set/reset to registers driving this RAMB pin or else use a synchronous reset in which the assertion of the reset is timed by default.
WARNING: [DRC REQP-1840] RAMB18 async control check: The RAMB18E1 system_i/lcd/axi_vdma_0/U0/I_PRMRY_DATAMOVER/GEN_MM2S_FULL.I_MM2S_FULL_WRAPPER/GEN_INCLUDE_MM2S_SF.I_RD_SF/I_DATA_FIFO/BLK_MEM.I_SYNC_FIFOGEN_FIFO/xpm_fifo_instance.xpm_fifo_sync_inst/xpm_fifo_base_inst/gen_sdpram.xpm_memory_base_inst/gen_wr_a.gen_word_narrow.mem_reg_1 has an input control pin system_i/lcd/axi_vdma_0/U0/I_PRMRY_DATAMOVER/GEN_MM2S_FULL.I_MM2S_FULL_WRAPPER/GEN_INCLUDE_MM2S_SF.I_RD_SF/I_DATA_FIFO/BLK_MEM.I_SYNC_FIFOGEN_FIFO/xpm_fifo_instance.xpm_fifo_sync_inst/xpm_fifo_base_inst/gen_sdpram.xpm_memory_base_inst/gen_wr_a.gen_word_narrow.mem_reg_1/WEBWE[0] (net: system_i/lcd/axi_vdma_0/U0/I_PRMRY_DATAMOVER/GEN_MM2S_FULL.I_MM2S_FULL_WRAPPER/GEN_INCLUDE_MM2S_SF.I_RD_SF/I_DATA_FIFO/BLK_MEM.I_SYNC_FIFOGEN_FIFO/xpm_fifo_instance.xpm_fifo_sync_inst/xpm_fifo_base_inst/gen_sdpram.xpm_memory_base_inst/wea[0]) which is driven by a register (system_i/lcd/axi_mem_intercon/s00_couplers/auto_pc/inst/gen_axi4_axi3.axi3_conv_inst/USE_READ.USE_SPLIT_R.read_addr_inst/USE_R_CHANNEL.cmd_queue/inst/fifo_gen_inst/inst_fifo_gen/gconvfifo.rf/grf.rf/gntv_or_sync_fifo.gl0.rd/gr1.gr1_int.rfwft/empty_fwft_i_reg) that has an active asychronous set or reset. This may cause corruption of the memory contents and/or read values when the set/reset is asserted and is not analyzed by the default static timing analysis. It is suggested to eliminate the use of a set/reset to registers driving this RAMB pin or else use a synchronous reset in which the assertion of the reset is timed by default.
WARNING: [DRC REQP-1840] RAMB18 async control check: The RAMB18E1 system_i/lcd/axi_vdma_0/U0/I_PRMRY_DATAMOVER/GEN_MM2S_FULL.I_MM2S_FULL_WRAPPER/GEN_INCLUDE_MM2S_SF.I_RD_SF/I_DATA_FIFO/BLK_MEM.I_SYNC_FIFOGEN_FIFO/xpm_fifo_instance.xpm_fifo_sync_inst/xpm_fifo_base_inst/gen_sdpram.xpm_memory_base_inst/gen_wr_a.gen_word_narrow.mem_reg_1 has an input control pin system_i/lcd/axi_vdma_0/U0/I_PRMRY_DATAMOVER/GEN_MM2S_FULL.I_MM2S_FULL_WRAPPER/GEN_INCLUDE_MM2S_SF.I_RD_SF/I_DATA_FIFO/BLK_MEM.I_SYNC_FIFOGEN_FIFO/xpm_fifo_instance.xpm_fifo_sync_inst/xpm_fifo_base_inst/gen_sdpram.xpm_memory_base_inst/gen_wr_a.gen_word_narrow.mem_reg_1/WEBWE[1] (net: system_i/lcd/axi_vdma_0/U0/I_PRMRY_DATAMOVER/GEN_MM2S_FULL.I_MM2S_FULL_WRAPPER/GEN_INCLUDE_MM2S_SF.I_RD_SF/I_DATA_FIFO/BLK_MEM.I_SYNC_FIFOGEN_FIFO/xpm_fifo_instance.xpm_fifo_sync_inst/xpm_fifo_base_inst/gen_sdpram.xpm_memory_base_inst/wea[0]) which is driven by a register (system_i/lcd/axi_mem_intercon/s00_couplers/auto_pc/inst/gen_axi4_axi3.axi3_conv_inst/USE_READ.USE_SPLIT_R.read_addr_inst/USE_R_CHANNEL.cmd_queue/inst/fifo_gen_inst/inst_fifo_gen/gconvfifo.rf/grf.rf/gntv_or_sync_fifo.gl0.rd/gr1.gr1_int.rfwft/empty_fwft_i_reg) that has an active asychronous set or reset. This may cause corruption of the memory contents and/or read values when the set/reset is asserted and is not analyzed by the default static timing analysis. It is suggested to eliminate the use of a set/reset to registers driving this RAMB pin or else use a synchronous reset in which the assertion of the reset is timed by default.
WARNING: [DRC REQP-1840] RAMB18 async control check: The RAMB18E1 system_i/lcd/axi_vdma_0/U0/I_PRMRY_DATAMOVER/GEN_MM2S_FULL.I_MM2S_FULL_WRAPPER/GEN_INCLUDE_MM2S_SF.I_RD_SF/I_DATA_FIFO/BLK_MEM.I_SYNC_FIFOGEN_FIFO/xpm_fifo_instance.xpm_fifo_sync_inst/xpm_fifo_base_inst/gen_sdpram.xpm_memory_base_inst/gen_wr_a.gen_word_narrow.mem_reg_1 has an input control pin system_i/lcd/axi_vdma_0/U0/I_PRMRY_DATAMOVER/GEN_MM2S_FULL.I_MM2S_FULL_WRAPPER/GEN_INCLUDE_MM2S_SF.I_RD_SF/I_DATA_FIFO/BLK_MEM.I_SYNC_FIFOGEN_FIFO/xpm_fifo_instance.xpm_fifo_sync_inst/xpm_fifo_base_inst/gen_sdpram.xpm_memory_base_inst/gen_wr_a.gen_word_narrow.mem_reg_1/WEBWE[2] (net: system_i/lcd/axi_vdma_0/U0/I_PRMRY_DATAMOVER/GEN_MM2S_FULL.I_MM2S_FULL_WRAPPER/GEN_INCLUDE_MM2S_SF.I_RD_SF/I_DATA_FIFO/BLK_MEM.I_SYNC_FIFOGEN_FIFO/xpm_fifo_instance.xpm_fifo_sync_inst/xpm_fifo_base_inst/gen_sdpram.xpm_memory_base_inst/wea[0]) which is driven by a register (system_i/lcd/axi_mem_intercon/s00_couplers/auto_pc/inst/gen_axi4_axi3.axi3_conv_inst/USE_READ.USE_SPLIT_R.read_addr_inst/USE_R_CHANNEL.cmd_queue/inst/fifo_gen_inst/inst_fifo_gen/gconvfifo.rf/grf.rf/gntv_or_sync_fifo.gl0.rd/gr1.gr1_int.rfwft/empty_fwft_i_reg) that has an active asychronous set or reset. This may cause corruption of the memory contents and/or read values when the set/reset is asserted and is not analyzed by the default static timing analysis. It is suggested to eliminate the use of a set/reset to registers driving this RAMB pin or else use a synchronous reset in which the assertion of the reset is timed by default.
INFO: [Vivado_Tcl 4-198] DRC finished with 0 Errors, 12 Warnings
INFO: [Vivado_Tcl 4-199] Please refer to the DRC report (report_drc) for more information.

Starting Placer Task
INFO: [Place 30-611] Multithreading enabled for place_design using a maximum of 2 CPUs

Phase 1 Placer Initialization

Phase 1.1 Placer Initialization Netlist Sorting
Netlist sorting complete. Time (s): cpu = 00:00:00 ; elapsed = 00:00:00.018 . Memory (MB): peak = 2602.973 ; gain = 0.000
Phase 1.1 Placer Initialization Netlist Sorting | Checksum: 5da2c2c5

Time (s): cpu = 00:00:01 ; elapsed = 00:00:00.028 . Memory (MB): peak = 2602.973 ; gain = 0.000
Netlist sorting complete. Time (s): cpu = 00:00:00 ; elapsed = 00:00:00.019 . Memory (MB): peak = 2602.973 ; gain = 0.000

Phase 1.2 IO Placement/ Clock Placement/ Build Placer Device
WARNING: [Place 30-568] A LUT 'system_i/AC_8_channel_0/stimer_onoff_pa_rw_A_0/inst/rd_serial_inst/rdserial_sclk_INST_0' is driving clock pin of 8 registers. This could lead to large hold time violations. First few involved registers are:
	system_i/AC_8_channel_0/stimer_onoff_pa_rw_A_0/inst/rd_serial_inst/datain_reg_reg[4] {FDRE}
	system_i/AC_8_channel_0/stimer_onoff_pa_rw_A_0/inst/rd_serial_inst/datain_reg_reg[3] {FDRE}
	system_i/AC_8_channel_0/stimer_onoff_pa_rw_A_0/inst/rd_serial_inst/datain_reg_reg[0] {FDRE}
	system_i/AC_8_channel_0/stimer_onoff_pa_rw_A_0/inst/rd_serial_inst/datain_reg_reg[1] {FDRE}
	system_i/AC_8_channel_0/stimer_onoff_pa_rw_A_0/inst/rd_serial_inst/datain_reg_reg[2] {FDRE}
WARNING: [Place 30-574] Poor placement for routing between an IO pin and BUFG. This is normally an ERROR but the CLOCK_DEDICATED_ROUTE constraint is set to FALSE allowing your design to continue. The use of this override is highly discouraged as it may lead to very poor timing results. It is recommended that this error condition be corrected in the design.

	clk_10MHz_0_IBUF_inst (IBUF.O) is locked to IOB_X1Y108
	clk_10MHz_0_IBUF_BUFG_inst (BUFG.I) is provisionally placed by clockplacer on BUFGCTRL_X0Y3
Resolution: Poor placement of an IO pin and a BUFG has resulted in the router using a non-dedicated path between the two.  There are several things that could trigger this DRC, each of which can cause unpredictable clock insertion delays that result in poor timing.  This DRC could be caused by any of the following: (a) a clock port was placed on a pin that is not a CCIO-pin (b)the BUFG has not been placed in the same half of the device or SLR as the CCIO-pin (c) a single ended clock has been placed on the N-Side of a differential pair CCIO-pin.
Phase 1.2 IO Placement/ Clock Placement/ Build Placer Device | Checksum: 1a907a883

Time (s): cpu = 00:00:06 ; elapsed = 00:00:04 . Memory (MB): peak = 2602.973 ; gain = 0.000

Phase 1.3 Build Placer Netlist Model
Phase 1.3 Build Placer Netlist Model | Checksum: 1ac8203b5

Time (s): cpu = 00:00:16 ; elapsed = 00:00:12 . Memory (MB): peak = 2602.973 ; gain = 0.000

Phase 1.4 Constrain Clocks/Macros
Phase 1.4 Constrain Clocks/Macros | Checksum: 1ac8203b5

Time (s): cpu = 00:00:16 ; elapsed = 00:00:12 . Memory (MB): peak = 2602.973 ; gain = 0.000
Phase 1 Placer Initialization | Checksum: 1ac8203b5

Time (s): cpu = 00:00:16 ; elapsed = 00:00:12 . Memory (MB): peak = 2602.973 ; gain = 0.000

Phase 2 Global Placement

Phase 2.1 Floorplanning
Phase 2.1 Floorplanning | Checksum: 262821bd2

Time (s): cpu = 00:00:19 ; elapsed = 00:00:14 . Memory (MB): peak = 2602.973 ; gain = 0.000

Phase 2.2 Update Timing before SLR Path Opt
Phase 2.2 Update Timing before SLR Path Opt | Checksum: 22d755987

Time (s): cpu = 00:00:22 ; elapsed = 00:00:16 . Memory (MB): peak = 2602.973 ; gain = 0.000

Phase 2.3 Global Placement Core

Phase 2.3.1 Physical Synthesis In Placer
INFO: [Physopt 32-1035] Found 0 LUTNM shape to break, 1119 LUT instances to create LUTNM shape
INFO: [Physopt 32-1044] Break lutnm for timing: one critical 0, two critical 0, total 0, new lutff created 0
INFO: [Physopt 32-775] End 1 Pass. Optimized 454 nets or cells. Created 0 new cell, deleted 454 existing cells and moved 0 existing cell
INFO: [Physopt 32-65] No nets found for high-fanout optimization.
INFO: [Physopt 32-232] Optimized 0 net. Created 0 new instance.
INFO: [Physopt 32-775] End 1 Pass. Optimized 0 net or cell. Created 0 new cell, deleted 0 existing cell and moved 0 existing cell
INFO: [Physopt 32-670] No setup violation found.  DSP Register Optimization was not performed.
INFO: [Physopt 32-670] No setup violation found.  Shift Register to Pipeline Optimization was not performed.
INFO: [Physopt 32-670] No setup violation found.  Shift Register Optimization was not performed.
INFO: [Physopt 32-670] No setup violation found.  BRAM Register Optimization was not performed.
INFO: [Physopt 32-670] No setup violation found.  URAM Register Optimization was not performed.
INFO: [Physopt 32-949] No candidate nets found for dynamic/static region interface net replication
INFO: [Physopt 32-775] End 1 Pass. Optimized 0 net or cell. Created 0 new cell, deleted 0 existing cell and moved 0 existing cell
Netlist sorting complete. Time (s): cpu = 00:00:00 ; elapsed = 00:00:00.020 . Memory (MB): peak = 2602.973 ; gain = 0.000

Summary of Physical Synthesis Optimizations
============================================


-----------------------------------------------------------------------------------------------------------------------------------------------------------
|  Optimization                                     |  Added Cells  |  Removed Cells  |  Optimized Cells/Nets  |  Dont Touch  |  Iterations  |  Elapsed   |
-----------------------------------------------------------------------------------------------------------------------------------------------------------
|  LUT Combining                                    |            0  |            454  |                   454  |           0  |           1  |  00:00:01  |
|  Very High Fanout                                 |            0  |              0  |                     0  |           0  |           1  |  00:00:00  |
|  DSP Register                                     |            0  |              0  |                     0  |           0  |           0  |  00:00:00  |
|  Shift Register to Pipeline                       |            0  |              0  |                     0  |           0  |           0  |  00:00:00  |
|  Shift Register                                   |            0  |              0  |                     0  |           0  |           0  |  00:00:00  |
|  BRAM Register                                    |            0  |              0  |                     0  |           0  |           0  |  00:00:00  |
|  URAM Register                                    |            0  |              0  |                     0  |           0  |           0  |  00:00:00  |
|  Dynamic/Static Region Interface Net Replication  |            0  |              0  |                     0  |           0  |           1  |  00:00:00  |
|  Total                                            |            0  |            454  |                   454  |           0  |           3  |  00:00:01  |
-----------------------------------------------------------------------------------------------------------------------------------------------------------


Phase 2.3.1 Physical Synthesis In Placer | Checksum: 2c4554143

Time (s): cpu = 00:00:51 ; elapsed = 00:00:36 . Memory (MB): peak = 2602.973 ; gain = 0.000
Phase 2.3 Global Placement Core | Checksum: 228b67a35

Time (s): cpu = 00:00:53 ; elapsed = 00:00:37 . Memory (MB): peak = 2602.973 ; gain = 0.000
Phase 2 Global Placement | Checksum: 228b67a35

Time (s): cpu = 00:00:53 ; elapsed = 00:00:37 . Memory (MB): peak = 2602.973 ; gain = 0.000

Phase 3 Detail Placement

Phase 3.1 Commit Multi Column Macros
Phase 3.1 Commit Multi Column Macros | Checksum: 281cdd90d

Time (s): cpu = 00:00:56 ; elapsed = 00:00:39 . Memory (MB): peak = 2602.973 ; gain = 0.000

Phase 3.2 Commit Most Macros & LUTRAMs
Phase 3.2 Commit Most Macros & LUTRAMs | Checksum: 228cdf7c1

Time (s): cpu = 00:01:01 ; elapsed = 00:00:43 . Memory (MB): peak = 2602.973 ; gain = 0.000

Phase 3.3 Area Swap Optimization
Phase 3.3 Area Swap Optimization | Checksum: 201fb33c1

Time (s): cpu = 00:01:01 ; elapsed = 00:00:43 . Memory (MB): peak = 2602.973 ; gain = 0.000

Phase 3.4 Pipeline Register Optimization
Phase 3.4 Pipeline Register Optimization | Checksum: 17b971e1f

Time (s): cpu = 00:01:01 ; elapsed = 00:00:43 . Memory (MB): peak = 2602.973 ; gain = 0.000

Phase 3.5 Small Shape Detail Placement
Phase 3.5 Small Shape Detail Placement | Checksum: 11ce4b98c

Time (s): cpu = 00:01:13 ; elapsed = 00:00:57 . Memory (MB): peak = 2602.973 ; gain = 0.000

Phase 3.6 Re-assign LUT pins
Phase 3.6 Re-assign LUT pins | Checksum: 140a533dd

Time (s): cpu = 00:01:15 ; elapsed = 00:00:59 . Memory (MB): peak = 2602.973 ; gain = 0.000

Phase 3.7 Pipeline Register Optimization
Phase 3.7 Pipeline Register Optimization | Checksum: 232e96356

Time (s): cpu = 00:01:15 ; elapsed = 00:00:59 . Memory (MB): peak = 2602.973 ; gain = 0.000
Phase 3 Detail Placement | Checksum: 232e96356

Time (s): cpu = 00:01:15 ; elapsed = 00:00:59 . Memory (MB): peak = 2602.973 ; gain = 0.000

Phase 4 Post Placement Optimization and Clean-Up

Phase 4.1 Post Commit Optimization
INFO: [Timing 38-35] Done setting XDC timing constraints.

Phase 4.1.1 Post Placement Optimization
Post Placement Optimization Initialization | Checksum: 148258b1a

Phase 4.1.1.1 BUFG Insertion

Starting Physical Synthesis Task

Phase 1 Physical Synthesis Initialization
INFO: [Physopt 32-721] Multithreading enabled for phys_opt_design using a maximum of 2 CPUs
INFO: [Physopt 32-619] Estimated Timing Summary | WNS=0.398 | TNS=0.000 |
Phase 1 Physical Synthesis Initialization | Checksum: 1770526e4

Time (s): cpu = 00:00:04 ; elapsed = 00:00:02 . Memory (MB): peak = 2602.973 ; gain = 0.000
INFO: [Place 46-33] Processed net system_i/lcd/clk_wiz_0/inst/AXI_LITE_IPIF_I/I_SLAVE_ATTACHMENT/rst_reg_0, BUFG insertion was skipped due to placement/routing conflicts.
INFO: [Place 46-33] Processed net system_i/lcd/v_tc_0/U0/U_VIDEO_CTRL/GEN_HAS_IRQ.irq_i_1_n_0, BUFG insertion was skipped due to placement/routing conflicts.
INFO: [Place 46-56] BUFG insertion identified 2 candidate nets. Inserted BUFG: 0, Replicated BUFG Driver: 0, Skipped due to Placement/Routing Conflicts: 2, Skipped due to Timing Degradation: 0, Skipped due to Illegal Netlist: 0.
Ending Physical Synthesis Task | Checksum: 17b04ef6c

Time (s): cpu = 00:00:05 ; elapsed = 00:00:03 . Memory (MB): peak = 2602.973 ; gain = 0.000
Phase 4.1.1.1 BUFG Insertion | Checksum: 148258b1a

Time (s): cpu = 00:01:32 ; elapsed = 00:01:10 . Memory (MB): peak = 2602.973 ; gain = 0.000
INFO: [Place 30-746] Post Placement Timing Summary WNS=0.529. For the most accurate timing information please run report_timing.

Time (s): cpu = 00:01:34 ; elapsed = 00:01:12 . Memory (MB): peak = 2602.973 ; gain = 0.000
Phase 4.1 Post Commit Optimization | Checksum: 1c6538014

Time (s): cpu = 00:01:34 ; elapsed = 00:01:12 . Memory (MB): peak = 2602.973 ; gain = 0.000

Phase 4.2 Post Placement Cleanup
Phase 4.2 Post Placement Cleanup | Checksum: 1c6538014

Time (s): cpu = 00:01:35 ; elapsed = 00:01:13 . Memory (MB): peak = 2602.973 ; gain = 0.000

Phase 4.3 Placer Reporting

Phase 4.3.1 Print Estimated Congestion
INFO: [Place 30-612] Post-Placement Estimated Congestion 
 ____________________________________________________
|           | Global Congestion | Short Congestion  |
| Direction | Region Size       | Region Size       |
|___________|___________________|___________________|
|      North|                1x1|                2x2|
|___________|___________________|___________________|
|      South|                1x1|                1x1|
|___________|___________________|___________________|
|       East|                1x1|                1x1|
|___________|___________________|___________________|
|       West|                1x1|                1x1|
|___________|___________________|___________________|

Phase 4.3.1 Print Estimated Congestion | Checksum: 1c6538014

Time (s): cpu = 00:01:35 ; elapsed = 00:01:13 . Memory (MB): peak = 2602.973 ; gain = 0.000
Phase 4.3 Placer Reporting | Checksum: 1c6538014

Time (s): cpu = 00:01:35 ; elapsed = 00:01:13 . Memory (MB): peak = 2602.973 ; gain = 0.000

Phase 4.4 Final Placement Cleanup
Netlist sorting complete. Time (s): cpu = 00:00:00 ; elapsed = 00:00:00.029 . Memory (MB): peak = 2602.973 ; gain = 0.000

Time (s): cpu = 00:01:35 ; elapsed = 00:01:13 . Memory (MB): peak = 2602.973 ; gain = 0.000
Phase 4 Post Placement Optimization and Clean-Up | Checksum: f26fac59

Time (s): cpu = 00:01:35 ; elapsed = 00:01:13 . Memory (MB): peak = 2602.973 ; gain = 0.000
Ending Placer Task | Checksum: d00a8431

Time (s): cpu = 00:01:35 ; elapsed = 00:01:13 . Memory (MB): peak = 2602.973 ; gain = 0.000
INFO: [Common 17-83] Releasing license: Implementation
84 Infos, 47 Warnings, 0 Critical Warnings and 0 Errors encountered.
place_design completed successfully
place_design: Time (s): cpu = 00:01:38 ; elapsed = 00:01:15 . Memory (MB): peak = 2602.973 ; gain = 0.000
INFO: [Timing 38-480] Writing timing data to binary archive.
Writing placer database...
Writing XDEF routing.
Writing XDEF routing logical nets.
Writing XDEF routing special nets.
Write XDEF Complete: Time (s): cpu = 00:00:09 ; elapsed = 00:00:03 . Memory (MB): peak = 2602.973 ; gain = 0.000
INFO: [Common 17-1381] The checkpoint 'C:/Users/saber/Desktop/share/DanDike_NewBoard/DanDike_NewBoard.runs/impl_1/system_wrapper_placed.dcp' has been generated.
write_checkpoint: Time (s): cpu = 00:00:17 ; elapsed = 00:00:09 . Memory (MB): peak = 2602.973 ; gain = 0.000
INFO: [runtcl-4] Executing : report_io -file system_wrapper_io_placed.rpt
report_io: Time (s): cpu = 00:00:00 ; elapsed = 00:00:00.081 . Memory (MB): peak = 2602.973 ; gain = 0.000
INFO: [runtcl-4] Executing : report_utilization -file system_wrapper_utilization_placed.rpt -pb system_wrapper_utilization_placed.pb
INFO: [runtcl-4] Executing : report_control_sets -verbose -file system_wrapper_control_sets_placed.rpt
report_control_sets: Time (s): cpu = 00:00:00 ; elapsed = 00:00:00.118 . Memory (MB): peak = 2602.973 ; gain = 0.000
Command: route_design
Attempting to get a license for feature 'Implementation' and/or device 'xc7z020'
INFO: [Common 17-349] Got license for feature 'Implementation' and/or device 'xc7z020'
Running DRC as a precondition to command route_design
INFO: [DRC 23-27] Running DRC with 2 threads
WARNING: [DRC PLCK-12] Clock Placer Checks: Poor placement for routing between an IO pin and BUFG. 
Resolution: Poor placement of an IO pin and a BUFG has resulted in the router using a non-dedicated path between the two.  There are several things that could trigger this DRC, each of which can cause unpredictable clock insertion delays that result in poor timing.  This DRC could be caused by any of the following: (a) a clock port was placed on a pin that is not a CCIO-pin (b)the BUFG has not been placed in the same half of the device or SLR as the CCIO-pin (c) a single ended clock has been placed on the N-Side of a differential pair CCIO-pin.
 This is normally an ERROR but the CLOCK_DEDICATED_ROUTE constraint is set to FALSE allowing your design to continue. The use of this override is highly discouraged as it may lead to very poor timing results. It is recommended that this error condition be corrected in the design.

	clk_10MHz_0_IBUF_inst (IBUF.O) is locked to IOB_X1Y108
	clk_10MHz_0_IBUF_BUFG_inst (BUFG.I) is provisionally placed by clockplacer on BUFGCTRL_X0Y3
INFO: [Vivado_Tcl 4-198] DRC finished with 0 Errors, 1 Warnings
INFO: [Vivado_Tcl 4-199] Please refer to the DRC report (report_drc) for more information.


Starting Routing Task
INFO: [Route 35-254] Multithreading enabled for route_design using a maximum of 2 CPUs
Checksum: PlaceDB: c3512d34 ConstDB: 0 ShapeSum: cb956fd RouteDB: 0

Phase 1 Build RT Design
Phase 1 Build RT Design | Checksum: 19cb456d1

Time (s): cpu = 00:00:23 ; elapsed = 00:00:16 . Memory (MB): peak = 2636.117 ; gain = 33.145
Post Restoration Checksum: NetGraph: ee7e6852 NumContArr: ae35ee7f Constraints: 0 Timing: 0

Phase 2 Router Initialization

Phase 2.1 Create Timer
Phase 2.1 Create Timer | Checksum: 19cb456d1

Time (s): cpu = 00:00:24 ; elapsed = 00:00:16 . Memory (MB): peak = 2636.117 ; gain = 33.145

Phase 2.2 Fix Topology Constraints
Phase 2.2 Fix Topology Constraints | Checksum: 19cb456d1

Time (s): cpu = 00:00:24 ; elapsed = 00:00:17 . Memory (MB): peak = 2639.781 ; gain = 36.809

Phase 2.3 Pre Route Cleanup
Phase 2.3 Pre Route Cleanup | Checksum: 19cb456d1

Time (s): cpu = 00:00:24 ; elapsed = 00:00:17 . Memory (MB): peak = 2639.781 ; gain = 36.809
 Number of Nodes with overlaps = 0

Phase 2.4 Update Timing
Phase 2.4 Update Timing | Checksum: 25bc1f6b8

Time (s): cpu = 00:00:42 ; elapsed = 00:00:29 . Memory (MB): peak = 2666.820 ; gain = 63.848
INFO: [Route 35-416] Intermediate Timing Summary | WNS=0.541  | TNS=0.000  | WHS=-0.812 | THS=-1776.937|


Phase 2.5 Update Timing for Bus Skew

Phase 2.5.1 Update Timing
Phase 2.5.1 Update Timing | Checksum: 242d9923e

Time (s): cpu = 00:00:59 ; elapsed = 00:00:39 . Memory (MB): peak = 2686.711 ; gain = 83.738
INFO: [Route 35-416] Intermediate Timing Summary | WNS=0.541  | TNS=0.000  | WHS=N/A    | THS=N/A    |

Phase 2.5 Update Timing for Bus Skew | Checksum: 24573bd2d

Time (s): cpu = 00:00:59 ; elapsed = 00:00:39 . Memory (MB): peak = 2686.711 ; gain = 83.738
Phase 2 Router Initialization | Checksum: 1aa63c27e

Time (s): cpu = 00:00:59 ; elapsed = 00:00:39 . Memory (MB): peak = 2686.711 ; gain = 83.738

Router Utilization Summary
  Global Vertical Routing Utilization    = 0.0153257 %
  Global Horizontal Routing Utilization  = 0.0105646 %
  Routable Net Status*
  *Does not include unroutable nets such as driverless and loadless.
  Run report_route_status for detailed report.
  Number of Failed Nets               = 40450
    (Failed Nets is the sum of unrouted and partially routed nets)
  Number of Unrouted Nets             = 40446
  Number of Partially Routed Nets     = 4
  Number of Node Overlaps             = 1


Phase 3 Initial Routing

Phase 3.1 Global Routing
Phase 3.1 Global Routing | Checksum: 1aa63c27e

Time (s): cpu = 00:00:59 ; elapsed = 00:00:39 . Memory (MB): peak = 2686.711 ; gain = 83.738
Phase 3 Initial Routing | Checksum: 15a5b4876

Time (s): cpu = 00:01:08 ; elapsed = 00:00:44 . Memory (MB): peak = 2686.711 ; gain = 83.738
INFO: [Route 35-580] Design has 4 pins with tight setup and hold constraints.

The top 5 pins with tight setup and hold constraints:

+--------------------------+--------------------------+----------------------------------------------------------------------------------------------------------+
|       Launch Clock       |      Capture Clock       |                                                 Pin                                                      |
+--------------------------+--------------------------+----------------------------------------------------------------------------------------------------------+
|               clk_fpga_0 |               clk_fpga_1 |                              system_i/AC_8_channel_0/adda/dac_whole_0/inst/dac_spi_inst/data3_r_reg[15]/D|
|               clk_fpga_0 |               clk_fpga_1 |                               system_i/AC_8_channel_0/adda/dac_whole_0/inst/dac_spi_inst/data2_r_reg[7]/D|
|               clk_fpga_0 |               clk_fpga_1 |                              system_i/AC_8_channel_0/adda/dac_whole_0/inst/dac_spi_inst/data3_r_reg[13]/D|
|               clk_fpga_0 |               clk_fpga_1 |                               system_i/AC_8_channel_0/adda/dac_whole_0/inst/dac_spi_inst/data3_r_reg[9]/D|
+--------------------------+--------------------------+----------------------------------------------------------------------------------------------------------+

File with complete list of pins: tight_setup_hold_pins.txt


Phase 4 Rip-up And Reroute

Phase 4.1 Global Iteration 0
 Number of Nodes with overlaps = 3542
 Number of Nodes with overlaps = 347
 Number of Nodes with overlaps = 93
 Number of Nodes with overlaps = 37
 Number of Nodes with overlaps = 12
 Number of Nodes with overlaps = 8
 Number of Nodes with overlaps = 2
 Number of Nodes with overlaps = 0
INFO: [Route 35-416] Intermediate Timing Summary | WNS=0.288  | TNS=0.000  | WHS=N/A    | THS=N/A    |

Phase 4.1 Global Iteration 0 | Checksum: 1389e1821

Time (s): cpu = 00:01:44 ; elapsed = 00:01:14 . Memory (MB): peak = 2686.711 ; gain = 83.738
Phase 4 Rip-up And Reroute | Checksum: 1389e1821

Time (s): cpu = 00:01:44 ; elapsed = 00:01:14 . Memory (MB): peak = 2686.711 ; gain = 83.738

Phase 5 Delay and Skew Optimization

Phase 5.1 Delay CleanUp

Phase 5.1.1 Update Timing
Phase 5.1.1 Update Timing | Checksum: ac6a9eb6

Time (s): cpu = 00:01:49 ; elapsed = 00:01:17 . Memory (MB): peak = 2686.711 ; gain = 83.738
INFO: [Route 35-416] Intermediate Timing Summary | WNS=0.300  | TNS=0.000  | WHS=N/A    | THS=N/A    |

Phase 5.1 Delay CleanUp | Checksum: dc32707a

Time (s): cpu = 00:01:49 ; elapsed = 00:01:17 . Memory (MB): peak = 2686.711 ; gain = 83.738

Phase 5.2 Clock Skew Optimization
Phase 5.2 Clock Skew Optimization | Checksum: dc32707a

Time (s): cpu = 00:01:49 ; elapsed = 00:01:17 . Memory (MB): peak = 2686.711 ; gain = 83.738
Phase 5 Delay and Skew Optimization | Checksum: dc32707a

Time (s): cpu = 00:01:49 ; elapsed = 00:01:17 . Memory (MB): peak = 2686.711 ; gain = 83.738

Phase 6 Post Hold Fix

Phase 6.1 Hold Fix Iter

Phase 6.1.1 Update Timing
Phase 6.1.1 Update Timing | Checksum: 63a8280f

Time (s): cpu = 00:01:54 ; elapsed = 00:01:20 . Memory (MB): peak = 2686.711 ; gain = 83.738
INFO: [Route 35-416] Intermediate Timing Summary | WNS=0.300  | TNS=0.000  | WHS=0.022  | THS=0.000  |

Phase 6.1 Hold Fix Iter | Checksum: 6c261797

Time (s): cpu = 00:01:54 ; elapsed = 00:01:21 . Memory (MB): peak = 2686.711 ; gain = 83.738
Phase 6 Post Hold Fix | Checksum: 6c261797

Time (s): cpu = 00:01:54 ; elapsed = 00:01:21 . Memory (MB): peak = 2686.711 ; gain = 83.738

Phase 7 Route finalize

Router Utilization Summary
  Global Vertical Routing Utilization    = 8.66175 %
  Global Horizontal Routing Utilization  = 10.2114 %
  Routable Net Status*
  *Does not include unroutable nets such as driverless and loadless.
  Run report_route_status for detailed report.
  Number of Failed Nets               = 0
    (Failed Nets is the sum of unrouted and partially routed nets)
  Number of Unrouted Nets             = 0
  Number of Partially Routed Nets     = 0
  Number of Node Overlaps             = 0

Phase 7 Route finalize | Checksum: b68b80c9

Time (s): cpu = 00:01:54 ; elapsed = 00:01:21 . Memory (MB): peak = 2686.711 ; gain = 83.738

Phase 8 Verifying routed nets

 Verification completed successfully
Phase 8 Verifying routed nets | Checksum: b68b80c9

Time (s): cpu = 00:01:54 ; elapsed = 00:01:21 . Memory (MB): peak = 2686.711 ; gain = 83.738

Phase 9 Depositing Routes
Phase 9 Depositing Routes | Checksum: 7358660b

Time (s): cpu = 00:01:58 ; elapsed = 00:01:24 . Memory (MB): peak = 2686.711 ; gain = 83.738

Phase 10 Post Router Timing
INFO: [Route 35-57] Estimated Timing Summary | WNS=0.300  | TNS=0.000  | WHS=0.022  | THS=0.000  |

INFO: [Route 35-327] The final timing numbers are based on the router estimated timing analysis. For a complete and accurate timing signoff, please run report_timing_summary.
Phase 10 Post Router Timing | Checksum: 7358660b

Time (s): cpu = 00:01:58 ; elapsed = 00:01:25 . Memory (MB): peak = 2686.711 ; gain = 83.738
INFO: [Route 35-16] Router Completed Successfully

Time (s): cpu = 00:01:58 ; elapsed = 00:01:25 . Memory (MB): peak = 2686.711 ; gain = 83.738

Routing Is Done.
INFO: [Common 17-83] Releasing license: Implementation
104 Infos, 48 Warnings, 0 Critical Warnings and 0 Errors encountered.
route_design completed successfully
route_design: Time (s): cpu = 00:02:13 ; elapsed = 00:01:33 . Memory (MB): peak = 2686.711 ; gain = 83.738
INFO: [Timing 38-480] Writing timing data to binary archive.
Writing placer database...
Writing XDEF routing.
Writing XDEF routing logical nets.
Writing XDEF routing special nets.
Write XDEF Complete: Time (s): cpu = 00:00:13 ; elapsed = 00:00:04 . Memory (MB): peak = 2686.711 ; gain = 0.000
INFO: [Common 17-1381] The checkpoint 'C:/Users/saber/Desktop/share/DanDike_NewBoard/DanDike_NewBoard.runs/impl_1/system_wrapper_routed.dcp' has been generated.
write_checkpoint: Time (s): cpu = 00:00:18 ; elapsed = 00:00:09 . Memory (MB): peak = 2686.711 ; gain = 0.000
INFO: [runtcl-4] Executing : report_drc -file system_wrapper_drc_routed.rpt -pb system_wrapper_drc_routed.pb -rpx system_wrapper_drc_routed.rpx
Command: report_drc -file system_wrapper_drc_routed.rpt -pb system_wrapper_drc_routed.pb -rpx system_wrapper_drc_routed.rpx
INFO: [IP_Flow 19-1839] IP Catalog is up to date.
INFO: [DRC 23-27] Running DRC with 2 threads
INFO: [Coretcl 2-168] The results of DRC are in file C:/Users/saber/Desktop/share/DanDike_NewBoard/DanDike_NewBoard.runs/impl_1/system_wrapper_drc_routed.rpt.
report_drc completed successfully
report_drc: Time (s): cpu = 00:00:24 ; elapsed = 00:00:13 . Memory (MB): peak = 2790.668 ; gain = 103.957
INFO: [runtcl-4] Executing : report_methodology -file system_wrapper_methodology_drc_routed.rpt -pb system_wrapper_methodology_drc_routed.pb -rpx system_wrapper_methodology_drc_routed.rpx
Command: report_methodology -file system_wrapper_methodology_drc_routed.rpt -pb system_wrapper_methodology_drc_routed.pb -rpx system_wrapper_methodology_drc_routed.rpx
INFO: [Timing 38-35] Done setting XDC timing constraints.
INFO: [DRC 23-133] Running Methodology with 2 threads
INFO: [Coretcl 2-1520] The results of Report Methodology are in file C:/Users/saber/Desktop/share/DanDike_NewBoard/DanDike_NewBoard.runs/impl_1/system_wrapper_methodology_drc_routed.rpt.
report_methodology completed successfully
report_methodology: Time (s): cpu = 00:00:23 ; elapsed = 00:00:14 . Memory (MB): peak = 2790.668 ; gain = 0.000
INFO: [runtcl-4] Executing : report_power -file system_wrapper_power_routed.rpt -pb system_wrapper_power_summary_routed.pb -rpx system_wrapper_power_routed.rpx
Command: report_power -file system_wrapper_power_routed.rpt -pb system_wrapper_power_summary_routed.pb -rpx system_wrapper_power_routed.rpx
INFO: [Timing 38-35] Done setting XDC timing constraints.
Running Vector-less Activity Propagation...

Finished Running Vector-less Activity Propagation
WARNING: [Power 33-332] Found switching activity that implies high-fanout reset nets being asserted for excessive periods of time which may result in inaccurate power analysis.
Resolution: To review and fix problems, please run Power Constraints Advisor in the GUI from Tools > Power Constraints Advisor or run report_power with the -advisory option to generate a text report.
116 Infos, 49 Warnings, 0 Critical Warnings and 0 Errors encountered.
report_power completed successfully
report_power: Time (s): cpu = 00:00:25 ; elapsed = 00:00:15 . Memory (MB): peak = 2795.785 ; gain = 5.117
INFO: [runtcl-4] Executing : report_route_status -file system_wrapper_route_status.rpt -pb system_wrapper_route_status.pb
INFO: [runtcl-4] Executing : report_timing_summary -max_paths 10 -file system_wrapper_timing_summary_routed.rpt -pb system_wrapper_timing_summary_routed.pb -rpx system_wrapper_timing_summary_routed.rpx -warn_on_violation 
INFO: [Timing 38-91] UpdateTimingParams: Speed grade: -2, Delay Type: min_max.
INFO: [Timing 38-191] Multithreading enabled for timing update using a maximum of 2 CPUs
WARNING: [Timing 38-436] There are set_bus_skew constraint(s) in this design. Please run report_bus_skew to ensure that bus skew requirements are met.
INFO: [runtcl-4] Executing : report_incremental_reuse -file system_wrapper_incremental_reuse_routed.rpt
INFO: [Vivado_Tcl 4-1062] Incremental flow is disabled. No incremental reuse Info to report.
INFO: [runtcl-4] Executing : report_clock_utilization -file system_wrapper_clock_utilization_routed.rpt
INFO: [runtcl-4] Executing : report_bus_skew -warn_on_violation -file system_wrapper_bus_skew_routed.rpt -pb system_wrapper_bus_skew_routed.pb -rpx system_wrapper_bus_skew_routed.rpx
INFO: [Timing 38-91] UpdateTimingParams: Speed grade: -2, Delay Type: min_max.
INFO: [Timing 38-191] Multithreading enabled for timing update using a maximum of 2 CPUs
INFO: [Memdata 28-208] The XPM instance: <system_i/lcd/v_axi4s_vid_out_0/inst/COUPLER_INST/generate_async_fifo.FIFO_INST/XPM_FIFO_ASYNC_INST/gnuram_async_fifo.xpm_fifo_base_inst/gen_sdpram.xpm_memory_base_inst> is part of IP: <system_i/lcd/v_axi4s_vid_out_0>. This XPM instance will be excluded from the .mmi because updatemem is prohibited from making changes to an XPM that is part of an IP.
INFO: [Memdata 28-208] The XPM instance: <system_i/lcd/axi_vdma_0/U0/I_PRMRY_DATAMOVER/GEN_MM2S_FULL.I_MM2S_FULL_WRAPPER/GEN_INCLUDE_MM2S_SF.I_RD_SF/I_DATA_FIFO/BLK_MEM.I_SYNC_FIFOGEN_FIFO/xpm_fifo_instance.xpm_fifo_sync_inst/xpm_fifo_base_inst/gen_sdpram.xpm_memory_base_inst> is part of IP: <system_i/lcd/axi_vdma_0>. This XPM instance will be excluded from the .mmi because updatemem is prohibited from making changes to an XPM that is part of an IP.
INFO: [Memdata 28-208] The XPM instance: <system_i/AC_8_channel_0/adda/axis_data_fifo_1/inst/gen_fifo.xpm_fifo_axis_inst/xpm_fifo_base_inst/gen_sdpram.xpm_memory_base_inst> is part of IP: <system_i/AC_8_channel_0/adda/axis_data_fifo_1>. This XPM instance will be excluded from the .mmi because updatemem is prohibited from making changes to an XPM that is part of an IP.
INFO: [Memdata 28-167] Found XPM memory block system_i/AC_8_channel_0/adda/axi_smc/inst/s01_nodes/s01_w_node/inst/inst_mi_handler/gen_normal_area.inst_fifo_node_payld/gen_xpm_memory_fifo.inst_fifo/gen_mem_rep[0].inst_xpm_memory/xpm_memory_base_inst with a P_MEMORY_PRIMITIVE property set to distributed. A value of block is required. You will not be able to use the updatemem program to update the bitstream with new data for the system_i/AC_8_channel_0/adda/axi_smc/inst/s01_nodes/s01_w_node/inst/inst_mi_handler/gen_normal_area.inst_fifo_node_payld/gen_xpm_memory_fifo.inst_fifo/gen_mem_rep[0].inst_xpm_memory/xpm_memory_base_inst block.
INFO: [Memdata 28-167] Found XPM memory block system_i/AC_8_channel_0/adda/axi_smc/inst/s01_nodes/s01_w_node/inst/inst_mi_handler/gen_normal_area.gen_fifo_req.inst_fifo_req/gen_xpm_memory_fifo.inst_fifo/gen_mem_rep[0].inst_xpm_memory/xpm_memory_base_inst with a P_MEMORY_PRIMITIVE property set to distributed. A value of block is required. You will not be able to use the updatemem program to update the bitstream with new data for the system_i/AC_8_channel_0/adda/axi_smc/inst/s01_nodes/s01_w_node/inst/inst_mi_handler/gen_normal_area.gen_fifo_req.inst_fifo_req/gen_xpm_memory_fifo.inst_fifo/gen_mem_rep[0].inst_xpm_memory/xpm_memory_base_inst block.
INFO: [Memdata 28-167] Found XPM memory block system_i/AC_8_channel_0/adda/axi_smc/inst/s01_nodes/s01_b_node/inst/inst_mi_handler/gen_normal_area.inst_fifo_node_payld/gen_xpm_memory_fifo.inst_fifo/gen_mem_rep[0].inst_xpm_memory/xpm_memory_base_inst with a P_MEMORY_PRIMITIVE property set to distributed. A value of block is required. You will not be able to use the updatemem program to update the bitstream with new data for the system_i/AC_8_channel_0/adda/axi_smc/inst/s01_nodes/s01_b_node/inst/inst_mi_handler/gen_normal_area.inst_fifo_node_payld/gen_xpm_memory_fifo.inst_fifo/gen_mem_rep[0].inst_xpm_memory/xpm_memory_base_inst block.
INFO: [Memdata 28-167] Found XPM memory block system_i/AC_8_channel_0/adda/axi_smc/inst/s01_nodes/s01_aw_node/inst/inst_mi_handler/gen_normal_area.inst_fifo_node_payld/gen_xpm_memory_fifo.inst_fifo/gen_mem_rep[0].inst_xpm_memory/xpm_memory_base_inst with a P_MEMORY_PRIMITIVE property set to distributed. A value of block is required. You will not be able to use the updatemem program to update the bitstream with new data for the system_i/AC_8_channel_0/adda/axi_smc/inst/s01_nodes/s01_aw_node/inst/inst_mi_handler/gen_normal_area.inst_fifo_node_payld/gen_xpm_memory_fifo.inst_fifo/gen_mem_rep[0].inst_xpm_memory/xpm_memory_base_inst block.
INFO: [Memdata 28-167] Found XPM memory block system_i/AC_8_channel_0/adda/axi_smc/inst/s00_nodes/s00_r_node/inst/inst_mi_handler/gen_normal_area.inst_fifo_node_payld/gen_xpm_memory_fifo.inst_fifo/gen_mem_rep[0].inst_xpm_memory/xpm_memory_base_inst with a P_MEMORY_PRIMITIVE property set to distributed. A value of block is required. You will not be able to use the updatemem program to update the bitstream with new data for the system_i/AC_8_channel_0/adda/axi_smc/inst/s00_nodes/s00_r_node/inst/inst_mi_handler/gen_normal_area.inst_fifo_node_payld/gen_xpm_memory_fifo.inst_fifo/gen_mem_rep[0].inst_xpm_memory/xpm_memory_base_inst block.
INFO: [Memdata 28-167] Found XPM memory block system_i/AC_8_channel_0/adda/axi_smc/inst/s00_nodes/s00_ar_node/inst/inst_mi_handler/gen_normal_area.inst_fifo_node_payld/gen_xpm_memory_fifo.inst_fifo/gen_mem_rep[0].inst_xpm_memory/xpm_memory_base_inst with a P_MEMORY_PRIMITIVE property set to distributed. A value of block is required. You will not be able to use the updatemem program to update the bitstream with new data for the system_i/AC_8_channel_0/adda/axi_smc/inst/s00_nodes/s00_ar_node/inst/inst_mi_handler/gen_normal_area.inst_fifo_node_payld/gen_xpm_memory_fifo.inst_fifo/gen_mem_rep[0].inst_xpm_memory/xpm_memory_base_inst block.
INFO: [Memdata 28-167] Found XPM memory block system_i/AC_8_channel_0/adda/axi_smc/inst/m00_nodes/m00_w_node/inst/inst_si_handler/gen_si_handler.gen_request_fifos.gen_req_fifo[1].inst_req_fifo/gen_xpm_memory_fifo.inst_fifo/gen_mem_rep[0].inst_xpm_memory/xpm_memory_base_inst with a P_MEMORY_PRIMITIVE property set to distributed. A value of block is required. You will not be able to use the updatemem program to update the bitstream with new data for the system_i/AC_8_channel_0/adda/axi_smc/inst/m00_nodes/m00_w_node/inst/inst_si_handler/gen_si_handler.gen_request_fifos.gen_req_fifo[1].inst_req_fifo/gen_xpm_memory_fifo.inst_fifo/gen_mem_rep[0].inst_xpm_memory/xpm_memory_base_inst block.
INFO: [Memdata 28-167] Found XPM memory block system_i/AC_8_channel_0/adda/axi_smc/inst/m00_nodes/m00_w_node/inst/inst_mi_handler/gen_normal_area.inst_fifo_node_payld/gen_xpm_memory_fifo.inst_fifo/gen_mem_rep[0].inst_xpm_memory/xpm_memory_base_inst with a P_MEMORY_PRIMITIVE property set to distributed. A value of block is required. You will not be able to use the updatemem program to update the bitstream with new data for the system_i/AC_8_channel_0/adda/axi_smc/inst/m00_nodes/m00_w_node/inst/inst_mi_handler/gen_normal_area.inst_fifo_node_payld/gen_xpm_memory_fifo.inst_fifo/gen_mem_rep[0].inst_xpm_memory/xpm_memory_base_inst block.
INFO: [Memdata 28-167] Found XPM memory block system_i/AC_8_channel_0/adda/axi_smc/inst/m00_nodes/m00_r_node/inst/inst_mi_handler/gen_normal_area.inst_fifo_node_payld/gen_xpm_memory_fifo.inst_fifo/gen_mem_rep[0].inst_xpm_memory/xpm_memory_base_inst with a P_MEMORY_PRIMITIVE property set to distributed. A value of block is required. You will not be able to use the updatemem program to update the bitstream with new data for the system_i/AC_8_channel_0/adda/axi_smc/inst/m00_nodes/m00_r_node/inst/inst_mi_handler/gen_normal_area.inst_fifo_node_payld/gen_xpm_memory_fifo.inst_fifo/gen_mem_rep[0].inst_xpm_memory/xpm_memory_base_inst block.
INFO: [Memdata 28-167] Found XPM memory block system_i/AC_8_channel_0/adda/axi_smc/inst/m00_nodes/m00_r_node/inst/inst_mi_handler/gen_normal_area.gen_fifo_req.inst_fifo_req/gen_xpm_memory_fifo.inst_fifo/gen_mem_rep[0].inst_xpm_memory/xpm_memory_base_inst with a P_MEMORY_PRIMITIVE property set to distributed. A value of block is required. You will not be able to use the updatemem program to update the bitstream with new data for the system_i/AC_8_channel_0/adda/axi_smc/inst/m00_nodes/m00_r_node/inst/inst_mi_handler/gen_normal_area.gen_fifo_req.inst_fifo_req/gen_xpm_memory_fifo.inst_fifo/gen_mem_rep[0].inst_xpm_memory/xpm_memory_base_inst block.
INFO: [Memdata 28-167] Found XPM memory block system_i/AC_8_channel_0/adda/axi_smc/inst/m00_nodes/m00_b_node/inst/inst_mi_handler/gen_normal_area.inst_fifo_node_payld/gen_xpm_memory_fifo.inst_fifo/gen_mem_rep[0].inst_xpm_memory/xpm_memory_base_inst with a P_MEMORY_PRIMITIVE property set to distributed. A value of block is required. You will not be able to use the updatemem program to update the bitstream with new data for the system_i/AC_8_channel_0/adda/axi_smc/inst/m00_nodes/m00_b_node/inst/inst_mi_handler/gen_normal_area.inst_fifo_node_payld/gen_xpm_memory_fifo.inst_fifo/gen_mem_rep[0].inst_xpm_memory/xpm_memory_base_inst block.
INFO: [Memdata 28-167] Found XPM memory block system_i/AC_8_channel_0/adda/axi_smc/inst/m00_nodes/m00_b_node/inst/inst_mi_handler/gen_normal_area.gen_fifo_req.inst_fifo_req/gen_xpm_memory_fifo.inst_fifo/gen_mem_rep[0].inst_xpm_memory/xpm_memory_base_inst with a P_MEMORY_PRIMITIVE property set to distributed. A value of block is required. You will not be able to use the updatemem program to update the bitstream with new data for the system_i/AC_8_channel_0/adda/axi_smc/inst/m00_nodes/m00_b_node/inst/inst_mi_handler/gen_normal_area.gen_fifo_req.inst_fifo_req/gen_xpm_memory_fifo.inst_fifo/gen_mem_rep[0].inst_xpm_memory/xpm_memory_base_inst block.
INFO: [Memdata 28-167] Found XPM memory block system_i/AC_8_channel_0/adda/axi_smc/inst/m00_nodes/m00_aw_node/inst/inst_mi_handler/gen_normal_area.inst_fifo_node_payld/gen_xpm_memory_fifo.inst_fifo/gen_mem_rep[0].inst_xpm_memory/xpm_memory_base_inst with a P_MEMORY_PRIMITIVE property set to distributed. A value of block is required. You will not be able to use the updatemem program to update the bitstream with new data for the system_i/AC_8_channel_0/adda/axi_smc/inst/m00_nodes/m00_aw_node/inst/inst_mi_handler/gen_normal_area.inst_fifo_node_payld/gen_xpm_memory_fifo.inst_fifo/gen_mem_rep[0].inst_xpm_memory/xpm_memory_base_inst block.
INFO: [Memdata 28-167] Found XPM memory block system_i/AC_8_channel_0/adda/axi_smc/inst/m00_nodes/m00_ar_node/inst/inst_mi_handler/gen_normal_area.inst_fifo_node_payld/gen_xpm_memory_fifo.inst_fifo/gen_mem_rep[0].inst_xpm_memory/xpm_memory_base_inst with a P_MEMORY_PRIMITIVE property set to distributed. A value of block is required. You will not be able to use the updatemem program to update the bitstream with new data for the system_i/AC_8_channel_0/adda/axi_smc/inst/m00_nodes/m00_ar_node/inst/inst_mi_handler/gen_normal_area.inst_fifo_node_payld/gen_xpm_memory_fifo.inst_fifo/gen_mem_rep[0].inst_xpm_memory/xpm_memory_base_inst block.
INFO: [Memdata 28-167] Found XPM memory block system_i/AC_8_channel_0/adda/axi_dma_0/U0/I_PRMRY_DATAMOVER/GEN_S2MM_FULL.I_S2MM_FULL_WRAPPER/GEN_INCLUDE_REALIGNER.I_S2MM_REALIGNER/GEN_INCLUDE_SCATTER.I_S2MM_SCATTER/I_TSTRB_FIFO/USE_SYNC_FIFO.I_SYNC_FIFO/NON_BLK_MEM.I_SYNC_FIFOGEN_FIFO/xpm_fifo_instance.xpm_fifo_sync_inst/xpm_fifo_base_inst/gen_sdpram.xpm_memory_base_inst with a P_MEMORY_PRIMITIVE property set to auto. A value of block is required. You will not be able to use the updatemem program to update the bitstream with new data for the system_i/AC_8_channel_0/adda/axi_dma_0/U0/I_PRMRY_DATAMOVER/GEN_S2MM_FULL.I_S2MM_FULL_WRAPPER/GEN_INCLUDE_REALIGNER.I_S2MM_REALIGNER/GEN_INCLUDE_SCATTER.I_S2MM_SCATTER/I_TSTRB_FIFO/USE_SYNC_FIFO.I_SYNC_FIFO/NON_BLK_MEM.I_SYNC_FIFOGEN_FIFO/xpm_fifo_instance.xpm_fifo_sync_inst/xpm_fifo_base_inst/gen_sdpram.xpm_memory_base_inst block.
INFO: [Memdata 28-167] Found XPM memory block system_i/AC_8_channel_0/adda/axi_dma_0/U0/I_PRMRY_DATAMOVER/GEN_S2MM_FULL.I_S2MM_FULL_WRAPPER/GEN_ENABLE_INDET_BTT_SF.I_INDET_BTT/I_XD_FIFO/NON_BLK_MEM.I_SYNC_FIFOGEN_FIFO/xpm_fifo_instance.xpm_fifo_sync_inst/xpm_fifo_base_inst/gen_sdpram.xpm_memory_base_inst with a P_MEMORY_PRIMITIVE property set to auto. A value of block is required. You will not be able to use the updatemem program to update the bitstream with new data for the system_i/AC_8_channel_0/adda/axi_dma_0/U0/I_PRMRY_DATAMOVER/GEN_S2MM_FULL.I_S2MM_FULL_WRAPPER/GEN_ENABLE_INDET_BTT_SF.I_INDET_BTT/I_XD_FIFO/NON_BLK_MEM.I_SYNC_FIFOGEN_FIFO/xpm_fifo_instance.xpm_fifo_sync_inst/xpm_fifo_base_inst/gen_sdpram.xpm_memory_base_inst block.
INFO: [Memdata 28-208] The XPM instance: <system_i/AC_8_channel_0/adda/axi_dma_0/U0/I_PRMRY_DATAMOVER/GEN_S2MM_FULL.I_S2MM_FULL_WRAPPER/GEN_ENABLE_INDET_BTT_SF.I_INDET_BTT/I_DATA_FIFO/BLK_MEM.I_SYNC_FIFOGEN_FIFO/xpm_fifo_instance.xpm_fifo_sync_inst/xpm_fifo_base_inst/gen_sdpram.xpm_memory_base_inst> is part of IP: <system_i/AC_8_channel_0/adda/axi_dma_0>. This XPM instance will be excluded from the .mmi because updatemem is prohibited from making changes to an XPM that is part of an IP.
INFO: [Memdata 28-208] The XPM instance: <system_i/AC_8_channel_0/adda/axi_dma_0/U0/I_PRMRY_DATAMOVER/GEN_MM2S_FULL.I_MM2S_FULL_WRAPPER/GEN_INCLUDE_MM2S_SF.I_RD_SF/I_DATA_FIFO/BLK_MEM.I_SYNC_FIFOGEN_FIFO/xpm_fifo_instance.xpm_fifo_sync_inst/xpm_fifo_base_inst/gen_sdpram.xpm_memory_base_inst> is part of IP: <system_i/AC_8_channel_0/adda/axi_dma_0>. This XPM instance will be excluded from the .mmi because updatemem is prohibited from making changes to an XPM that is part of an IP.
Command: write_bitstream -force system_wrapper.bit
Attempting to get a license for feature 'Implementation' and/or device 'xc7z020'
INFO: [Common 17-349] Got license for feature 'Implementation' and/or device 'xc7z020'
Running DRC as a precondition to command write_bitstream
INFO: [IP_Flow 19-1839] IP Catalog is up to date.
INFO: [DRC 23-27] Running DRC with 2 threads
WARNING: [DRC BUFC-1] Input Buffer Connections: Input buffer rgb_data_tri_iobuf_0/IBUF has no loads. It is recommended to have an input buffer drive an internal load.
WARNING: [DRC BUFC-1] Input Buffer Connections: Input buffer rgb_data_tri_iobuf_1/IBUF has no loads. It is recommended to have an input buffer drive an internal load.
WARNING: [DRC BUFC-1] Input Buffer Connections: Input buffer rgb_data_tri_iobuf_10/IBUF has no loads. It is recommended to have an input buffer drive an internal load.
WARNING: [DRC BUFC-1] Input Buffer Connections: Input buffer rgb_data_tri_iobuf_11/IBUF has no loads. It is recommended to have an input buffer drive an internal load.
WARNING: [DRC BUFC-1] Input Buffer Connections: Input buffer rgb_data_tri_iobuf_12/IBUF has no loads. It is recommended to have an input buffer drive an internal load.
WARNING: [DRC BUFC-1] Input Buffer Connections: Input buffer rgb_data_tri_iobuf_13/IBUF has no loads. It is recommended to have an input buffer drive an internal load.
WARNING: [DRC BUFC-1] Input Buffer Connections: Input buffer rgb_data_tri_iobuf_14/IBUF has no loads. It is recommended to have an input buffer drive an internal load.
WARNING: [DRC BUFC-1] Input Buffer Connections: Input buffer rgb_data_tri_iobuf_15/IBUF has no loads. It is recommended to have an input buffer drive an internal load.
WARNING: [DRC BUFC-1] Input Buffer Connections: Input buffer rgb_data_tri_iobuf_16/IBUF has no loads. It is recommended to have an input buffer drive an internal load.
WARNING: [DRC BUFC-1] Input Buffer Connections: Input buffer rgb_data_tri_iobuf_17/IBUF has no loads. It is recommended to have an input buffer drive an internal load.
WARNING: [DRC BUFC-1] Input Buffer Connections: Input buffer rgb_data_tri_iobuf_18/IBUF has no loads. It is recommended to have an input buffer drive an internal load.
WARNING: [DRC BUFC-1] Input Buffer Connections: Input buffer rgb_data_tri_iobuf_2/IBUF has no loads. It is recommended to have an input buffer drive an internal load.
WARNING: [DRC BUFC-1] Input Buffer Connections: Input buffer rgb_data_tri_iobuf_3/IBUF has no loads. It is recommended to have an input buffer drive an internal load.
WARNING: [DRC BUFC-1] Input Buffer Connections: Input buffer rgb_data_tri_iobuf_4/IBUF has no loads. It is recommended to have an input buffer drive an internal load.
WARNING: [DRC BUFC-1] Input Buffer Connections: Input buffer rgb_data_tri_iobuf_5/IBUF has no loads. It is recommended to have an input buffer drive an internal load.
WARNING: [DRC BUFC-1] Input Buffer Connections: Input buffer rgb_data_tri_iobuf_6/IBUF has no loads. It is recommended to have an input buffer drive an internal load.
WARNING: [DRC BUFC-1] Input Buffer Connections: Input buffer rgb_data_tri_iobuf_7/IBUF has no loads. It is recommended to have an input buffer drive an internal load.
WARNING: [DRC BUFC-1] Input Buffer Connections: Input buffer rgb_data_tri_iobuf_8/IBUF has no loads. It is recommended to have an input buffer drive an internal load.
WARNING: [DRC BUFC-1] Input Buffer Connections: Input buffer rgb_data_tri_iobuf_9/IBUF has no loads. It is recommended to have an input buffer drive an internal load.
WARNING: [DRC DPIP-1] Input pipelining: DSP system_i/AC_8_channel_0/stimer_onoff_pa_rw_A_0/inst/soft_timer_inst/timer_inst/day_sec input system_i/AC_8_channel_0/stimer_onoff_pa_rw_A_0/inst/soft_timer_inst/timer_inst/day_sec/B[17:0] is not pipelined. Pipelining DSP48 input will improve performance.
WARNING: [DRC DPIP-1] Input pipelining: DSP system_i/AC_8_channel_0/stimer_onoff_pa_rw_A_0/inst/soft_timer_inst/timer_inst/day_sec1 input system_i/AC_8_channel_0/stimer_onoff_pa_rw_A_0/inst/soft_timer_inst/timer_inst/day_sec1/A[29:0] is not pipelined. Pipelining DSP48 input will improve performance.
WARNING: [DRC DPOP-1] PREG Output pipelining: DSP system_i/AC_8_channel_0/stimer_onoff_pa_rw_A_0/inst/soft_timer_inst/timer_inst/day_sec output system_i/AC_8_channel_0/stimer_onoff_pa_rw_A_0/inst/soft_timer_inst/timer_inst/day_sec/P[47:0] is not pipelined (PREG=0). Pipelining the DSP48 output will improve performance and often saves power so it is suggested whenever possible to fully pipeline this function.  If this DSP48 function was inferred, it is suggested to describe an additional register stage after this function.  If the DSP48 was instantiated in the design, it is suggested to set the PREG attribute to 1.
WARNING: [DRC DPOP-2] MREG Output pipelining: DSP system_i/AC_8_channel_0/stimer_onoff_pa_rw_A_0/inst/soft_timer_inst/timer_inst/day_sec multiplier stage system_i/AC_8_channel_0/stimer_onoff_pa_rw_A_0/inst/soft_timer_inst/timer_inst/day_sec/P[47:0] is not pipelined (MREG=0). Pipelining the multiplier function will improve performance and will save significant power so it is suggested whenever possible to fully pipeline this function.  If this multiplier was inferred, it is suggested to describe an additional register stage after this function.  If there is no registered adder/accumulator following the multiply function, two pipeline stages are suggested to allow both the MREG and PREG registers to be used.  If the DSP48 was instantiated in the design, it is suggested to set both the MREG and PREG attributes to 1 when performing multiply functions.
WARNING: [DRC PDRC-153] Gated clock check: Net system_i/AC_8_channel_0/stimer_onoff_pa_rw_A_0/inst/rd_serial_inst/load_n_reg_1 is a gated clock net sourced by a combinational pin system_i/AC_8_channel_0/stimer_onoff_pa_rw_A_0/inst/rd_serial_inst/rdserial_sclk_INST_0/O, cell system_i/AC_8_channel_0/stimer_onoff_pa_rw_A_0/inst/rd_serial_inst/rdserial_sclk_INST_0. This is not good design practice and will likely impact performance. For SLICE registers, for example, use the CE pin to control the loading of data.
WARNING: [DRC PLHOLDVIO-2] Non-Optimal connections which could lead to hold violations: A LUT system_i/AC_8_channel_0/stimer_onoff_pa_rw_A_0/inst/rd_serial_inst/rdserial_sclk_INST_0 is driving clock pin of 8 cells. This could lead to large hold time violations. Involved cells are:
system_i/AC_8_channel_0/stimer_onoff_pa_rw_A_0/inst/rd_serial_inst/datain_reg_reg[0], system_i/AC_8_channel_0/stimer_onoff_pa_rw_A_0/inst/rd_serial_inst/datain_reg_reg[1], system_i/AC_8_channel_0/stimer_onoff_pa_rw_A_0/inst/rd_serial_inst/datain_reg_reg[2], system_i/AC_8_channel_0/stimer_onoff_pa_rw_A_0/inst/rd_serial_inst/datain_reg_reg[3], system_i/AC_8_channel_0/stimer_onoff_pa_rw_A_0/inst/rd_serial_inst/datain_reg_reg[4], system_i/AC_8_channel_0/stimer_onoff_pa_rw_A_0/inst/rd_serial_inst/datain_reg_reg[5], system_i/AC_8_channel_0/stimer_onoff_pa_rw_A_0/inst/rd_serial_inst/datain_reg_reg[6], and system_i/AC_8_channel_0/stimer_onoff_pa_rw_A_0/inst/rd_serial_inst/datain_reg_reg[7]
WARNING: [DRC REQP-1839] RAMB36 async control check: The RAMB36E1 system_i/lcd/axi_vdma_0/U0/I_PRMRY_DATAMOVER/GEN_MM2S_FULL.I_MM2S_FULL_WRAPPER/GEN_INCLUDE_MM2S_SF.I_RD_SF/I_DATA_FIFO/BLK_MEM.I_SYNC_FIFOGEN_FIFO/xpm_fifo_instance.xpm_fifo_sync_inst/xpm_fifo_base_inst/gen_sdpram.xpm_memory_base_inst/gen_wr_a.gen_word_narrow.mem_reg_0 has an input control pin system_i/lcd/axi_vdma_0/U0/I_PRMRY_DATAMOVER/GEN_MM2S_FULL.I_MM2S_FULL_WRAPPER/GEN_INCLUDE_MM2S_SF.I_RD_SF/I_DATA_FIFO/BLK_MEM.I_SYNC_FIFOGEN_FIFO/xpm_fifo_instance.xpm_fifo_sync_inst/xpm_fifo_base_inst/gen_sdpram.xpm_memory_base_inst/gen_wr_a.gen_word_narrow.mem_reg_0/WEBWE[0] (net: system_i/lcd/axi_vdma_0/U0/I_PRMRY_DATAMOVER/GEN_MM2S_FULL.I_MM2S_FULL_WRAPPER/GEN_INCLUDE_MM2S_SF.I_RD_SF/I_DATA_FIFO/BLK_MEM.I_SYNC_FIFOGEN_FIFO/xpm_fifo_instance.xpm_fifo_sync_inst/xpm_fifo_base_inst/gen_sdpram.xpm_memory_base_inst/wea[0]) which is driven by a register (system_i/lcd/axi_mem_intercon/s00_couplers/auto_pc/inst/gen_axi4_axi3.axi3_conv_inst/USE_READ.USE_SPLIT_R.read_addr_inst/USE_R_CHANNEL.cmd_queue/inst/fifo_gen_inst/inst_fifo_gen/gconvfifo.rf/grf.rf/gntv_or_sync_fifo.gl0.rd/gr1.gr1_int.rfwft/empty_fwft_i_reg) that has an active asychronous set or reset. This may cause corruption of the memory contents and/or read values when the set/reset is asserted and is not analyzed by the default static timing analysis. It is suggested to eliminate the use of a set/reset to registers driving this RAMB pin or else use a synchronous reset in which the assertion of the reset is timed by default.
WARNING: [DRC REQP-1839] RAMB36 async control check: The RAMB36E1 system_i/lcd/axi_vdma_0/U0/I_PRMRY_DATAMOVER/GEN_MM2S_FULL.I_MM2S_FULL_WRAPPER/GEN_INCLUDE_MM2S_SF.I_RD_SF/I_DATA_FIFO/BLK_MEM.I_SYNC_FIFOGEN_FIFO/xpm_fifo_instance.xpm_fifo_sync_inst/xpm_fifo_base_inst/gen_sdpram.xpm_memory_base_inst/gen_wr_a.gen_word_narrow.mem_reg_0 has an input control pin system_i/lcd/axi_vdma_0/U0/I_PRMRY_DATAMOVER/GEN_MM2S_FULL.I_MM2S_FULL_WRAPPER/GEN_INCLUDE_MM2S_SF.I_RD_SF/I_DATA_FIFO/BLK_MEM.I_SYNC_FIFOGEN_FIFO/xpm_fifo_instance.xpm_fifo_sync_inst/xpm_fifo_base_inst/gen_sdpram.xpm_memory_base_inst/gen_wr_a.gen_word_narrow.mem_reg_0/WEBWE[1] (net: system_i/lcd/axi_vdma_0/U0/I_PRMRY_DATAMOVER/GEN_MM2S_FULL.I_MM2S_FULL_WRAPPER/GEN_INCLUDE_MM2S_SF.I_RD_SF/I_DATA_FIFO/BLK_MEM.I_SYNC_FIFOGEN_FIFO/xpm_fifo_instance.xpm_fifo_sync_inst/xpm_fifo_base_inst/gen_sdpram.xpm_memory_base_inst/wea[0]) which is driven by a register (system_i/lcd/axi_mem_intercon/s00_couplers/auto_pc/inst/gen_axi4_axi3.axi3_conv_inst/USE_READ.USE_SPLIT_R.read_addr_inst/USE_R_CHANNEL.cmd_queue/inst/fifo_gen_inst/inst_fifo_gen/gconvfifo.rf/grf.rf/gntv_or_sync_fifo.gl0.rd/gr1.gr1_int.rfwft/empty_fwft_i_reg) that has an active asychronous set or reset. This may cause corruption of the memory contents and/or read values when the set/reset is asserted and is not analyzed by the default static timing analysis. It is suggested to eliminate the use of a set/reset to registers driving this RAMB pin or else use a synchronous reset in which the assertion of the reset is timed by default.
WARNING: [DRC REQP-1839] RAMB36 async control check: The RAMB36E1 system_i/lcd/axi_vdma_0/U0/I_PRMRY_DATAMOVER/GEN_MM2S_FULL.I_MM2S_FULL_WRAPPER/GEN_INCLUDE_MM2S_SF.I_RD_SF/I_DATA_FIFO/BLK_MEM.I_SYNC_FIFOGEN_FIFO/xpm_fifo_instance.xpm_fifo_sync_inst/xpm_fifo_base_inst/gen_sdpram.xpm_memory_base_inst/gen_wr_a.gen_word_narrow.mem_reg_0 has an input control pin system_i/lcd/axi_vdma_0/U0/I_PRMRY_DATAMOVER/GEN_MM2S_FULL.I_MM2S_FULL_WRAPPER/GEN_INCLUDE_MM2S_SF.I_RD_SF/I_DATA_FIFO/BLK_MEM.I_SYNC_FIFOGEN_FIFO/xpm_fifo_instance.xpm_fifo_sync_inst/xpm_fifo_base_inst/gen_sdpram.xpm_memory_base_inst/gen_wr_a.gen_word_narrow.mem_reg_0/WEBWE[2] (net: system_i/lcd/axi_vdma_0/U0/I_PRMRY_DATAMOVER/GEN_MM2S_FULL.I_MM2S_FULL_WRAPPER/GEN_INCLUDE_MM2S_SF.I_RD_SF/I_DATA_FIFO/BLK_MEM.I_SYNC_FIFOGEN_FIFO/xpm_fifo_instance.xpm_fifo_sync_inst/xpm_fifo_base_inst/gen_sdpram.xpm_memory_base_inst/wea[0]) which is driven by a register (system_i/lcd/axi_mem_intercon/s00_couplers/auto_pc/inst/gen_axi4_axi3.axi3_conv_inst/USE_READ.USE_SPLIT_R.read_addr_inst/USE_R_CHANNEL.cmd_queue/inst/fifo_gen_inst/inst_fifo_gen/gconvfifo.rf/grf.rf/gntv_or_sync_fifo.gl0.rd/gr1.gr1_int.rfwft/empty_fwft_i_reg) that has an active asychronous set or reset. This may cause corruption of the memory contents and/or read values when the set/reset is asserted and is not analyzed by the default static timing analysis. It is suggested to eliminate the use of a set/reset to registers driving this RAMB pin or else use a synchronous reset in which the assertion of the reset is timed by default.
WARNING: [DRC REQP-1839] RAMB36 async control check: The RAMB36E1 system_i/lcd/axi_vdma_0/U0/I_PRMRY_DATAMOVER/GEN_MM2S_FULL.I_MM2S_FULL_WRAPPER/GEN_INCLUDE_MM2S_SF.I_RD_SF/I_DATA_FIFO/BLK_MEM.I_SYNC_FIFOGEN_FIFO/xpm_fifo_instance.xpm_fifo_sync_inst/xpm_fifo_base_inst/gen_sdpram.xpm_memory_base_inst/gen_wr_a.gen_word_narrow.mem_reg_0 has an input control pin system_i/lcd/axi_vdma_0/U0/I_PRMRY_DATAMOVER/GEN_MM2S_FULL.I_MM2S_FULL_WRAPPER/GEN_INCLUDE_MM2S_SF.I_RD_SF/I_DATA_FIFO/BLK_MEM.I_SYNC_FIFOGEN_FIFO/xpm_fifo_instance.xpm_fifo_sync_inst/xpm_fifo_base_inst/gen_sdpram.xpm_memory_base_inst/gen_wr_a.gen_word_narrow.mem_reg_0/WEBWE[3] (net: system_i/lcd/axi_vdma_0/U0/I_PRMRY_DATAMOVER/GEN_MM2S_FULL.I_MM2S_FULL_WRAPPER/GEN_INCLUDE_MM2S_SF.I_RD_SF/I_DATA_FIFO/BLK_MEM.I_SYNC_FIFOGEN_FIFO/xpm_fifo_instance.xpm_fifo_sync_inst/xpm_fifo_base_inst/gen_sdpram.xpm_memory_base_inst/wea[0]) which is driven by a register (system_i/lcd/axi_mem_intercon/s00_couplers/auto_pc/inst/gen_axi4_axi3.axi3_conv_inst/USE_READ.USE_SPLIT_R.read_addr_inst/USE_R_CHANNEL.cmd_queue/inst/fifo_gen_inst/inst_fifo_gen/gconvfifo.rf/grf.rf/gntv_or_sync_fifo.gl0.rd/gr1.gr1_int.rfwft/empty_fwft_i_reg) that has an active asychronous set or reset. This may cause corruption of the memory contents and/or read values when the set/reset is asserted and is not analyzed by the default static timing analysis. It is suggested to eliminate the use of a set/reset to registers driving this RAMB pin or else use a synchronous reset in which the assertion of the reset is timed by default.
WARNING: [DRC REQP-1839] RAMB36 async control check: The RAMB36E1 system_i/lcd/axi_vdma_0/U0/I_PRMRY_DATAMOVER/GEN_MM2S_FULL.I_MM2S_FULL_WRAPPER/GEN_INCLUDE_MM2S_SF.I_RD_SF/I_DATA_FIFO/BLK_MEM.I_SYNC_FIFOGEN_FIFO/xpm_fifo_instance.xpm_fifo_sync_inst/xpm_fifo_base_inst/gen_sdpram.xpm_memory_base_inst/gen_wr_a.gen_word_narrow.mem_reg_0 has an input control pin system_i/lcd/axi_vdma_0/U0/I_PRMRY_DATAMOVER/GEN_MM2S_FULL.I_MM2S_FULL_WRAPPER/GEN_INCLUDE_MM2S_SF.I_RD_SF/I_DATA_FIFO/BLK_MEM.I_SYNC_FIFOGEN_FIFO/xpm_fifo_instance.xpm_fifo_sync_inst/xpm_fifo_base_inst/gen_sdpram.xpm_memory_base_inst/gen_wr_a.gen_word_narrow.mem_reg_0/WEBWE[4] (net: system_i/lcd/axi_vdma_0/U0/I_PRMRY_DATAMOVER/GEN_MM2S_FULL.I_MM2S_FULL_WRAPPER/GEN_INCLUDE_MM2S_SF.I_RD_SF/I_DATA_FIFO/BLK_MEM.I_SYNC_FIFOGEN_FIFO/xpm_fifo_instance.xpm_fifo_sync_inst/xpm_fifo_base_inst/gen_sdpram.xpm_memory_base_inst/wea[0]) which is driven by a register (system_i/lcd/axi_mem_intercon/s00_couplers/auto_pc/inst/gen_axi4_axi3.axi3_conv_inst/USE_READ.USE_SPLIT_R.read_addr_inst/USE_R_CHANNEL.cmd_queue/inst/fifo_gen_inst/inst_fifo_gen/gconvfifo.rf/grf.rf/gntv_or_sync_fifo.gl0.rd/gr1.gr1_int.rfwft/empty_fwft_i_reg) that has an active asychronous set or reset. This may cause corruption of the memory contents and/or read values when the set/reset is asserted and is not analyzed by the default static timing analysis. It is suggested to eliminate the use of a set/reset to registers driving this RAMB pin or else use a synchronous reset in which the assertion of the reset is timed by default.
WARNING: [DRC REQP-1839] RAMB36 async control check: The RAMB36E1 system_i/lcd/axi_vdma_0/U0/I_PRMRY_DATAMOVER/GEN_MM2S_FULL.I_MM2S_FULL_WRAPPER/GEN_INCLUDE_MM2S_SF.I_RD_SF/I_DATA_FIFO/BLK_MEM.I_SYNC_FIFOGEN_FIFO/xpm_fifo_instance.xpm_fifo_sync_inst/xpm_fifo_base_inst/gen_sdpram.xpm_memory_base_inst/gen_wr_a.gen_word_narrow.mem_reg_0 has an input control pin system_i/lcd/axi_vdma_0/U0/I_PRMRY_DATAMOVER/GEN_MM2S_FULL.I_MM2S_FULL_WRAPPER/GEN_INCLUDE_MM2S_SF.I_RD_SF/I_DATA_FIFO/BLK_MEM.I_SYNC_FIFOGEN_FIFO/xpm_fifo_instance.xpm_fifo_sync_inst/xpm_fifo_base_inst/gen_sdpram.xpm_memory_base_inst/gen_wr_a.gen_word_narrow.mem_reg_0/WEBWE[5] (net: system_i/lcd/axi_vdma_0/U0/I_PRMRY_DATAMOVER/GEN_MM2S_FULL.I_MM2S_FULL_WRAPPER/GEN_INCLUDE_MM2S_SF.I_RD_SF/I_DATA_FIFO/BLK_MEM.I_SYNC_FIFOGEN_FIFO/xpm_fifo_instance.xpm_fifo_sync_inst/xpm_fifo_base_inst/gen_sdpram.xpm_memory_base_inst/wea[0]) which is driven by a register (system_i/lcd/axi_mem_intercon/s00_couplers/auto_pc/inst/gen_axi4_axi3.axi3_conv_inst/USE_READ.USE_SPLIT_R.read_addr_inst/USE_R_CHANNEL.cmd_queue/inst/fifo_gen_inst/inst_fifo_gen/gconvfifo.rf/grf.rf/gntv_or_sync_fifo.gl0.rd/gr1.gr1_int.rfwft/empty_fwft_i_reg) that has an active asychronous set or reset. This may cause corruption of the memory contents and/or read values when the set/reset is asserted and is not analyzed by the default static timing analysis. It is suggested to eliminate the use of a set/reset to registers driving this RAMB pin or else use a synchronous reset in which the assertion of the reset is timed by default.
WARNING: [DRC REQP-1839] RAMB36 async control check: The RAMB36E1 system_i/lcd/axi_vdma_0/U0/I_PRMRY_DATAMOVER/GEN_MM2S_FULL.I_MM2S_FULL_WRAPPER/GEN_INCLUDE_MM2S_SF.I_RD_SF/I_DATA_FIFO/BLK_MEM.I_SYNC_FIFOGEN_FIFO/xpm_fifo_instance.xpm_fifo_sync_inst/xpm_fifo_base_inst/gen_sdpram.xpm_memory_base_inst/gen_wr_a.gen_word_narrow.mem_reg_0 has an input control pin system_i/lcd/axi_vdma_0/U0/I_PRMRY_DATAMOVER/GEN_MM2S_FULL.I_MM2S_FULL_WRAPPER/GEN_INCLUDE_MM2S_SF.I_RD_SF/I_DATA_FIFO/BLK_MEM.I_SYNC_FIFOGEN_FIFO/xpm_fifo_instance.xpm_fifo_sync_inst/xpm_fifo_base_inst/gen_sdpram.xpm_memory_base_inst/gen_wr_a.gen_word_narrow.mem_reg_0/WEBWE[6] (net: system_i/lcd/axi_vdma_0/U0/I_PRMRY_DATAMOVER/GEN_MM2S_FULL.I_MM2S_FULL_WRAPPER/GEN_INCLUDE_MM2S_SF.I_RD_SF/I_DATA_FIFO/BLK_MEM.I_SYNC_FIFOGEN_FIFO/xpm_fifo_instance.xpm_fifo_sync_inst/xpm_fifo_base_inst/gen_sdpram.xpm_memory_base_inst/wea[0]) which is driven by a register (system_i/lcd/axi_mem_intercon/s00_couplers/auto_pc/inst/gen_axi4_axi3.axi3_conv_inst/USE_READ.USE_SPLIT_R.read_addr_inst/USE_R_CHANNEL.cmd_queue/inst/fifo_gen_inst/inst_fifo_gen/gconvfifo.rf/grf.rf/gntv_or_sync_fifo.gl0.rd/gr1.gr1_int.rfwft/empty_fwft_i_reg) that has an active asychronous set or reset. This may cause corruption of the memory contents and/or read values when the set/reset is asserted and is not analyzed by the default static timing analysis. It is suggested to eliminate the use of a set/reset to registers driving this RAMB pin or else use a synchronous reset in which the assertion of the reset is timed by default.
WARNING: [DRC REQP-1839] RAMB36 async control check: The RAMB36E1 system_i/lcd/axi_vdma_0/U0/I_PRMRY_DATAMOVER/GEN_MM2S_FULL.I_MM2S_FULL_WRAPPER/GEN_INCLUDE_MM2S_SF.I_RD_SF/I_DATA_FIFO/BLK_MEM.I_SYNC_FIFOGEN_FIFO/xpm_fifo_instance.xpm_fifo_sync_inst/xpm_fifo_base_inst/gen_sdpram.xpm_memory_base_inst/gen_wr_a.gen_word_narrow.mem_reg_0 has an input control pin system_i/lcd/axi_vdma_0/U0/I_PRMRY_DATAMOVER/GEN_MM2S_FULL.I_MM2S_FULL_WRAPPER/GEN_INCLUDE_MM2S_SF.I_RD_SF/I_DATA_FIFO/BLK_MEM.I_SYNC_FIFOGEN_FIFO/xpm_fifo_instance.xpm_fifo_sync_inst/xpm_fifo_base_inst/gen_sdpram.xpm_memory_base_inst/gen_wr_a.gen_word_narrow.mem_reg_0/WEBWE[7] (net: system_i/lcd/axi_vdma_0/U0/I_PRMRY_DATAMOVER/GEN_MM2S_FULL.I_MM2S_FULL_WRAPPER/GEN_INCLUDE_MM2S_SF.I_RD_SF/I_DATA_FIFO/BLK_MEM.I_SYNC_FIFOGEN_FIFO/xpm_fifo_instance.xpm_fifo_sync_inst/xpm_fifo_base_inst/gen_sdpram.xpm_memory_base_inst/wea[0]) which is driven by a register (system_i/lcd/axi_mem_intercon/s00_couplers/auto_pc/inst/gen_axi4_axi3.axi3_conv_inst/USE_READ.USE_SPLIT_R.read_addr_inst/USE_R_CHANNEL.cmd_queue/inst/fifo_gen_inst/inst_fifo_gen/gconvfifo.rf/grf.rf/gntv_or_sync_fifo.gl0.rd/gr1.gr1_int.rfwft/empty_fwft_i_reg) that has an active asychronous set or reset. This may cause corruption of the memory contents and/or read values when the set/reset is asserted and is not analyzed by the default static timing analysis. It is suggested to eliminate the use of a set/reset to registers driving this RAMB pin or else use a synchronous reset in which the assertion of the reset is timed by default.
WARNING: [DRC REQP-1840] RAMB18 async control check: The RAMB18E1 system_i/lcd/axi_vdma_0/U0/I_PRMRY_DATAMOVER/GEN_MM2S_FULL.I_MM2S_FULL_WRAPPER/GEN_INCLUDE_MM2S_SF.I_RD_SF/I_DATA_FIFO/BLK_MEM.I_SYNC_FIFOGEN_FIFO/xpm_fifo_instance.xpm_fifo_sync_inst/xpm_fifo_base_inst/gen_sdpram.xpm_memory_base_inst/gen_wr_a.gen_word_narrow.mem_reg_1 has an input control pin system_i/lcd/axi_vdma_0/U0/I_PRMRY_DATAMOVER/GEN_MM2S_FULL.I_MM2S_FULL_WRAPPER/GEN_INCLUDE_MM2S_SF.I_RD_SF/I_DATA_FIFO/BLK_MEM.I_SYNC_FIFOGEN_FIFO/xpm_fifo_instance.xpm_fifo_sync_inst/xpm_fifo_base_inst/gen_sdpram.xpm_memory_base_inst/gen_wr_a.gen_word_narrow.mem_reg_1/ENBWREN (net: system_i/lcd/axi_vdma_0/U0/I_PRMRY_DATAMOVER/GEN_MM2S_FULL.I_MM2S_FULL_WRAPPER/GEN_INCLUDE_MM2S_SF.I_RD_SF/I_DATA_FIFO/BLK_MEM.I_SYNC_FIFOGEN_FIFO/xpm_fifo_instance.xpm_fifo_sync_inst/xpm_fifo_base_inst/gen_sdpram.xpm_memory_base_inst/wea[0]) which is driven by a register (system_i/lcd/axi_mem_intercon/s00_couplers/auto_pc/inst/gen_axi4_axi3.axi3_conv_inst/USE_READ.USE_SPLIT_R.read_addr_inst/USE_R_CHANNEL.cmd_queue/inst/fifo_gen_inst/inst_fifo_gen/gconvfifo.rf/grf.rf/gntv_or_sync_fifo.gl0.rd/gr1.gr1_int.rfwft/empty_fwft_i_reg) that has an active asychronous set or reset. This may cause corruption of the memory contents and/or read values when the set/reset is asserted and is not analyzed by the default static timing analysis. It is suggested to eliminate the use of a set/reset to registers driving this RAMB pin or else use a synchronous reset in which the assertion of the reset is timed by default.
WARNING: [DRC REQP-1840] RAMB18 async control check: The RAMB18E1 system_i/lcd/axi_vdma_0/U0/I_PRMRY_DATAMOVER/GEN_MM2S_FULL.I_MM2S_FULL_WRAPPER/GEN_INCLUDE_MM2S_SF.I_RD_SF/I_DATA_FIFO/BLK_MEM.I_SYNC_FIFOGEN_FIFO/xpm_fifo_instance.xpm_fifo_sync_inst/xpm_fifo_base_inst/gen_sdpram.xpm_memory_base_inst/gen_wr_a.gen_word_narrow.mem_reg_1 has an input control pin system_i/lcd/axi_vdma_0/U0/I_PRMRY_DATAMOVER/GEN_MM2S_FULL.I_MM2S_FULL_WRAPPER/GEN_INCLUDE_MM2S_SF.I_RD_SF/I_DATA_FIFO/BLK_MEM.I_SYNC_FIFOGEN_FIFO/xpm_fifo_instance.xpm_fifo_sync_inst/xpm_fifo_base_inst/gen_sdpram.xpm_memory_base_inst/gen_wr_a.gen_word_narrow.mem_reg_1/WEBWE[0] (net: system_i/lcd/axi_vdma_0/U0/I_PRMRY_DATAMOVER/GEN_MM2S_FULL.I_MM2S_FULL_WRAPPER/GEN_INCLUDE_MM2S_SF.I_RD_SF/I_DATA_FIFO/BLK_MEM.I_SYNC_FIFOGEN_FIFO/xpm_fifo_instance.xpm_fifo_sync_inst/xpm_fifo_base_inst/gen_sdpram.xpm_memory_base_inst/wea[0]) which is driven by a register (system_i/lcd/axi_mem_intercon/s00_couplers/auto_pc/inst/gen_axi4_axi3.axi3_conv_inst/USE_READ.USE_SPLIT_R.read_addr_inst/USE_R_CHANNEL.cmd_queue/inst/fifo_gen_inst/inst_fifo_gen/gconvfifo.rf/grf.rf/gntv_or_sync_fifo.gl0.rd/gr1.gr1_int.rfwft/empty_fwft_i_reg) that has an active asychronous set or reset. This may cause corruption of the memory contents and/or read values when the set/reset is asserted and is not analyzed by the default static timing analysis. It is suggested to eliminate the use of a set/reset to registers driving this RAMB pin or else use a synchronous reset in which the assertion of the reset is timed by default.
WARNING: [DRC REQP-1840] RAMB18 async control check: The RAMB18E1 system_i/lcd/axi_vdma_0/U0/I_PRMRY_DATAMOVER/GEN_MM2S_FULL.I_MM2S_FULL_WRAPPER/GEN_INCLUDE_MM2S_SF.I_RD_SF/I_DATA_FIFO/BLK_MEM.I_SYNC_FIFOGEN_FIFO/xpm_fifo_instance.xpm_fifo_sync_inst/xpm_fifo_base_inst/gen_sdpram.xpm_memory_base_inst/gen_wr_a.gen_word_narrow.mem_reg_1 has an input control pin system_i/lcd/axi_vdma_0/U0/I_PRMRY_DATAMOVER/GEN_MM2S_FULL.I_MM2S_FULL_WRAPPER/GEN_INCLUDE_MM2S_SF.I_RD_SF/I_DATA_FIFO/BLK_MEM.I_SYNC_FIFOGEN_FIFO/xpm_fifo_instance.xpm_fifo_sync_inst/xpm_fifo_base_inst/gen_sdpram.xpm_memory_base_inst/gen_wr_a.gen_word_narrow.mem_reg_1/WEBWE[1] (net: system_i/lcd/axi_vdma_0/U0/I_PRMRY_DATAMOVER/GEN_MM2S_FULL.I_MM2S_FULL_WRAPPER/GEN_INCLUDE_MM2S_SF.I_RD_SF/I_DATA_FIFO/BLK_MEM.I_SYNC_FIFOGEN_FIFO/xpm_fifo_instance.xpm_fifo_sync_inst/xpm_fifo_base_inst/gen_sdpram.xpm_memory_base_inst/wea[0]) which is driven by a register (system_i/lcd/axi_mem_intercon/s00_couplers/auto_pc/inst/gen_axi4_axi3.axi3_conv_inst/USE_READ.USE_SPLIT_R.read_addr_inst/USE_R_CHANNEL.cmd_queue/inst/fifo_gen_inst/inst_fifo_gen/gconvfifo.rf/grf.rf/gntv_or_sync_fifo.gl0.rd/gr1.gr1_int.rfwft/empty_fwft_i_reg) that has an active asychronous set or reset. This may cause corruption of the memory contents and/or read values when the set/reset is asserted and is not analyzed by the default static timing analysis. It is suggested to eliminate the use of a set/reset to registers driving this RAMB pin or else use a synchronous reset in which the assertion of the reset is timed by default.
WARNING: [DRC REQP-1840] RAMB18 async control check: The RAMB18E1 system_i/lcd/axi_vdma_0/U0/I_PRMRY_DATAMOVER/GEN_MM2S_FULL.I_MM2S_FULL_WRAPPER/GEN_INCLUDE_MM2S_SF.I_RD_SF/I_DATA_FIFO/BLK_MEM.I_SYNC_FIFOGEN_FIFO/xpm_fifo_instance.xpm_fifo_sync_inst/xpm_fifo_base_inst/gen_sdpram.xpm_memory_base_inst/gen_wr_a.gen_word_narrow.mem_reg_1 has an input control pin system_i/lcd/axi_vdma_0/U0/I_PRMRY_DATAMOVER/GEN_MM2S_FULL.I_MM2S_FULL_WRAPPER/GEN_INCLUDE_MM2S_SF.I_RD_SF/I_DATA_FIFO/BLK_MEM.I_SYNC_FIFOGEN_FIFO/xpm_fifo_instance.xpm_fifo_sync_inst/xpm_fifo_base_inst/gen_sdpram.xpm_memory_base_inst/gen_wr_a.gen_word_narrow.mem_reg_1/WEBWE[2] (net: system_i/lcd/axi_vdma_0/U0/I_PRMRY_DATAMOVER/GEN_MM2S_FULL.I_MM2S_FULL_WRAPPER/GEN_INCLUDE_MM2S_SF.I_RD_SF/I_DATA_FIFO/BLK_MEM.I_SYNC_FIFOGEN_FIFO/xpm_fifo_instance.xpm_fifo_sync_inst/xpm_fifo_base_inst/gen_sdpram.xpm_memory_base_inst/wea[0]) which is driven by a register (system_i/lcd/axi_mem_intercon/s00_couplers/auto_pc/inst/gen_axi4_axi3.axi3_conv_inst/USE_READ.USE_SPLIT_R.read_addr_inst/USE_R_CHANNEL.cmd_queue/inst/fifo_gen_inst/inst_fifo_gen/gconvfifo.rf/grf.rf/gntv_or_sync_fifo.gl0.rd/gr1.gr1_int.rfwft/empty_fwft_i_reg) that has an active asychronous set or reset. This may cause corruption of the memory contents and/or read values when the set/reset is asserted and is not analyzed by the default static timing analysis. It is suggested to eliminate the use of a set/reset to registers driving this RAMB pin or else use a synchronous reset in which the assertion of the reset is timed by default.
WARNING: [DRC RTSTAT-10] No routable loads: 36 net(s) have no routable loads. The problem bus(es) and/or net(s) are system_i/lcd/axi_mem_intercon/s00_couplers/auto_pc/inst/gen_axi4_axi3.axi3_conv_inst/USE_READ.USE_SPLIT_R.read_addr_inst/USE_R_CHANNEL.cmd_queue/inst/fifo_gen_inst/inst_fifo_gen/gconvfifo.rf/grf.rf/gntv_or_sync_fifo.gl0.rd/gr1.gr1_int.rfwft/aempty_fwft_i, dbg_hub/inst/BSCANID.u_xsdbm_id/CORE_XSDB.UUT_MASTER/U_ICON_INTERFACE/U_CMD6_RD/U_RD_FIFO/SUBCORE_FIFO.xsdbm_v3_0_0_rdfifo_inst/inst_fifo_gen/gconvfifo.rf/grf.rf/gntv_or_sync_fifo.gl0.rd/gr1.gr1_int.rfwft/aempty_fwft_i, dbg_hub/inst/BSCANID.u_xsdbm_id/CORE_XSDB.UUT_MASTER/U_ICON_INTERFACE/U_CMD7_CTL/ctl_reg[2:0], dbg_hub/inst/BSCANID.u_xsdbm_id/CORE_XSDB.UUT_MASTER/U_ICON_INTERFACE/U_CMD7_CTL/ctl_reg_en_2[1], dbg_hub/inst/BSCANID.u_xsdbm_id/CORE_XSDB.UUT_MASTER/U_ICON_INTERFACE/U_CMD1/ctl_reg_en_2[1], dbg_hub/inst/BSCANID.u_xsdbm_id/SWITCH_N_EXT_BSCAN.bscan_switch/m_bscan_capture[0], dbg_hub/inst/BSCANID.u_xsdbm_id/SWITCH_N_EXT_BSCAN.bscan_switch/m_bscan_drck[0], dbg_hub/inst/BSCANID.u_xsdbm_id/SWITCH_N_EXT_BSCAN.bscan_switch/m_bscan_runtest[0], dbg_hub/inst/BSCANID.u_xsdbm_id/CORE_XSDB.UUT_MASTER/U_ICON_INTERFACE/U_CMD6_WR/U_WR_FIFO/SUBCORE_FIFO.xsdbm_v3_0_0_wrfifo_inst/inst_fifo_gen/gconvfifo.rf/grf.rf/gntv_or_sync_fifo.gl0.wr/gwhf.whf/overflow, dbg_hub/inst/BSCANID.u_xsdbm_id/CORE_XSDB.UUT_MASTER/U_ICON_INTERFACE/U_CMD6_RD/U_RD_FIFO/SUBCORE_FIFO.xsdbm_v3_0_0_rdfifo_inst/inst_fifo_gen/gconvfifo.rf/grf.rf/gntv_or_sync_fifo.gl0.wr/gwhf.whf/overflow, system_i/lcd/axi_mem_intercon/s00_couplers/auto_pc/inst/gen_axi4_axi3.axi3_conv_inst/USE_READ.USE_SPLIT_R.read_addr_inst/USE_R_CHANNEL.cmd_queue/inst/fifo_gen_inst/inst_fifo_gen/gconvfifo.rf/grf.rf/gntv_or_sync_fifo.gl0.wr/gwss.wsts/ram_afull_fb, system_i/lcd/axi_mem_intercon/s00_couplers/auto_pc/inst/gen_axi4_axi3.axi3_conv_inst/USE_READ.USE_SPLIT_R.read_addr_inst/USE_R_CHANNEL.cmd_queue/inst/fifo_gen_inst/inst_fifo_gen/gconvfifo.rf/grf.rf/gntv_or_sync_fifo.gl0.wr/gwss.wsts/ram_afull_i, system_i/lcd/axi_mem_intercon/s00_couplers/auto_pc/inst/gen_axi4_axi3.axi3_conv_inst/USE_READ.USE_SPLIT_R.read_addr_inst/USE_R_CHANNEL.cmd_queue/inst/fifo_gen_inst/inst_fifo_gen/gconvfifo.rf/grf.rf/gntv_or_sync_fifo.gl0.rd/grss.rsts/ram_empty_i, dbg_hub/inst/BSCANID.u_xsdbm_id/CORE_XSDB.UUT_MASTER/U_ICON_INTERFACE/U_CMD6_RD/U_RD_FIFO/SUBCORE_FIFO.xsdbm_v3_0_0_rdfifo_inst/inst_fifo_gen/gconvfifo.rf/grf.rf/gntv_or_sync_fifo.gl0.rd/gras.rsts/ram_empty_i, dbg_hub/inst/BSCANID.u_xsdbm_id/CORE_XSDB.UUT_MASTER/U_ICON_INTERFACE/U_CMD6_WR/U_WR_FIFO/SUBCORE_FIFO.xsdbm_v3_0_0_wrfifo_inst/inst_fifo_gen/gconvfifo.rf/grf.rf/gntv_or_sync_fifo.gl0.wr/gwas.wsts/ram_full_i... and (the first 15 of 30 listed).
INFO: [DRC REQP-165] writefirst: Synchronous clocking is detected for BRAM (system_i/lcd/axi_vdma_0/U0/I_PRMRY_DATAMOVER/GEN_MM2S_FULL.I_MM2S_FULL_WRAPPER/GEN_INCLUDE_MM2S_SF.I_RD_SF/I_DATA_FIFO/BLK_MEM.I_SYNC_FIFOGEN_FIFO/xpm_fifo_instance.xpm_fifo_sync_inst/xpm_fifo_base_inst/gen_sdpram.xpm_memory_base_inst/gen_wr_a.gen_word_narrow.mem_reg_1) in SDP mode with WRITE_FIRST write-mode. This is the preferred mode for best power characteristics, however it may exhibit address collisions if the same address appears on both read and write ports resulting in unknown or corrupted read data. It is suggested to confirm via simulation that an address collision never occurs and if so it is suggested to try and avoid this situation. If address collisions cannot be avoided, the write-mode may be set to READ_FIRST which guarantees that the read data is the prior contents of the memory at the cost of additional power in the design. See the FPGA Memory Resources User Guide for additional information.
INFO: [DRC REQP-181] writefirst: Synchronous clocking is detected for BRAM (system_i/lcd/axi_vdma_0/U0/I_PRMRY_DATAMOVER/GEN_MM2S_FULL.I_MM2S_FULL_WRAPPER/GEN_INCLUDE_MM2S_SF.I_RD_SF/I_DATA_FIFO/BLK_MEM.I_SYNC_FIFOGEN_FIFO/xpm_fifo_instance.xpm_fifo_sync_inst/xpm_fifo_base_inst/gen_sdpram.xpm_memory_base_inst/gen_wr_a.gen_word_narrow.mem_reg_0) in SDP mode with WRITE_FIRST write-mode. This is the preferred mode for best power characteristics, however it may exhibit address collisions if the same address appears on both read and write ports resulting in unknown or corrupted read data. It is suggested to confirm via simulation that an address collision never occurs and if so it is suggested to try and avoid this situation. If address collisions cannot be avoided, the write-mode may be set to READ_FIRST which guarantees that the read data is the prior contents of the memory at the cost of additional power in the design. See the FPGA Memory Resources User Guide for additional information.
INFO: [Vivado 12-3199] DRC finished with 0 Errors, 38 Warnings, 2 Advisories
INFO: [Vivado 12-3200] Please refer to the DRC report (report_drc) for more information.
INFO: [Designutils 20-2272] Running write_bitstream with 2 threads.
Loading data files...
Loading site data...
Loading route data...
Processing options...
Creating bitmap...
Creating bitstream...
Writing bitstream ./system_wrapper.bit...
INFO: [Vivado 12-1842] Bitgen Completed Successfully.
INFO: [Project 1-120] WebTalk data collection is mandatory when using a WebPACK part without a full Vivado license. To see the specific WebTalk data collected for your design, open the usage_statistics_webtalk.html or usage_statistics_webtalk.xml file in the implementation directory.
INFO: [Common 17-83] Releasing license: Implementation
35 Infos, 38 Warnings, 0 Critical Warnings and 0 Errors encountered.
write_bitstream completed successfully
write_bitstream: Time (s): cpu = 00:00:38 ; elapsed = 00:00:27 . Memory (MB): peak = 3341.234 ; gain = 530.664
INFO: [Common 17-206] Exiting Vivado at Thu Jun  5 20:22:00 2025...
